dataset_checked,review_priority,dataset,semantic_column,canonical_aliases,original_column_names,variable_labels,first_wave_or_year,last_wave_or_year,wave_or_years,data_types,source_file_count_sum,merged_canonical_count,merge_method,review_status,decision_note
KLoSA,high,KLoSA,CID08,CID08 | CID10 | CID12 | CID14 | CID16 | CID18 | CID20 | CID22 | CID24,CID08 | CID10 | CID12 | CID14 | CID16 | CID18 | CID20 | CID22 | CID24,부부코드,2,10,"2,3,4,5,6,7,8,9,10",light | raw | structured,27,9,normalized_label,needs_review,
KLoSA,medium,KLoSA,W06CV013_01,W06CV013_01 | w__CV013_01,W06CV013_01 | w02CV013_01 | w03CV013_01 | w04CV013_01 | w05CV013_01 | w07CV013_01 | w08CV013_01 | w09CV013_01 | w10CV013_01,지난 조사 이후 이사 여부_1번째,2,10,"2,3,4,5,6,7,8,9,10",raw | raw | structured,11,2,normalized_label,needs_review,
KLoSA,medium,KLoSA,W06CV013_02,W06CV013_02 | w__CV013_02,W06CV013_02 | w02CV013_02 | w03CV013_02 | w04CV013_02 | w05CV013_02 | w07CV013_02 | w08CV013_02 | w09CV013_02 | w10CV013_02,지난 조사 이후 이사 여부_2번째,2,10,"2,3,4,5,6,7,8,9,10",raw | raw | structured,11,2,normalized_label,needs_review,
KLoSA,medium,KLoSA,W06CV014_01,W06CV014_01 | w__CV014_01,W06CV014_01 | w02CV014_01 | w03CV014_01 | w04CV014_01 | w05CV014_01 | w07CV014_01 | w08CV014_01 | w09CV014_01 | w10CV014_01,지난 조사 이후 이사 시기_1번째(단위: 년4자리+월2자리),2,10,"2,3,4,5,6,7,8,9,10",raw | raw | structured,11,2,normalized_label,needs_review,
KLoSA,medium,KLoSA,W06CV014_01m,W06CV014_01m | w__CV014_01m,W06CV014_01m | w02CV014_01m | w03CV014_01m | w04CV014_01m | w05CV014_01m | w07CV014_01m | w08CV014_01m | w09CV014_01m | w10CV014_01m,지난 조사 이후 이사 시기_1번째(단위: 월2자리),2,10,"2,3,4,5,6,7,8,9,10",raw | raw | structured,11,2,normalized_label,needs_review,
KLoSA,medium,KLoSA,W06CV014_01y,W06CV014_01y | w__CV014_01y,W06CV014_01y | w02CV014_01y | w03CV014_01y | w04CV014_01y | w05CV014_01y | w07CV014_01y | w08CV014_01y | w09CV014_01y | w10CV014_01y,지난 조사 이후 이사 시기_1번째(단위: 년4자리),2,10,"2,3,4,5,6,7,8,9,10",raw | raw | structured,11,2,normalized_label,needs_review,
KLoSA,high,KLoSA,W06CV014_02,W06CV014_02 | w__CV014_02,W06CV014_02 | w02CV014_02 | w03CV014_02 | w05CV014_02 | w07CV014_02 | w08CV014_02 | w10CV014_02,지난 조사 이후 이사 시기_2번째 | 지난 조사 이후 이사 시기_2번째(단위: 년4자리+월2자리) | 지난 조사 이후 이사 시기_2번째(단위: 년4자리+월2자리),2,10,"2,3,5,6,7,8,10",raw | raw | structured,8,2,normalized_label,needs_review,
KLoSA,high,KLoSA,W06CV014_02m,W06CV014_02m | W07CV014_02m | w__CV014_02m,W06CV014_02m | W07CV014_02m | w02CV014_02m | w03CV014_02m | w05CV014_02m | w08CV014_02m | w10CV014_02m,지난 조사 이후 이사 시기_2번째(단위: 월2자리),2,10,"2,3,5,6,7,8,10",raw | raw | structured,8,3,normalized_label,needs_review,
KLoSA,high,KLoSA,W06CV014_02y,W06CV014_02y | W07CV014_02y | w__CV014_02y,W06CV014_02y | W07CV014_02y | w02CV014_02y | w03CV014_02y | w05CV014_02y | w08CV014_02y | w10CV014_02y,지난 조사 이후 이사 시기_2번째(단위: 년4자리),2,10,"2,3,5,6,7,8,10",raw | raw | structured,8,3,normalized_label,needs_review,
KLoSA,medium,KLoSA,W06CV015_01,W06CV015_01 | w__CV015_01,W06CV015_01 | w02CV015_01 | w03CV015_01 | w04CV015_01 | w05CV015_01 | w07CV015_01 | w08CV015_01 | w09CV015_01 | w10CV015_01,지난 조사 이후 이사 이유_1번째 이사,2,10,"2,3,4,5,6,7,8,9,10",raw | raw | structured,11,2,normalized_label,needs_review,
KLoSA,high,KLoSA,W06CV015_02,W06CV015_02 | w__CV015_02,W06CV015_02 | w02CV015_02 | w03CV015_02 | w05CV015_02 | w07CV015_02 | w08CV015_02 | w10CV015_02,지난 조사 이후 이사 이유_2번째 | 지난 조사 이후 이사 이유_2번째 이사 | 지난 조사 이후 이사 이유_2번째 이사,2,10,"2,3,5,6,7,8,10",raw | raw | structured,8,2,normalized_label,needs_review,
KLoSA,medium,KLoSA,cid,CID06 | cid,CID06 | cid,부부 아이디 | 부부아이디,1,5,"1,5",light | raw | structured | raw,4,2,normalized_label,needs_review,
KLoSA,medium,KLoSA,hhid,hhid,hhid,가구 아이디 | 가구아이디,1,10,"1,2,3,4,5,6,7,8,9,10",light | raw | structured,31,1,normalized_label,needs_review,
KLoSA,high,KLoSA,lately_response02,lately_response02 | lately_response03 | lately_response04 | lately_response05 | lately_response06 | lately_response07 | lately_response08 | lately_response09 | lately_response10,lately_response02 | lately_response03 | lately_response04 | lately_response05 | lately_response06 | lately_response07 | lately_response08 | lately_response09 | lately_response10,가장 최근 응답 차수(당해제외),2,10,"2,3,4,5,6,7,8,9,10",structured,9,9,normalized_label,needs_review,
KLoSA,high,KLoSA,n_of_newjob02,n_of_newjob02 | n_of_newjob03 | n_of_newjob04 | n_of_newjob05 | n_of_newjob06 | n_of_newjob07 | n_of_newjob08 | n_of_newjob09 | n_of_newjob10,n_of_newjob02 | n_of_newjob03 | n_of_newjob04 | n_of_newjob05 | n_of_newjob06 | n_of_newjob07 | n_of_newjob08 | n_of_newjob09 | n_of_newjob10,지난조사 이후 현재 일자리 이전의 사이 일자리 수,2,10,"2,3,4,5,6,7,8,9,10",structured,9,9,normalized_label,needs_review,
KLoSA,high,KLoSA,pid,pid,pid,id | 개인 아이디 | 개인아이디 | 아이디,1,10,"1,2,3,4,5,6,7,8,9,10",light | raw | structured,31,1,normalized_label,needs_review,
KLoSA,medium,KLoSA,rw01bb141_08,rw01bb141_08 | w__Bb195_08w5,rw01bb141_08 | w05Bb195_08w5,8번째 기타가족으로부터 받은 정기적인 금전적 지원의 개월수,1,5,"1,5",raw | structured,2,2,normalized_label,needs_review,
KLoSA,high,KLoSA,rw01bb148_03m05,rw01bb148_03m05 | w__Bb202_03m06w5 | w__bb148_03m06a,rw01bb148_03m05 | w05Bb202_03m06w5 | w06Bb202_03m06w5 | w07Bb202_03m06w5 | w08Bb202_03m06w5 | w09Bb202_03m06w5 | w10Bb202_03m06w5 | w05bb148_03m06a | w06bb148_03m06a | w07bb148_03m06a | w08bb148_03m06a | w09bb148_03m06a | w10bb148_03m06a,3번째 기타가족으로부터 받은 비금전적 수령의 종류_(6)의류 및 신발,1,10,"1,5,6,7,8,9,10",raw | structured,14,3,normalized_label,needs_review,
KLoSA,high,KLoSA,rw01bb148_06m05,rw01bb148_06m05 | w__Bb202_06m06w5 | w__bb148_06m06a,rw01bb148_06m05 | w05Bb202_06m06w5 | w06Bb202_06m06w5 | w07Bb202_06m06w5 | w08Bb202_06m06w5 | w09Bb202_06m06w5 | w10Bb202_06m06w5 | w05bb148_06m06a | w06bb148_06m06a | w07bb148_06m06a | w08bb148_06m06a | w09bb148_06m06a | w10bb148_06m06a,6번째 기타가족으로부터 받은 비금전적 수령의 종류_(6)의류 및 신발,1,10,"1,5,6,7,8,9,10",raw | structured,14,3,normalized_label,needs_review,
KLoSA,medium,KLoSA,w__A001m,w__A001m | w__A002m,w01A001m | w05A001m | w01A002m | w02A002m | w03A002m | w04A002m | w05A002m | w06A002m | w07A002m | w08A002m | w09A002m | w10A002m,응답자의 출생월(단위: 월2자리),1,10,"1,2,3,4,5,6,7,8,9,10",light | raw | structured | raw,31,2,normalized_label,needs_review,
KLoSA,medium,KLoSA,w__A001y,w__A001y | w__A002y,w01A001y | w05A001y | w01A002y | w02A002y | w03A002y | w04A002y | w05A002y | w06A002y | w07A002y | w08A002y | w09A002y | w10A002y,응답자의 출생년도(단위: 년4자리),1,10,"1,2,3,4,5,6,7,8,9,10",light | raw | structured | raw,31,2,normalized_label,needs_review,
KLoSA,high,KLoSA,w__A008,w__A008 | w__A020,w01A008 | w02A008 | w03A008 | w04A008 | w05A008 | w06A008 | w07A008 | w08A008 | w09A008 | w10A008 | w01A020 | w02A020 | w03A020 | w04A020 | w05A020 | w06A020 | w07A020 | w08A020 | w09A020 | w10A020,배우자의 출생년도(단위: 년4자리) | 배우자의 출생년월(단위: 년4자리+월2자리) | 배우자의 출생년월(단위: 년4자리+월2자리) | 지난 기본조사 이후 추가 정규학력 취득여부,1,10,"1,2,3,4,5,6,7,8,9,10",raw | structured,38,2,normalized_label,needs_review,
KLoSA,high,KLoSA,w__A009,w__A009 | w__A022,w01A009 | w02A009 | w03A009 | w04A009 | w05A009 | w06A009 | w07A009 | w08A009 | w09A009 | w10A009 | w01A022 | w02A022 | w03A022 | w04A022 | w05A022 | w06A022 | w07A022 | w08A022 | w09A022 | w10A022,배우자 출생연도 | 배우자의 학력(학교) | 추가 취득정규학력(학교) | 배우자의 학력(학교),1,10,"1,2,3,4,5,6,7,8,9,10",raw | structured,39,2,normalized_label,needs_review,
KLoSA,high,KLoSA,w__A011,w__A011 | w__A024,w01A011 | w02A011 | w03A011 | w04A011 | w05A011 | w06A011 | w07A011 | w08A011 | w09A011 | w10A011 | w01A024 | w02A024 | w03A024 | w04A024 | w05A024 | w06A024 | w07A024 | w08A024 | w09A024 | w10A024,배우자의 학력(이수여부) | 배우자의 학력(이수여부) | 지난 기본조사 당시 응답자의 혼인상태 재확인,1,10,"1,2,3,4,5,6,7,8,9,10",raw | structured,38,2,normalized_label,needs_review,
KLoSA,high,KLoSA,w__A012,w__A012 | w__A028 | w__ecoact_s,w01A012 | w02A012 | w03A012 | w04A012 | w05A012 | w06A012 | w07A012 | w08A012 | w09A012 | w10A012 | w01A028 | w02A028 | w03A028 | w04A028 | w05A028 | w06A028 | w07A028 | w08A028 | w09A028 | w10A028 | w01ecoact_s | w02ecoact_s | w03ecoact_s | w04ecoact_s | w05ecoact_s | w06ecoact_s | w07ecoact_s | w08ecoact_s | w09ecoact_s | w10ecoact_s,배우자 졸업 여부 | 배우자의 고용상태 | 지난 기본조사 당시 응답자의 혼인상태 | 배우자의 고용상태,1,10,"1,2,3,4,5,6,7,8,9,10",light | structured | raw | structured,60,3,normalized_label,needs_review,
KLoSA,high,KLoSA,w__A015,w__A015 | w__A031,w01A015 | w05A015 | w04A031 | w07A031 | w10A031,기타종교 | 기타종교 | 응답자 종교,1,10,"1,4,5,7,10",raw,5,2,normalized_label,needs_review,
KLoSA,high,KLoSA,w__A016,w__A016 | w__A017 | w__A032,w01A016 | w02A016 | w03A016 | w04A016 | w05A016 | w06A016 | w07A016 | w08A016 | w09A016 | w10A016 | w01A032 | w02A032 | w03A032 | w04A032 | w05A032 | w06A032 | w07A032 | w08A032 | w09A032 | w10A032 | w02A017 | w03A017 | w04A017 | w05A017 | w06A017 | w07A017 | w08A017 | w09A017 | w10A017,지난 기본조사 당시 배우자의 성명과 일치여부 | 지난 당시 배우자의 성명과 일치여부 | 친한 사람들과 만나는 횟수 | 친한 사람들과 만나는 횟수 | 친한 사람들과 만나는 횟수 | 현 배우자의 지난 기본 조사 당시 패널대상자 여부 | 현 배우자의 지난 조사 당시 패널대상자 여부,1,10,"1,2,3,4,5,6,7,8,9,10",light | raw | structured | raw | structured,67,3,normalized_label,needs_review,
KLoSA,high,KLoSA,w__A017m01,w__A017m01 | w__A018m01 | w__A033m01,w01A017m01 | w01A033m01 | w02A033m01 | w03A033m01 | w04A033m01 | w05A033m01 | w06A033m01 | w07A033m01 | w08A033m01 | w09A033m01 | w10A033m01 | w05A018m01,참여하고 있는 모임(단체)_①종교모임,1,10,"1,2,3,4,5,6,7,8,9,10",raw | raw | structured,21,3,normalized_label,needs_review,
KLoSA,high,KLoSA,w__A017m02,w__A017m02 | w__A018m02 | w__A033m02,w01A017m02 | w01A033m02 | w02A033m02 | w03A033m02 | w04A033m02 | w05A033m02 | w06A033m02 | w07A033m02 | w08A033m02 | w09A033m02 | w10A033m02 | w05A018m02,"참여하고 있는 모임(단체)_②친목모임(계모임, 노인정 등)",1,10,"1,2,3,4,5,6,7,8,9,10",raw | raw | structured,21,3,normalized_label,needs_review,
KLoSA,high,KLoSA,w__A017m03,w__A017m03 | w__A018m03 | w__A033m03,w01A017m03 | w01A033m03 | w02A033m03 | w03A033m03 | w04A033m03 | w05A033m03 | w06A033m03 | w07A033m03 | w08A033m03 | w09A033m03 | w10A033m03 | w05A018m03,참여하고 있는 모임(단체)_③여가/문화/스포츠 관련단체(노인대학 등),1,10,"1,2,3,4,5,6,7,8,9,10",raw | raw | structured,21,3,normalized_label,needs_review,
KLoSA,high,KLoSA,w__A017m04,w__A017m04 | w__A018m04 | w__A033m04,w01A017m04 | w01A033m04 | w02A033m04 | w03A033m04 | w04A033m04 | w05A033m04 | w06A033m04 | w07A033m04 | w08A033m04 | w09A033m04 | w10A033m04 | w05A018m04,참여하고 있는 모임(단체)_④동창회/향우회/종친회,1,10,"1,2,3,4,5,6,7,8,9,10",raw | raw | structured,21,3,normalized_label,needs_review,
KLoSA,high,KLoSA,w__A017m05,w__A017m05 | w__A018m05 | w__A033m05,w01A017m05 | w01A033m05 | w02A033m05 | w03A033m05 | w04A033m05 | w05A033m05 | w06A033m05 | w07A033m05 | w08A033m05 | w09A033m05 | w10A033m05 | w05A018m05,참여하고 있는 모임(단체)_⑤자원봉사,1,10,"1,2,3,4,5,6,7,8,9,10",raw | raw | structured,21,3,normalized_label,needs_review,
KLoSA,high,KLoSA,w__A017m06,w__A017m06 | w__A018m06 | w__A033m06,w01A017m06 | w01A033m06 | w02A033m06 | w03A033m06 | w04A033m06 | w05A033m06 | w06A033m06 | w07A033m06 | w08A033m06 | w09A033m06 | w10A033m06 | w05A018m06,참여하고 있는 모임(단체)_⑥정당/시민단체/이익단체,1,10,"1,2,3,4,5,6,7,8,9,10",raw | raw | structured,21,3,normalized_label,needs_review,
KLoSA,high,KLoSA,w__A017m07,w__A017m07 | w__A018m07 | w__A033m07,w01A017m07 | w01A033m07 | w02A033m07 | w03A033m07 | w04A033m07 | w05A033m07 | w06A033m07 | w07A033m07 | w08A033m07 | w09A033m07 | w10A033m07 | w05A018m07,참여하고 있는 모임(단체)_⑦기타,1,10,"1,2,3,4,5,6,7,8,9,10",raw | raw | structured,21,3,normalized_label,needs_review,
KLoSA,high,KLoSA,w__A017m08,w__A017m08 | w__A018m08 | w__A033m08,w01A017m08 | w01A033m08 | w02A033m08 | w03A033m08 | w04A033m08 | w05A033m08 | w06A033m08 | w07A033m08 | w08A033m08 | w09A033m08 | w10A033m08 | w05A018m08,참여하고 있는 모임(단체)_⑧없음,1,10,"1,2,3,4,5,6,7,8,9,10",raw | raw | structured,21,3,normalized_label,needs_review,
KLoSA,medium,KLoSA,w__A018,w__A018 | w__A034,w01A018 | w04A034 | w07A034 | w10A034,기타 참여 모임(단체),1,10,"1,4,7,10",raw,4,2,normalized_label,needs_review,
KLoSA,high,KLoSA,w__A020_1,w__A019_01 | w__A020_1 | w__A035_01,w01A019_01 | w01A035_01 | w02A035_01 | w03A035_01 | w04A035_01 | w05A035_01 | w06A035_01 | w07A035_01 | w08A035_01 | w09A035_01 | w10A035_01 | w05A020_1,모임(단체)의 참여횟수_①종교모임,1,10,"1,2,3,4,5,6,7,8,9,10",light | raw | structured | raw,31,3,normalized_label,needs_review,
KLoSA,high,KLoSA,w__A020_2,w__A019_02 | w__A020_2 | w__A035_02,w01A019_02 | w01A035_02 | w02A035_02 | w03A035_02 | w04A035_02 | w05A035_02 | w06A035_02 | w07A035_02 | w08A035_02 | w09A035_02 | w10A035_02 | w05A020_2,"모임(단체)의 참여횟수_②친목모임(계모임, 노인정 등)",1,10,"1,2,3,4,5,6,7,8,9,10",light | raw | structured | raw,31,3,normalized_label,needs_review,
KLoSA,high,KLoSA,w__A020_3,w__A019_03 | w__A020_3 | w__A035_03,w01A019_03 | w01A035_03 | w02A035_03 | w03A035_03 | w04A035_03 | w05A035_03 | w06A035_03 | w07A035_03 | w08A035_03 | w09A035_03 | w10A035_03 | w05A020_3,모임(단체)의 참여횟수_③여가/문화/스포츠 관련단체(노인대학 등),1,10,"1,2,3,4,5,6,7,8,9,10",light | raw | structured | raw,31,3,normalized_label,needs_review,
KLoSA,high,KLoSA,w__A020_4,w__A019_04 | w__A020_4 | w__A035_04,w01A019_04 | w01A035_04 | w02A035_04 | w03A035_04 | w04A035_04 | w05A035_04 | w06A035_04 | w07A035_04 | w08A035_04 | w09A035_04 | w10A035_04 | w05A020_4,모임(단체)의 참여횟수_④동창회/향우회/종친회,1,10,"1,2,3,4,5,6,7,8,9,10",light | raw | structured | raw,31,3,normalized_label,needs_review,
KLoSA,high,KLoSA,w__A020_5,w__A019_05 | w__A020_5 | w__A035_05,w01A019_05 | w01A035_05 | w02A035_05 | w03A035_05 | w04A035_05 | w05A035_05 | w06A035_05 | w07A035_05 | w08A035_05 | w09A035_05 | w10A035_05 | w05A020_5,모임(단체)의 참여횟수_⑤자원봉사,1,10,"1,2,3,4,5,6,7,8,9,10",light | raw | structured | raw,31,3,normalized_label,needs_review,
KLoSA,high,KLoSA,w__A020_6,w__A019_06 | w__A020_6 | w__A035_06,w01A019_06 | w01A035_06 | w02A035_06 | w03A035_06 | w04A035_06 | w05A035_06 | w06A035_06 | w07A035_06 | w08A035_06 | w09A035_06 | w10A035_06 | w05A020_6,모임(단체)의 참여횟수_⑥정당/시민단체/이익단체,1,10,"1,2,3,4,5,6,7,8,9,10",light | raw | structured | raw,31,3,normalized_label,needs_review,
KLoSA,high,KLoSA,w__A020_7,w__A019_07 | w__A020_7 | w__A035_07,w01A019_07 | w01A035_07 | w02A035_07 | w03A035_07 | w04A035_07 | w05A035_07 | w06A035_07 | w07A035_07 | w08A035_07 | w09A035_07 | w10A035_07 | w05A020_7,모임(단체)의 참여횟수_⑦기타,1,10,"1,2,3,4,5,6,7,8,9,10",light | raw | structured | raw,31,3,normalized_label,needs_review,
KLoSA,high,KLoSA,w__A021,w__A021 | w__A036 | w__A037 | w__A038,w02A021 | w03A021 | w04A021 | w05A021 | w06A021 | w07A021 | w08A021 | w09A021 | w10A021 | w02A036 | w03A036 | w04A036 | w05A036 | w06A036 | w07A036 | w08A036 | w09A036 | w10A036 | w02A037 | w03A037 | w04A037 | w06A037 | w07A037 | w08A037 | w09A037 | w10A037 | w06A038 | w07A038 | w08A038 | w09A038 | w10A038,"A 대리인관계 | A 대리인관계 | A 도움정도 | A영역 대리인 관계 | 도움받은 대리인(A영역) | A 도움정도 | A영역 도움정도 | 가구주 여부 | 도움받은 정도(A영역) | 가구주 여부 | 배우자의 학교(학력, 졸업상태) 재확인",2,10,"2,3,4,5,6,7,8,9,10",light | raw | structured | raw | structured,63,4,normalized_label,needs_review,
KLoSA,high,KLoSA,w__A021_1,w__A021_1 | w__A036_01 | w__A036_1,w04A036_01 | w05A021_1 | w05A036_1 | w06A036_1 | w07A036_1 | w08A036_1 | w09A036_1 | w10A036_1,가구주(응답자 기준 관계),4,10,"4,5,6,7,8,9,10",light | raw | structured | light | structured | raw,21,3,normalized_label,needs_review,
KLoSA,medium,KLoSA,w__Addic,w__Addic | w__addic,w01Addic | w02addic | w03addic | w04addic | w05addic | w06addic | w07addic | w08addic | w09addic | w10addic,음주태도,1,10,"1,2,3,4,5,6,7,8,9,10",light | structured,20,2,normalized_label,needs_review,
KLoSA,medium,KLoSA,w__Adl,w__Adl | w__adl,w01Adl | w02adl | w03adl | w04adl | w05adl | w06adl | w07adl | w08adl | w09adl | w10adl,ADL 지수화,1,10,"1,2,3,4,5,6,7,8,9,10",light | structured,20,2,normalized_label,needs_review,
KLoSA,medium,KLoSA,w__Agriculture,w__Agriculture | w__agriculture,w01Agriculture | w02agriculture | w03agriculture | w04agriculture | w05agriculture | w06agriculture | w07agriculture | w08agriculture | w09agriculture | w10agriculture,지난해 농어업소득,1,10,"1,2,3,4,5,6,7,8,9,10",light | structured,20,2,normalized_label,needs_review,
KLoSA,medium,KLoSA,w__Alc,w__Alc | w__alc,w01Alc | w02alc | w03alc | w04alc | w05alc | w06alc | w07alc | w08alc | w09alc | w10alc,음주자 구분,1,10,"1,2,3,4,5,6,7,8,9,10",light | structured,20,2,normalized_label,needs_review,
KLoSA,medium,KLoSA,w__Annuity,w__Annuity | w__annuity,w01Annuity | w02annuity | w03annuity | w04annuity | w05annuity | w06annuity | w07annuity | w08annuity | w09annuity | w10annuity,지난해 공적연금소득,1,10,"1,2,3,4,5,6,7,8,9,10",light | structured,20,2,normalized_label,needs_review,
KLoSA,medium,KLoSA,w__Assetinc,w__Assetinc | w__assetinc,w01Assetinc | w02assetinc | w03assetinc | w04assetinc | w05assetinc | w06assetinc | w07assetinc | w08assetinc | w09assetinc | w10assetinc,지난해 자산소득,1,10,"1,2,3,4,5,6,7,8,9,10",light | structured,20,2,normalized_label,needs_review,
KLoSA,high,KLoSA,w__B001,w__B001 | w__s_sum,w01B001 | w05B001 | w01s_sum | w02s_sum | w03s_sum | w04s_sum | w05s_sum | w06s_sum | w07s_sum | w08s_sum | w09s_sum | w10s_sum,생존 형제/자매 수(단위: 명) | 생존 형제/자매 수(단위: 명) | 생존 형제자매수,1,10,"1,2,3,4,5,6,7,8,9,10",light | structured | raw | structured,24,2,normalized_label,needs_review,
KLoSA,medium,KLoSA,w__B007,w__B007 | w__b007,w01B007 | w05b007,아버지 학력(학교),1,5,"1,5",raw | structured | structured,3,2,normalized_label,needs_review,
KLoSA,medium,KLoSA,w__B009,w__B009 | w__b009,w01B009 | w05b009,아버지 학력(이수여부),1,5,"1,5",raw | structured | structured,3,2,normalized_label,needs_review,
KLoSA,medium,KLoSA,w__B010,w__B010 | w__b010,w01B010 | w05b010,아버지 연령(단위: 세),1,5,"1,5",raw | structured | structured,3,2,normalized_label,needs_review,
KLoSA,medium,KLoSA,w__B015,w__B015 | w__b015,w01B015 | w05b015,아버지 사망 시 연령(5차 신규) | 아버지의 사망시 연령(단위: 세),1,5,"1,5",raw | structured | structured,3,2,normalized_name,needs_review,
KLoSA,medium,KLoSA,w__B017,w__B017 | w__b017,w01B017 | w05b017,어머니 학력(학교),1,5,"1,5",raw | structured | structured,3,2,normalized_label,needs_review,
KLoSA,medium,KLoSA,w__B019,w__B019 | w__b019,w01B019 | w05b019,어머니 학력(이수여부),1,5,"1,5",raw | structured | structured,3,2,normalized_label,needs_review,
KLoSA,medium,KLoSA,w__B021,w__B021 | w__b021,w01B021 | w05b021,어머니 연령(단위: 세),1,5,"1,5",raw | structured | structured,3,2,normalized_label,needs_review,
KLoSA,medium,KLoSA,w__B025,w__B025 | w__b025,w01B025 | w05b025,어머니 사망 시 연령(5차 신규) | 어머니의 사망시 연령(단위: 세),1,5,"1,5",raw | structured | structured,3,2,normalized_name,needs_review,
KLoSA,high,KLoSA,w__Ba005_02m,w__Ba005_02m | w__Ba005_03m,w02Ba005_02m | w07Ba005_02m | w08Ba005_02m | w09Ba005_02m | w10Ba005_02m | w07Ba005_03m | w09Ba005_03m | w10Ba005_03m,02번째 자녀 사망 시기 년월(단위: 월2자리) | 02번째 자녀 사망 시기 월(단위: 월2자리) | 02번째 자녀 사망 시기 년월(단위: 월2자리) | 03번째 자녀 사망 시기 년월(단위: 월2자리),2,10,"2,7,8,9,10",raw | structured,15,2,normalized_label,needs_review,
KLoSA,high,KLoSA,w__Ba005_02y,w__Ba005_02y | w__Ba005_03y,w02Ba005_02y | w07Ba005_02y | w08Ba005_02y | w09Ba005_02y | w10Ba005_02y | w07Ba005_03y | w09Ba005_03y | w10Ba005_03y,02번째 자녀 사망 시기 년(단위: 년4자리) | 02번째 자녀 사망 시기 년월(단위: 년4자리) | 02번째 자녀 사망 시기 년월(단위: 년4자리) | 03번째 자녀 사망 시기 년월(단위: 년4자리),2,10,"2,7,8,9,10",raw | structured,15,2,normalized_label,needs_review,
KLoSA,medium,KLoSA,w__Ba005a3,w__Ba005_03 | w__Ba005a3,w03Ba005_03 | w04Ba005_03 | w07Ba005_03 | w09Ba005_03 | w10Ba005_03 | w07Ba005a3,03번째 자녀 사망 시기 년월(단위: 년4자리+월2자리),3,10,"3,4,7,9,10",raw | structured | structured,10,2,normalized_label,needs_review,
KLoSA,medium,KLoSA,w__Ba005a4,w__Ba005_04 | w__Ba005a4,w03Ba005_04 | w07Ba005_04 | w10Ba005_04 | w07Ba005a4,04번째 자녀 사망 시기 년월(단위: 년4자리+월2자리),3,10,"3,7,10",raw | structured | structured,6,2,normalized_label,needs_review,
KLoSA,medium,KLoSA,w__Ba005a5,w__Ba005_05 | w__Ba005a5,w03Ba005_05 | w07Ba005_05 | w07Ba005a5,05번째 자녀 사망 시기 년월(단위: 년4자리+월2자리),3,7,"3,7",raw | structured,3,2,normalized_label,needs_review,
KLoSA,high,KLoSA,w__Ba014_02,w__Ba014_02 | w__Ba014_02w5 | w__ba014_02,w02ba014_02 | w03ba014_02 | w04ba014_02 | w05Ba014_02w5 | w06Ba014_02w5 | w07Ba014_02w5 | w08Ba014_02w5 | w09Ba014_02 | w10Ba014_02,2번째 자녀 작년 동거기간(월) | 2번째 자녀와 작년 동거 기간(개월수) | 2번째 자녀와 동거기간 | 2번째 자녀와 작년 동거 기간(개월수),2,10,"2,3,4,5,6,7,8,9,10",raw | structured | structured,16,3,normalized_label | normalized_name,needs_review,
KLoSA,high,KLoSA,w__Ba014_04,w__Ba014_04 | w__Ba014_04w5 | w__ba014_04,w02ba014_04 | w03ba014_04 | w04ba014_04 | w05Ba014_04w5 | w06Ba014_04w5 | w07Ba014_04w5 | w08Ba014_04w5 | w09Ba014_04 | w10Ba014_04,4번째 자녀 작년 동거기간(월) | 4번째 자녀와 작년 동거 기간(개월수) | 4번째 자녀와 동거기간 | 4번째 자녀와 작년 동거 기간(개월수),2,10,"2,3,4,5,6,7,8,9,10",raw | structured | structured,16,3,normalized_label | normalized_name,needs_review,
KLoSA,high,KLoSA,w__Ba014_06,w__Ba014_06 | w__Ba014_06w5 | w__ba014_06,w02ba014_06 | w03ba014_06 | w04ba014_06 | w05Ba014_06w5 | w06Ba014_06w5 | w07Ba014_06w5 | w08Ba014_06w5 | w09Ba014_06 | w10Ba014_06,6번째 자녀 작년 동거기간(월) | 6번째 자녀와 작년 동거 기간(개월수) | 6번째 자녀와 동거기간 | 6번째 자녀와 작년 동거 기간(개월수),2,10,"2,3,4,5,6,7,8,9,10",raw | structured | structured,16,3,normalized_label | normalized_name,needs_review,
KLoSA,medium,KLoSA,w__Ba015_01,w__Ba015_01,w01Ba015_01 | w02Ba015_01 | w03Ba015_01 | w04Ba015_01 | w05Ba015_01 | w06Ba015_01 | w07Ba015_01 | w08Ba015_01 | w09Ba015_01 | w10Ba015_01,1번째 자녀의 주택 소유여부 | 1번째 자녀의 주택소유여부,1,10,"1,2,3,4,5,6,7,8,9,10",raw | structured,21,1,normalized_label,needs_review,
KLoSA,medium,KLoSA,w__Ba015_02,w__Ba015_02,w01Ba015_02 | w02Ba015_02 | w03Ba015_02 | w04Ba015_02 | w05Ba015_02 | w06Ba015_02 | w07Ba015_02 | w08Ba015_02 | w09Ba015_02 | w10Ba015_02,2번째 자녀의 주택 소유여부 | 2번째 자녀의 주택소유여부,1,10,"1,2,3,4,5,6,7,8,9,10",raw | structured,21,1,normalized_label,needs_review,
KLoSA,medium,KLoSA,w__Ba015_03,w__Ba015_03,w01Ba015_03 | w02Ba015_03 | w03Ba015_03 | w04Ba015_03 | w05Ba015_03 | w06Ba015_03 | w07Ba015_03 | w08Ba015_03 | w09Ba015_03 | w10Ba015_03,3번째 자녀의 주택 소유여부 | 3번째 자녀의 주택소유여부,1,10,"1,2,3,4,5,6,7,8,9,10",raw | structured,21,1,normalized_label,needs_review,
KLoSA,medium,KLoSA,w__Ba015_04,w__Ba015_04,w01Ba015_04 | w02Ba015_04 | w03Ba015_04 | w04Ba015_04 | w05Ba015_04 | w06Ba015_04 | w07Ba015_04 | w08Ba015_04 | w09Ba015_04 | w10Ba015_04,4번째 자녀의 주택 소유여부 | 4번째 자녀의 주택소유여부,1,10,"1,2,3,4,5,6,7,8,9,10",raw | structured,21,1,normalized_label,needs_review,
KLoSA,medium,KLoSA,w__Ba015_05,w__Ba015_05,w01Ba015_05 | w02Ba015_05 | w03Ba015_05 | w04Ba015_05 | w05Ba015_05 | w06Ba015_05 | w07Ba015_05 | w08Ba015_05 | w09Ba015_05 | w10Ba015_05,5번째 자녀의 주택 소유여부 | 5번째 자녀의 주택소유여부,1,10,"1,2,3,4,5,6,7,8,9,10",raw | structured,21,1,normalized_label,needs_review,
KLoSA,medium,KLoSA,w__Ba015_06,w__Ba015_06,w01Ba015_06 | w02Ba015_06 | w03Ba015_06 | w04Ba015_06 | w05Ba015_06 | w06Ba015_06 | w07Ba015_06 | w08Ba015_06 | w09Ba015_06 | w10Ba015_06,6번째 자녀의 주택 소유여부 | 6번째 자녀의 주택소유여부,1,10,"1,2,3,4,5,6,7,8,9,10",raw | structured,21,1,normalized_label,needs_review,
KLoSA,medium,KLoSA,w__Ba015_07,w__Ba015_07,w01Ba015_07 | w02Ba015_07 | w03Ba015_07 | w04Ba015_07 | w05Ba015_07 | w06Ba015_07 | w07Ba015_07 | w08Ba015_07 | w09Ba015_07 | w10Ba015_07,7번째 자녀의 주택 소유여부 | 7번째 자녀의 주택소유여부,1,10,"1,2,3,4,5,6,7,8,9,10",raw | structured,21,1,normalized_label,needs_review,
KLoSA,medium,KLoSA,w__Ba015_08,w__Ba015_08,w01Ba015_08 | w02Ba015_08 | w03Ba015_08 | w04Ba015_08 | w05Ba015_08 | w06Ba015_08 | w07Ba015_08 | w08Ba015_08 | w09Ba015_08 | w10Ba015_08,8번째 자녀의 주택 소유여부 | 8번째 자녀의 주택소유여부,1,10,"1,2,3,4,5,6,7,8,9,10",raw | structured,21,1,normalized_label,needs_review,
KLoSA,medium,KLoSA,w__Ba015_09,w__Ba015_09,w01Ba015_09 | w02Ba015_09 | w03Ba015_09 | w04Ba015_09 | w05Ba015_09 | w06Ba015_09 | w07Ba015_09 | w08Ba015_09 | w09Ba015_09,9번째 자녀의 주택 소유여부 | 9번째 자녀의 주택소유여부,1,9,"1,2,3,4,5,6,7,8,9",raw | structured,19,1,normalized_label,needs_review,
KLoSA,high,KLoSA,w__Ba021_04,w__Ba021_04 | w__Ba021_04w5,w05Ba021_04w5 | w06Ba021_04w5 | w07Ba021_04w5 | w08Ba021_04w5 | w09Ba021_04w5 | w10Ba021_04w5 | w09Ba021_04,(비동거)4번째 자녀 (정기적 금전) 수령 여부 | (비동거)4번째 자녀 (정기적 금전) 수령 여부 | 4번째 자녀 (정기적 금전) 수령 여부,5,10,"5,6,7,8,9,10",raw | raw | structured,13,2,normalized_label,needs_review,
KLoSA,high,KLoSA,w__Ba021_09,w__Ba021_09 | w__Ba021_09w5,w05Ba021_09w5 | w06Ba021_09 | w07Ba021_09 | w08Ba021_09 | w09Ba021_09,(비동거)9번째 자녀 (정기적 금전) 수령 여부 | (비동거)9번째 자녀 (정기적 금전) 수령 여부 | 9번째 자녀 (정기적 금전) 수령 여부,5,9,"5,6,7,8,9",raw | structured,11,2,normalized_label,needs_review,
KLoSA,high,KLoSA,w__Ba021m06_01,w__Ba021m06_01 | w__Ba021m08_01 | w__ba021m06_01,w01Ba021m08_01 | w03ba021m06_01 | w04Ba021m06_01,(비동거)1번째 자녀로부터의 수령 여부_(-8)응답거절,1,4,"1,3,4",raw | structured,6,3,normalized_label,needs_review,
KLoSA,high,KLoSA,w__Ba021m07_01,w__Ba021m07_01 | w__Ba021m09_01 | w__ba021m07_01,w01Ba021m09_01 | w03ba021m07_01 | w04Ba021m07_01,(비동거)1번째 자녀로부터의 수령 여부_(-9)모르겠음,1,4,"1,3,4",raw | structured,6,3,normalized_label,needs_review,
KLoSA,medium,KLoSA,w__Ba036_01,w__Ba035m_etc_01 | w__Ba036_01,w01Ba036_01 | w04Ba036_01 | w08Ba036_01 | w09Ba035m_etc_01 | w10Ba035m_etc_01,(비동거)1번째 자녀로부터 받은 비금전적 수령의 종류_기타 세부내용,1,10,"1,4,8,9,10",raw | raw | structured,7,2,normalized_label,needs_review,
KLoSA,high,KLoSA,w__Ba036_01w5,w__Ba036_01w5 | w__Ba036_01w6,w05Ba036_01w5 | w06Ba036_01w5 | w07Ba036_01w5 | w08Ba036_01w5 | w06Ba036_01w6 | w09Ba036_01w6 | w10Ba036_01w6,(비동거)1번째 자녀 (현물) 수령 여부 | (비동거)1번째 자녀 (현물) 수령 여부 | 1번째 자녀 (현물) 수령 여부,5,10,"5,6,7,8,9,10",raw | structured,13,2,normalized_label,needs_review,
KLoSA,medium,KLoSA,w__Ba036_02,w__Ba035m_etc_02 | w__Ba036_02,w01Ba036_02 | w04Ba036_02 | w08Ba036_02 | w09Ba035m_etc_02 | w10Ba035m_etc_02,(비동거)2번째 자녀로부터 받은 비금전적 수령의 종류_기타 세부내용,1,10,"1,4,8,9,10",raw | raw | structured,7,2,normalized_label,needs_review,
KLoSA,medium,KLoSA,w__Ba036_03,w__Ba035m_etc_03 | w__Ba036_03,w01Ba036_03 | w04Ba036_03 | w08Ba036_03 | w09Ba035m_etc_03,(비동거)3번째 자녀로부터 받은 비금전적 수령의 종류_기타 세부내용,1,9,"1,4,8,9",raw | raw | structured,5,2,normalized_label,needs_review,
KLoSA,medium,KLoSA,w__Ba036_04,w__Ba035m_etc_04 | w__Ba036_04,w01Ba036_04 | w04Ba036_04 | w08Ba036_04 | w09Ba035m_etc_04 | w10Ba035m_etc_04,(비동거)4번째 자녀로부터 받은 비금전적 수령의 종류_기타 세부내용,1,10,"1,4,8,9,10",raw | raw | structured,7,2,normalized_label,needs_review,
KLoSA,medium,KLoSA,w__Ba036_05,w__Ba035m_etc_05 | w__Ba036_05,w01Ba036_05 | w04Ba036_05 | w08Ba036_05 | w09Ba035m_etc_05 | w10Ba035m_etc_05,(비동거)5번째 자녀로부터 받은 비금전적 수령의 종류_기타 세부내용,1,10,"1,4,8,9,10",raw | raw | structured,7,2,normalized_label,needs_review,
KLoSA,medium,KLoSA,w__Ba036_06,w__Ba035m_etc_06 | w__Ba036_06,w01Ba036_06 | w04Ba036_06 | w08Ba036_06 | w09Ba035m_etc_06 | w10Ba035m_etc_06,(비동거)6번째 자녀로부터 받은 비금전적 수령의 종류_기타 세부내용,1,10,"1,4,8,9,10",raw | raw | structured,7,2,normalized_label,needs_review,
KLoSA,medium,KLoSA,w__Ba036_07,w__Ba035m_etc_07 | w__Ba036_07,w01Ba036_07 | w04Ba036_07 | w08Ba036_07 | w09Ba035m_etc_07 | w10Ba035m_etc_07,(비동거)7번째 자녀로부터 받은 비금전적 수령의 종류_기타 세부내용,1,10,"1,4,8,9,10",raw | raw | structured,7,2,normalized_label,needs_review,
KLoSA,medium,KLoSA,w__Ba036_08,w__Ba035m_etc_08 | w__Ba036_08,w01Ba036_08 | w04Ba036_08 | w08Ba036_08 | w09Ba035m_etc_08 | w10Ba035m_etc_08,(비동거)8번째 자녀로부터 받은 비금전적 수령의 종류_기타 세부내용,1,10,"1,4,8,9,10",raw | raw | structured,7,2,normalized_label,needs_review,
KLoSA,medium,KLoSA,w__Ba036_09,w__Ba035m_etc_09 | w__Ba036_09,w01Ba036_09 | w04Ba036_09 | w08Ba036_09 | w09Ba035m_etc_09,(비동거)9번째 자녀로부터 받은 비금전적 수령의 종류_기타 세부내용,1,9,"1,4,8,9",raw | raw | structured,5,2,normalized_label,needs_review,
KLoSA,medium,KLoSA,w__Ba038_01ct,w__Ba038_01ct | w__ba038_01ct,w01Ba038_01ct | w06ba038_01ct,Ba038_01의 Unfolding Bracket의 설문에 대한 구간값(Ba039_01~Ba043_01) | w06Ba038_01 Unfolding Bracket 설문에 대한 구간값,1,6,"1,6",raw | structured,4,2,normalized_name,needs_review,
KLoSA,medium,KLoSA,w__Ba045_01ct,w__Ba045_01ct | w__ba045_01ct,w01Ba045_01ct | w06ba045_01ct,Ba045_01의 Unfolding Bracket의 설문에 대한 구간값(Ba046_01~Ba050_01) | w06Ba045_01 Unfolding Bracket 설문에 대한 구간값,1,6,"1,6",raw | structured,4,2,normalized_name,needs_review,
KLoSA,medium,KLoSA,w__Ba052_01,w__Ba052_01 | w__Ba056_01,w01Ba052_01 | w04Ba052_01 | w08Ba052_01 | w09Ba056_01 | w10Ba056_01,(비동거)1번째 자녀에게 제공한 비금전적 지원의 종류_기타 세부내용,1,10,"1,4,8,9,10",raw | raw | structured,7,2,normalized_label,needs_review,
KLoSA,medium,KLoSA,w__Ba052_02,w__Ba052_02 | w__Ba056_02,w01Ba052_02 | w04Ba052_02 | w08Ba052_02 | w09Ba056_02,(비동거)2번째 자녀에게 제공한 비금전적 지원의 종류_기타 세부내용,1,9,"1,4,8,9",raw | raw | structured,5,2,normalized_label,needs_review,
KLoSA,medium,KLoSA,w__Ba052_03,w__Ba052_03 | w__Ba056_03,w01Ba052_03 | w04Ba052_03 | w08Ba052_03 | w09Ba056_03 | w10Ba056_03,(비동거)3번째 자녀에게 제공한 비금전적 지원의 종류_기타 세부내용,1,10,"1,4,8,9,10",raw | raw | structured,7,2,normalized_label,needs_review,
KLoSA,medium,KLoSA,w__Ba052_04,w__Ba052_04 | w__Ba056_04,w01Ba052_04 | w04Ba052_04 | w08Ba052_04 | w09Ba056_04 | w10Ba056_04,(비동거)4번째 자녀에게 제공한 비금전적 지원의 종류_기타 세부내용,1,10,"1,4,8,9,10",raw | raw | structured,7,2,normalized_label,needs_review,
KLoSA,medium,KLoSA,w__Ba052_05,w__Ba052_05 | w__Ba056_05,w01Ba052_05 | w04Ba052_05 | w08Ba052_05 | w09Ba056_05 | w10Ba056_05,(비동거)5번째 자녀에게 제공한 비금전적 지원의 종류_기타 세부내용,1,10,"1,4,8,9,10",raw | raw | structured,7,2,normalized_label,needs_review,
KLoSA,medium,KLoSA,w__Ba052_06,w__Ba052_06 | w__Ba056_06,w01Ba052_06 | w04Ba052_06 | w08Ba052_06 | w09Ba056_06 | w10Ba056_06,(비동거)6번째 자녀에게 제공한 비금전적 지원의 종류_기타 세부내용,1,10,"1,4,8,9,10",raw | raw | structured,7,2,normalized_label,needs_review,
KLoSA,medium,KLoSA,w__Ba052_07,w__Ba052_07 | w__Ba056_07,w01Ba052_07 | w04Ba052_07 | w08Ba052_07 | w09Ba056_07 | w10Ba056_07,(비동거)7번째 자녀에게 제공한 비금전적 지원의 종류_기타 세부내용,1,10,"1,4,8,9,10",raw | raw | structured,7,2,normalized_label,needs_review,
KLoSA,medium,KLoSA,w__Ba052_08,w__Ba052_08 | w__Ba056_08,w01Ba052_08 | w04Ba052_08 | w08Ba052_08 | w09Ba056_08 | w10Ba056_08,(비동거)8번째 자녀에게 제공한 비금전적 지원의 종류_기타 세부내용,1,10,"1,4,8,9,10",raw | raw | structured,7,2,normalized_label,needs_review,
KLoSA,medium,KLoSA,w__Ba052_09,w__Ba052_09 | w__Ba056_09,w01Ba052_09 | w04Ba052_09 | w08Ba052_09 | w09Ba056_09,(비동거)9번째 자녀에게 제공한 비금전적 지원의 종류_기타 세부내용,1,9,"1,4,8,9",raw | raw | structured,5,2,normalized_label,needs_review,
KLoSA,medium,KLoSA,w__Ba068,w__Ba068,w01Ba068 | w02Ba068 | w03Ba068 | w04Ba068 | w05Ba068 | w06Ba068 | w07Ba068 | w08Ba068 | w09Ba068 | w10Ba068,손자녀 수(단위: 명) | 손자녀수(단위: 명),1,10,"1,2,3,4,5,6,7,8,9,10",light | raw | structured,31,1,normalized_label,needs_review,
KLoSA,medium,KLoSA,w__Ba068_01,w__Ba068_01 | w__Ba071_etc_01,w08Ba068_01 | w09Ba071_etc_01 | w10Ba071_etc_01,(동거 비동거 모두)1번째 자녀에게 제공한 금전적 지원 총액_기타 세부내용,8,10,"8,9,10",raw | raw | structured,5,2,normalized_label,needs_review,
KLoSA,medium,KLoSA,w__Ba068_02,w__Ba068_02 | w__Ba071_etc_02,w08Ba068_02 | w09Ba071_etc_02 | w10Ba071_etc_02,(동거 비동거 모두)2번째 자녀에게 제공한 금전적 지원 총액_기타 세부내용,8,10,"8,9,10",raw | raw | structured,5,2,normalized_label,needs_review,
KLoSA,medium,KLoSA,w__Ba068_03,w__Ba068_03 | w__Ba071_etc_03,w08Ba068_03 | w09Ba071_etc_03 | w10Ba071_etc_03,(동거 비동거 모두)3번째 자녀에게 제공한 금전적 지원 총액_기타 세부내용,8,10,"8,9,10",raw | raw | structured,5,2,normalized_label,needs_review,
KLoSA,medium,KLoSA,w__Ba068_04,w__Ba068_04 | w__Ba071_etc_04,w08Ba068_04 | w09Ba071_etc_04 | w10Ba071_etc_04,(동거 비동거 모두)4번째 자녀에게 제공한 금전적 지원 총액_기타 세부내용,8,10,"8,9,10",raw | raw | structured,5,2,normalized_label,needs_review,
KLoSA,medium,KLoSA,w__Ba068_05,w__Ba068_05 | w__Ba071_etc_05,w08Ba068_05 | w09Ba071_etc_05 | w10Ba071_etc_05,(동거 비동거 모두)5번째 자녀에게 제공한 금전적 지원 총액_기타 세부내용,8,10,"8,9,10",raw | raw | structured,5,2,normalized_label,needs_review,
KLoSA,medium,KLoSA,w__Ba068_06,w__Ba068_06 | w__Ba071_etc_06,w08Ba068_06 | w09Ba071_etc_06 | w10Ba071_etc_06,(동거 비동거 모두)6번째 자녀에게 제공한 금전적 지원 총액_기타 세부내용,8,10,"8,9,10",raw | raw | structured,5,2,normalized_label,needs_review,
KLoSA,medium,KLoSA,w__Ba068_07,w__Ba068_07 | w__Ba071_etc_07,w08Ba068_07 | w09Ba071_etc_07 | w10Ba071_etc_07,(동거 비동거 모두)7번째 자녀에게 제공한 금전적 지원 총액_기타 세부내용,8,10,"8,9,10",raw | raw | structured,5,2,normalized_label,needs_review,
KLoSA,medium,KLoSA,w__Ba068_08,w__Ba068_08 | w__Ba071_etc_08,w08Ba068_08 | w09Ba071_etc_08 | w10Ba071_etc_08,(동거 비동거 모두)8번째 자녀에게 제공한 금전적 지원 총액_기타 세부내용,8,10,"8,9,10",raw | raw | structured,5,2,normalized_label,needs_review,
KLoSA,medium,KLoSA,w__Ba068_09,w__Ba068_09 | w__Ba071_etc_09,w08Ba068_09 | w09Ba071_etc_09,(동거 비동거 모두)9번째 자녀에게 제공한 금전적 지원 총액_기타 세부내용,8,9,"8,9",raw | raw | structured,3,2,normalized_label,needs_review,
KLoSA,medium,KLoSA,w__Ba078_03,w__Ba078_03 | w__Ba082_03,w02Ba078_03 | w03Ba078_03 | w04Ba078_03 | w05Ba078_03 | w06Ba078_03 | w10Ba082_03,지난 1년 중 돌본 10세 미만 3번째 손자녀의 부모,2,10,"2,3,4,5,6,10",raw | structured,12,2,normalized_label,needs_review,
KLoSA,medium,KLoSA,w__Ba078_04,w__Ba078_04 | w__Ba082_04,w02Ba078_04 | w03Ba078_04 | w10Ba082_04,지난 1년 중 돌본 10세 미만 4번째 손자녀의 부모,2,10,"2,3,10",raw | structured,6,2,normalized_label,needs_review,
KLoSA,medium,KLoSA,w__Ba078_05,w__Ba078_05 | w__Ba082_05,w03Ba078_05 | w10Ba082_05,지난 1년 중 돌본 10세 미만 5번째 손자녀의 부모,3,10,"3,10",raw | raw | structured,3,2,normalized_label,needs_review,
KLoSA,medium,KLoSA,w__Ba079_03,w__Ba079_03 | w__Ba083_03,w02Ba079_03 | w03Ba079_03 | w04Ba079_03 | w05Ba079_03 | w06Ba079_03 | w10Ba083_03,지난 1년 중 돌본 10세 미만 3번째 손자녀의 돌봄기간(단위: 주),2,10,"2,3,4,5,6,10",raw | structured,12,2,normalized_label,needs_review,
KLoSA,medium,KLoSA,w__Ba079_04,w__Ba079_04 | w__Ba083_04,w02Ba079_04 | w03Ba079_04 | w10Ba083_04,지난 1년 중 돌본 10세 미만 4번째 손자녀의 돌봄기간(단위: 주),2,10,"2,3,10",raw | structured,6,2,normalized_label,needs_review,
KLoSA,medium,KLoSA,w__Ba079_05,w__Ba079_05 | w__Ba083_05,w03Ba079_05 | w10Ba083_05,지난 1년 중 돌본 10세 미만 5번째 손자녀의 돌봄기간(단위: 주),3,10,"3,10",raw | raw | structured,3,2,normalized_label,needs_review,
KLoSA,medium,KLoSA,w__Ba080_03,w__Ba080_03 | w__Ba084_03,w02Ba080_03 | w03Ba080_03 | w04Ba080_03 | w05Ba080_03 | w06Ba080_03 | w10Ba084_03,지난 1년 중 돌본 10세 미만 3번째 손자녀의 주당 평균 돌봄시간(단위: 시간),2,10,"2,3,4,5,6,10",raw | structured,12,2,normalized_label,needs_review,
KLoSA,medium,KLoSA,w__Ba080_04,w__Ba080_04 | w__Ba084_04,w02Ba080_04 | w03Ba080_04 | w10Ba084_04,지난 1년 중 돌본 10세 미만 4번째 손자녀의 주당 평균 돌봄시간(단위: 시간),2,10,"2,3,10",raw | structured,6,2,normalized_label,needs_review,
KLoSA,medium,KLoSA,w__Ba080_05,w__Ba080_05 | w__Ba084_05,w03Ba080_05 | w10Ba084_05,지난 1년 중 돌본 10세 미만 5번째 손자녀의 주당 평균 돌봄시간(단위: 시간),3,10,"3,10",raw | raw | structured,3,2,normalized_label,needs_review,
KLoSA,high,KLoSA,w__BaGender_01,w__BaGender_01 | w__chgender_01,w01BaGender_01 | w01chgender_01 | w02chgender_01 | w03chgender_01 | w04chgender_01 | w05chgender_01 | w06chgender_01 | w07chgender_01 | w08chgender_01 | w09chgender_01 | w10chgender_01,1번째 자녀 성별 | 1번째 자녀의 성별 | 1번째 자녀의 성별,1,10,"1,2,3,4,5,6,7,8,9,10",raw | raw | structured,21,2,normalized_label,needs_review,
KLoSA,high,KLoSA,w__BaGender_02,w__BaGender_02 | w__chgender_02,w01BaGender_02 | w01chgender_02 | w02chgender_02 | w03chgender_02 | w04chgender_02 | w05chgender_02 | w06chgender_02 | w07chgender_02 | w08chgender_02 | w09chgender_02 | w10chgender_02,2번째 자녀 성별 | 2번째 자녀의 성별 | 2번째 자녀의 성별,1,10,"1,2,3,4,5,6,7,8,9,10",raw | raw | structured,21,2,normalized_label,needs_review,
KLoSA,high,KLoSA,w__BaGender_03,w__BaGender_03 | w__chgender_03,w01BaGender_03 | w01chgender_03 | w02chgender_03 | w03chgender_03 | w04chgender_03 | w05chgender_03 | w06chgender_03 | w07chgender_03 | w08chgender_03 | w09chgender_03 | w10chgender_03,3번째 자녀 성별 | 3번째 자녀의 성별 | 3번째 자녀의 성별,1,10,"1,2,3,4,5,6,7,8,9,10",raw | raw | structured,21,2,normalized_label,needs_review,
KLoSA,high,KLoSA,w__BaGender_04,w__BaGender_04 | w__chgender_04,w01BaGender_04 | w01chgender_04 | w02chgender_04 | w03chgender_04 | w04chgender_04 | w05chgender_04 | w06chgender_04 | w07chgender_04 | w08chgender_04 | w09chgender_04 | w10chgender_04,4번째 자녀 성별 | 4번째 자녀의 성별 | 4번째 자녀의 성별,1,10,"1,2,3,4,5,6,7,8,9,10",raw | raw | structured,21,2,normalized_label,needs_review,
KLoSA,high,KLoSA,w__BaGender_05,w__BaGender_05 | w__chgender_05,w01BaGender_05 | w01chgender_05 | w02chgender_05 | w03chgender_05 | w04chgender_05 | w05chgender_05 | w06chgender_05 | w07chgender_05 | w08chgender_05 | w09chgender_05 | w10chgender_05,5번째 자녀 성별 | 5번째 자녀의 성별 | 5번째 자녀의 성별,1,10,"1,2,3,4,5,6,7,8,9,10",raw | raw | structured,21,2,normalized_label,needs_review,
KLoSA,high,KLoSA,w__BaGender_06,w__BaGender_06 | w__chgender_06,w01BaGender_06 | w01chgender_06 | w02chgender_06 | w03chgender_06 | w04chgender_06 | w05chgender_06 | w06chgender_06 | w07chgender_06 | w08chgender_06 | w09chgender_06 | w10chgender_06,6번째 자녀 성별 | 6번째 자녀의 성별 | 6번째 자녀의 성별,1,10,"1,2,3,4,5,6,7,8,9,10",raw | raw | structured,21,2,normalized_label,needs_review,
KLoSA,high,KLoSA,w__BaGender_07,w__BaGender_07 | w__chgender_07,w01BaGender_07 | w01chgender_07 | w02chgender_07 | w03chgender_07 | w04chgender_07 | w05chgender_07 | w06chgender_07 | w07chgender_07 | w08chgender_07 | w09chgender_07 | w10chgender_07,7번째 자녀 성별 | 7번째 자녀의 성별 | 7번째 자녀의 성별,1,10,"1,2,3,4,5,6,7,8,9,10",raw | raw | structured,21,2,normalized_label,needs_review,
KLoSA,high,KLoSA,w__BaGender_08,w__BaGender_08 | w__chgender_08,w01BaGender_08 | w01chgender_08 | w02chgender_08 | w03chgender_08 | w04chgender_08 | w05chgender_08 | w06chgender_08 | w07chgender_08 | w08chgender_08 | w09chgender_08 | w10chgender_08,8번째 자녀 성별 | 8번째 자녀의 성별 | 8번째 자녀의 성별,1,10,"1,2,3,4,5,6,7,8,9,10",raw | raw | structured,21,2,normalized_label,needs_review,
KLoSA,high,KLoSA,w__BaGender_09,w__BaGender_09 | w__chgender_09,w01BaGender_09 | w01chgender_09 | w02chgender_09 | w03chgender_09 | w04chgender_09 | w05chgender_09 | w06chgender_09 | w07chgender_09 | w08chgender_09 | w09chgender_09,9번째 자녀 성별 | 9번째 자녀의 성별 | 9번째 자녀의 성별,1,9,"1,2,3,4,5,6,7,8,9",raw | raw | structured,19,2,normalized_label,needs_review,
KLoSA,medium,KLoSA,w__BaGender_10,w__BaGender_10 | w__chgender_10,w01BaGender_10 | w01chgender_10 | w02chgender_10 | w03chgender_10 | w04chgender_10,10번째 자녀의 성별,1,4,"1,2,3,4",raw | raw | structured,8,2,normalized_label,needs_review,
KLoSA,medium,KLoSA,w__Bb008,w__Bb008,w01Bb008 | w02Bb008 | w03Bb008 | w04Bb008 | w05Bb008 | w06Bb008 | w07Bb008 | w08Bb008 | w09Bb008 | w10Bb008,아버지와의 동거 여부 | 아버지와의 동거여부,1,10,"1,2,3,4,5,6,7,8,9,10",raw,11,1,normalized_label,needs_review,
KLoSA,medium,KLoSA,w__Bb014,w__Bb014,w01Bb014 | w02Bb014 | w03Bb014 | w04Bb014 | w05Bb014 | w06Bb014 | w07Bb014 | w08Bb014 | w09Bb014 | w10Bb014,어머니와의 동거 여부 | 어머니와의 동거여부,1,10,"1,2,3,4,5,6,7,8,9,10",raw,11,1,normalized_label,needs_review,
KLoSA,high,KLoSA,w__Bb030w5,w__Bb030w5 | w__Bb086w5 | w__Bb142w5,w05Bb030w5 | w06Bb030w5 | w07Bb030w5 | w08Bb030w5 | w09Bb030w5 | w10Bb030w5 | w05Bb086w5 | w06Bb086w5 | w07Bb086w5 | w08Bb086w5 | w09Bb086w5 | w10Bb086w5 | w05Bb142w5 | w06Bb142w5 | w07Bb142w5 | w08Bb142w5 | w09Bb142w5 | w10Bb142w5,(비동거)부모 (정기적 금전) 수령 개월수 | 비동거기간 동안 정기 금전 수령 개월수 | (비동거)아버지 (정기적 금전) 수령 개월수 | 비동거기간 동안 정기 금전 수령 개월수 | (비동거)어머니 (정기적 금전) 수령 개월수 | 비동거기간 동안 정기 금전 수령 개월수,5,10,"5,6,7,8,9,10",raw,21,3,normalized_label,needs_review,
KLoSA,high,KLoSA,w__Bb048w5,w__Bb048w5 | w__Bb104w5 | w__Bb160w5,w05Bb048w5 | w06Bb048w5 | w07Bb048w5 | w08Bb048w5 | w09Bb048w5 | w10Bb048w5 | w05Bb104w5 | w06Bb104w5 | w07Bb104w5 | w08Bb104w5 | w09Bb104w5 | w10Bb104w5 | w05Bb160w5 | w06Bb160w5 | w07Bb160w5 | w08Bb160w5 | w09Bb160w5 | w10Bb160w5,(비동거) 부모 (정기적 금전) 지원 개월수 | (비동거)부모 (정기적 금전) 지원 개월수 | 비동거기간 동안 정기 금전 지원 개월수 | (비동거) 아버지 (정기적 금전) 지원 개월수 | (비동거)아버지 (정기적 금전) 지원 개월수 | 비동거기간 동안 정기 금전 지원 개월수 | (비동거)어머니 (정기적 금전) 지원 개월수 | 비동거기간 동안 정기 금전 지원 개월수,5,10,"5,6,7,8,9,10",raw,21,3,normalized_label,needs_review,
KLoSA,high,KLoSA,w__Bb132a01,rw01Bb132a01 | w__Bb132a01,rw01Bb132a01 | w01Bb132a01 | w02Bb132a01 | w03Bb132a01 | w04Bb132a01 | w05Bb132a01 | w06Bb132a01 | w07Bb132a01 | w08Bb132a01 | w09Bb132a01 | w10Bb132a01,금전 현물 수령 기타가족과의 관계_01 | 금전 현물 수령 기타가족과의 관계_01 | 배우자의 어머니가 응답자에게 경제적 도움을 줌 | 비동거기간 동안 금전적 지원을 준 기타가족과의 관계_01,1,10,"1,2,3,4,5,6,7,8,9,10",raw | structured | structured,21,2,normalized_label,needs_review,
KLoSA,high,KLoSA,w__Bb132a02,rw01Bb132a02 | w__Bb132a02,rw01Bb132a02 | w01Bb132a02 | w02Bb132a02 | w03Bb132a02 | w04Bb132a02 | w05Bb132a02 | w06Bb132a02 | w07Bb132a02 | w08Bb132a02 | w09Bb132a02 | w10Bb132a02,금전 현물 수령 기타가족과의 관계_02 | 금전 현물 수령 기타가족과의 관계_02 | 배우자의 아버지가 응답자에게 경제적 도움을 줌 | 비동거기간 동안 금전적 지원을 준 기타가족과의 관계_02,1,10,"1,2,3,4,5,6,7,8,9,10",raw | structured | structured,21,2,normalized_label,needs_review,
KLoSA,high,KLoSA,w__Bb132a03,rw01Bb132a03 | w__Bb132a03,rw01Bb132a03 | w01Bb132a03 | w02Bb132a03 | w03Bb132a03 | w04Bb132a03 | w05Bb132a03 | w06Bb132a03 | w07Bb132a03 | w08Bb132a03 | w09Bb132a03 | w10Bb132a03,1번째 형제자매가 응답자에게 경제적 도움을 줌 | 금전 현물 수령 기타가족과의 관계_03 | 비동거기간 동안 금전적 지원을 준 기타가족과의 관계_03 | 금전 현물 수령 기타가족과의 관계_03,1,10,"1,2,3,4,5,6,7,8,9,10",raw | structured | structured,21,2,normalized_label,needs_review,
KLoSA,high,KLoSA,w__Bb132a04,rw01Bb132a04 | w__Bb132a04,rw01Bb132a04 | w01Bb132a04 | w02Bb132a04 | w03Bb132a04 | w04Bb132a04 | w05Bb132a04 | w06Bb132a04 | w07Bb132a04 | w08Bb132a04 | w09Bb132a04 | w10Bb132a04,2번째 형제자매가 응답자에게 경제적 도움을 줌 | 금전 현물 수령 기타가족과의 관계_04 | 비동거기간 동안 금전적 지원을 준 기타가족과의 관계_04 | 금전 현물 수령 기타가족과의 관계_04,1,10,"1,2,3,4,5,6,7,8,9,10",raw | structured | structured,21,2,normalized_label,needs_review,
KLoSA,high,KLoSA,w__Bb132a05,rw01Bb132a05 | w__Bb132a05,rw01Bb132a05 | w01Bb132a05 | w02Bb132a05 | w03Bb132a05 | w04Bb132a05 | w05Bb132a05 | w06Bb132a05 | w07Bb132a05 | w08Bb132a05 | w09Bb132a05 | w10Bb132a05,3번째 형제자매가 응답자에게 경제적 도움을 줌 | 금전 현물 수령 기타가족과의 관계_05 | 비동거기간 동안 금전적 지원을 준 기타가족과의 관계_05 | 금전 현물 수령 기타가족과의 관계_05,1,10,"1,2,3,4,5,6,7,8,9,10",raw | structured | structured,21,2,normalized_label,needs_review,
KLoSA,high,KLoSA,w__Bb132a06,rw01Bb132a06 | w__Bb132a06,rw01Bb132a06 | w01Bb132a06 | w02Bb132a06 | w03Bb132a06 | w04Bb132a06 | w05Bb132a06 | w06Bb132a06 | w07Bb132a06 | w08Bb132a06 | w09Bb132a06 | w10Bb132a06,4번째 형제자매가 응답자에게 경제적 도움을 줌 | 금전 현물 수령 기타가족과의 관계_06 | 비동거기간 동안 금전적 지원을 준 기타가족과의 관계_06 | 금전 현물 수령 기타가족과의 관계_06,1,10,"1,2,3,4,5,6,7,8,9,10",raw | structured | structured,21,2,normalized_label,needs_review,
KLoSA,high,KLoSA,w__Bb132a07,rw01Bb132a07 | w__Bb132a07,rw01Bb132a07 | w01Bb132a07 | w02Bb132a07 | w03Bb132a07 | w04Bb132a07 | w05Bb132a07 | w06Bb132a07 | w09Bb132a07 | w10Bb132a07,5번째 형제자매가 응답자에게 경제적 도움을 줌 | 금전 현물 수령 기타가족과의 관계_07 | 금전 현물 수령 기타가족과의 관계_07,1,10,"1,2,3,4,5,6,9,10",raw | structured | structured,16,2,normalized_label,needs_review,
KLoSA,high,KLoSA,w__Bb132a08,rw01Bb132a08 | w__Bb132a08,rw01Bb132a08 | w01Bb132a08 | w02Bb132a08 | w04Bb132a08 | w05Bb132a08,6번째 형제자매가 응답자에게 경제적 도움을 줌 | 금전 현물 수령 기타가족과의 관계_08 | 금전 현물 수령 기타가족과의 관계_08,1,5,"1,2,4,5",raw | structured | structured,8,2,normalized_label,needs_review,
KLoSA,high,KLoSA,w__Bb134_02m01,rw01bb134_02m01 | w__Bb134_02m01,rw01bb134_02m01 | w01Bb134_02m01 | w02Bb134_02m01 | w03Bb134_02m01 | w04Bb134_02m01 | w05Bb134_02m01 | w06Bb134_02m01 | w07Bb134_02m01 | w08Bb134_02m01 | w09Bb134_02m01 | w10Bb134_02m01,2번째 기타가족으로부터 수령 여부_(1)정기적인 금전적 지원 | 2번째 기타가족으로부터 수령 여부_(1)정기적인 금전적 지원 | 배우자의 아버지로부터 수령 여부_(1)정기적인 금전적 지원,1,10,"1,2,3,4,5,6,7,8,9,10",raw | structured | structured,21,2,normalized_label,needs_review,
KLoSA,high,KLoSA,w__Bb134_02m02,rw01bb134_02m02 | w__Bb134_02m02,rw01bb134_02m02 | w01Bb134_02m02 | w02Bb134_02m02 | w03Bb134_02m02 | w04Bb134_02m02 | w05Bb134_02m02 | w06Bb134_02m02 | w07Bb134_02m02 | w08Bb134_02m02 | w09Bb134_02m02 | w10Bb134_02m02,2번째 기타가족으로부터 수령 여부_(2)비정기적인 금전적 지원 | 2번째 기타가족으로부터 수령 여부_(2)비정기적인 금전적 지원 | 배우자의 아버지로부터 수령 여부_(2)비정기적인 금전적 지원,1,10,"1,2,3,4,5,6,7,8,9,10",raw | structured | structured,21,2,normalized_label,needs_review,
KLoSA,high,KLoSA,w__Bb134_02m03,rw01bb134_02m03 | w__Bb134_02m03,rw01bb134_02m03 | w01Bb134_02m03 | w02Bb134_02m03 | w03Bb134_02m03 | w04Bb134_02m03 | w05Bb134_02m03 | w06Bb134_02m03 | w07Bb134_02m03 | w08Bb134_02m03 | w09Bb134_02m03 | w10Bb134_02m03,2번째 기타가족으로부터 수령 여부_(3)현물 지원 | 2번째 기타가족으로부터 수령 여부_(3)현물 지원 | 배우자의 아버지로부터 수령 여부_(3)현물 지원,1,10,"1,2,3,4,5,6,7,8,9,10",raw | structured | structured,21,2,normalized_label,needs_review,
KLoSA,high,KLoSA,w__Bb134_03m01,rw01bb134_03m01 | w__Bb134_03m01,rw01bb134_03m01 | w01Bb134_03m01 | w02Bb134_03m01 | w03Bb134_03m01 | w04Bb134_03m01 | w05Bb134_03m01 | w06Bb134_03m01 | w07Bb134_03m01 | w08Bb134_03m01 | w09Bb134_03m01 | w10Bb134_03m01,1번째 형제자매로부터 수령 여부_(1)정기적인 금전적 지원 | 3번째 기타가족으로부터 수령 여부_(1)정기적인 금전적 지원 | 3번째 기타가족으로부터 수령 여부_(1)정기적인 금전적 지원,1,10,"1,2,3,4,5,6,7,8,9,10",raw | structured | structured,21,2,normalized_label,needs_review,
KLoSA,high,KLoSA,w__Bb134_03m02,rw01bb134_03m02 | w__Bb134_03m02,rw01bb134_03m02 | w01Bb134_03m02 | w02Bb134_03m02 | w03Bb134_03m02 | w04Bb134_03m02 | w05Bb134_03m02 | w06Bb134_03m02 | w07Bb134_03m02 | w08Bb134_03m02 | w09Bb134_03m02 | w10Bb134_03m02,1번째 형제자매로부터 수령 여부_(2)비정기적인 금전적 지원 | 3번째 기타가족으로부터 수령 여부_(2)비정기적인 금전적 지원 | 3번째 기타가족으로부터 수령 여부_(2)비정기적인 금전적 지원,1,10,"1,2,3,4,5,6,7,8,9,10",raw | structured | structured,21,2,normalized_label,needs_review,
KLoSA,high,KLoSA,w__Bb134_04m01,rw01bb134_04m01 | w__Bb134_04m01,rw01bb134_04m01 | w01Bb134_04m01 | w02Bb134_04m01 | w03Bb134_04m01 | w04Bb134_04m01 | w05Bb134_04m01 | w06Bb134_04m01 | w07Bb134_04m01 | w08Bb134_04m01 | w09Bb134_04m01 | w10Bb134_04m01,2번째 형제자매로부터 수령 여부_(1)정기적인 금전적 지원 | 4번째 기타가족으로부터 수령 여부_(1)정기적인 금전적 지원 | 4번째 기타가족으로부터 수령 여부_(1)정기적인 금전적 지원,1,10,"1,2,3,4,5,6,7,8,9,10",raw | structured | structured,21,2,normalized_label,needs_review,
KLoSA,high,KLoSA,w__Bb134_04m02,rw01bb134_04m02 | w__Bb134_04m02,rw01bb134_04m02 | w01Bb134_04m02 | w02Bb134_04m02 | w03Bb134_04m02 | w04Bb134_04m02 | w05Bb134_04m02 | w06Bb134_04m02 | w07Bb134_04m02 | w08Bb134_04m02 | w09Bb134_04m02 | w10Bb134_04m02,2번째 형제자매로부터 수령 여부_(2)비정기적인 금전적 지원 | 4번째 기타가족으로부터 수령 여부_(2)비정기적인 금전적 지원 | 4번째 기타가족으로부터 수령 여부_(2)비정기적인 금전적 지원,1,10,"1,2,3,4,5,6,7,8,9,10",raw | structured | structured,21,2,normalized_label,needs_review,
KLoSA,high,KLoSA,w__Bb134_04m03,rw01bb134_04m03 | w__Bb134_04m03,rw01bb134_04m03 | w01Bb134_04m03 | w02Bb134_04m03 | w03Bb134_04m03 | w04Bb134_04m03 | w05Bb134_04m03 | w06Bb134_04m03 | w07Bb134_04m03 | w08Bb134_04m03 | w09Bb134_04m03 | w10Bb134_04m03,2번째 형제자매로부터 수령 여부_(3)현물 지원 | 4번째 기타가족으로부터 수령 여부_(3)현물 지원 | 4번째 기타가족으로부터 수령 여부_(3)현물 지원,1,10,"1,2,3,4,5,6,7,8,9,10",raw | structured | structured,21,2,normalized_label,needs_review,
KLoSA,high,KLoSA,w__Bb134_05m01,rw01bb134_05m01 | w__Bb134_05m01,rw01bb134_05m01 | w01Bb134_05m01 | w02Bb134_05m01 | w03Bb134_05m01 | w04Bb134_05m01 | w05Bb134_05m01 | w06Bb134_05m01 | w07Bb134_05m01 | w08Bb134_05m01 | w09Bb134_05m01 | w10Bb134_05m01,3번째 형제자매로부터 수령 여부_(1)정기적인 금전적 지원 | 5번째 기타가족으로부터 수령 여부_(1)정기적인 금전적 지원 | 5번째 기타가족으로부터 수령 여부_(1)정기적인 금전적 지원,1,10,"1,2,3,4,5,6,7,8,9,10",raw | structured | structured,21,2,normalized_label,needs_review,
KLoSA,high,KLoSA,w__Bb134_05m02,rw01bb134_05m02 | w__Bb134_05m02,rw01bb134_05m02 | w01Bb134_05m02 | w02Bb134_05m02 | w03Bb134_05m02 | w04Bb134_05m02 | w05Bb134_05m02 | w06Bb134_05m02 | w07Bb134_05m02 | w08Bb134_05m02 | w09Bb134_05m02 | w10Bb134_05m02,3번째 형제자매로부터 수령 여부_(2)비정기적인 금전적 지원 | 5번째 기타가족으로부터 수령 여부_(2)비정기적인 금전적 지원 | 5번째 기타가족으로부터 수령 여부_(2)비정기적인 금전적 지원,1,10,"1,2,3,4,5,6,7,8,9,10",raw | structured | structured,21,2,normalized_label,needs_review,
KLoSA,high,KLoSA,w__Bb134_05m03,rw01bb134_05m03 | w__Bb134_05m03,rw01bb134_05m03 | w01Bb134_05m03 | w02Bb134_05m03 | w03Bb134_05m03 | w04Bb134_05m03 | w05Bb134_05m03 | w06Bb134_05m03 | w07Bb134_05m03 | w08Bb134_05m03 | w09Bb134_05m03 | w10Bb134_05m03,3번째 형제자매로부터 수령 여부_(3)현물 지원 | 5번째 기타가족으로부터 수령 여부_(3)현물 지원 | 5번째 기타가족으로부터 수령 여부_(3)현물 지원,1,10,"1,2,3,4,5,6,7,8,9,10",raw | structured | structured,21,2,normalized_label,needs_review,
KLoSA,high,KLoSA,w__Bb134_06m01,rw01bb134_06m01 | w__Bb134_06m01,rw01bb134_06m01 | w01Bb134_06m01 | w02Bb134_06m01 | w03Bb134_06m01 | w04Bb134_06m01 | w05Bb134_06m01 | w06Bb134_06m01 | w07Bb134_06m01 | w08Bb134_06m01 | w09Bb134_06m01 | w10Bb134_06m01,4번째 형제자매로부터 수령 여부_(1)정기적인 금전적 지원 | 6번째 기타가족으로부터 수령 여부_(1)정기적인 금전적 지원 | 6번째 기타가족으로부터 수령 여부_(1)정기적인 금전적 지원,1,10,"1,2,3,4,5,6,7,8,9,10",raw | structured | structured,21,2,normalized_label,needs_review,
KLoSA,high,KLoSA,w__Bb134_06m02,rw01bb134_06m02 | w__Bb134_06m02,rw01bb134_06m02 | w01Bb134_06m02 | w02Bb134_06m02 | w03Bb134_06m02 | w04Bb134_06m02 | w05Bb134_06m02 | w06Bb134_06m02 | w07Bb134_06m02 | w08Bb134_06m02 | w09Bb134_06m02 | w10Bb134_06m02,4번째 형제자매로부터 수령 여부_(2)비정기적인 금전적 지원 | 6번째 기타가족으로부터 수령 여부_(2)비정기적인 금전적 지원 | 6번째 기타가족으로부터 수령 여부_(2)비정기적인 금전적 지원,1,10,"1,2,3,4,5,6,7,8,9,10",raw | structured | structured,21,2,normalized_label,needs_review,
KLoSA,high,KLoSA,w__Bb134_07m01,rw01bb134_07m01 | w__Bb134_07m01,rw01bb134_07m01 | w01Bb134_07m01 | w02Bb134_07m01 | w03Bb134_07m01 | w04Bb134_07m01 | w05Bb134_07m01 | w06Bb134_07m01 | w07Bb134_07m01 | w08Bb134_07m01 | w09Bb134_07m01 | w10Bb134_07m01,5번째 형제자매로부터 수령 여부_(1)정기적인 금전적 지원 | 7번째 기타가족으로부터 수령 여부_(1)정기적인 금전적 지원 | 7번째 기타가족으로부터 수령 여부_(1)정기적인 금전적 지원,1,10,"1,2,3,4,5,6,7,8,9,10",raw | structured | structured,20,2,normalized_label,needs_review,
KLoSA,high,KLoSA,w__Bb134_07m02,rw01bb134_07m02 | w__Bb134_07m02,rw01bb134_07m02 | w01Bb134_07m02 | w02Bb134_07m02 | w03Bb134_07m02 | w04Bb134_07m02 | w05Bb134_07m02 | w06Bb134_07m02 | w07Bb134_07m02 | w08Bb134_07m02 | w09Bb134_07m02 | w10Bb134_07m02,5번째 형제자매로부터 수령 여부_(2)비정기적인 금전적 지원 | 7번째 기타가족으로부터 수령 여부_(2)비정기적인 금전적 지원 | 7번째 기타가족으로부터 수령 여부_(2)비정기적인 금전적 지원,1,10,"1,2,3,4,5,6,7,8,9,10",raw | structured | structured,20,2,normalized_label,needs_review,
KLoSA,high,KLoSA,w__Bb134_07m03,rw01bb134_07m03 | w__Bb134_07m03,rw01bb134_07m03 | w01Bb134_07m03 | w02Bb134_07m03 | w03Bb134_07m03 | w04Bb134_07m03 | w05Bb134_07m03 | w06Bb134_07m03 | w07Bb134_07m03 | w08Bb134_07m03 | w09Bb134_07m03 | w10Bb134_07m03,5번째 형제자매로부터 수령 여부_(3)현물 지원 | 7번째 기타가족으로부터 수령 여부_(3)현물 지원 | 7번째 기타가족으로부터 수령 여부_(3)현물 지원,1,10,"1,2,3,4,5,6,7,8,9,10",raw | structured | structured,20,2,normalized_label,needs_review,
KLoSA,high,KLoSA,w__Bb135_01,rw01bb135_01 | w__Bb135_01,rw01bb135_01 | w01Bb135_01 | w02Bb135_01 | w03Bb135_01 | w04Bb135_01 | w05Bb135_01 | w06Bb135_01 | w07Bb135_01 | w08Bb135_01 | w09Bb135_01 | w10Bb135_01,1번째 기타가족으로부터 받은 정기적인 금전적 수령금액(단위: 만원) | 1번째 기타가족으로부터 받은 정기적인 금전적 수령금액(단위: 만원) | 1번째 기타가족으로부터 받은 정기적인 금전적 지원의 월평균액(단위: 만원) | 배우자의 어머니로부터 받은 정기적인 금전적 수령금액(단위: 만원),1,10,"1,2,3,4,5,6,7,8,9,10",raw | structured | structured,21,2,normalized_label,needs_review,
KLoSA,high,KLoSA,w__Bb135_02,rw01bb135_02 | w__Bb135_02,rw01bb135_02 | w01Bb135_02 | w02Bb135_02 | w03Bb135_02 | w04Bb135_02 | w05Bb135_02 | w06Bb135_02 | w07Bb135_02 | w08Bb135_02 | w09Bb135_02 | w10Bb135_02,2번째 기타가족으로부터 받은 정기적인 금전적 수령금액(단위: 만원) | 2번째 기타가족으로부터 받은 정기적인 금전적 수령금액(단위: 만원) | 2번째 기타가족으로부터 받은 정기적인 금전적 지원의 월평균액(단위: 만원) | 배우자의 아버지로부터 받은 정기적인 금전적 수령금액(단위: 만원),1,10,"1,2,3,4,5,6,7,8,9,10",raw | structured | structured,21,2,normalized_label,needs_review,
KLoSA,high,KLoSA,w__Bb135_03,rw01bb135_03 | w__Bb135_03,rw01bb135_03 | w01Bb135_03 | w02Bb135_03 | w03Bb135_03 | w04Bb135_03 | w05Bb135_03 | w06Bb135_03 | w07Bb135_03 | w08Bb135_03 | w09Bb135_03 | w10Bb135_03,1번째 형제자매로부터 받은 정기적인 금전적 수령금액(단위: 만원) | 3번째 기타가족으로부터 받은 정기적인 금전적 수령금액(단위: 만원) | 3번째 기타가족으로부터 받은 정기적인 금전적 지원의 월평균액(단위: 만원) | 3번째 기타가족으로부터 받은 정기적인 금전적 수령금액(단위: 만원),1,10,"1,2,3,4,5,6,7,8,9,10",raw | structured | structured,21,2,normalized_label,needs_review,
KLoSA,high,KLoSA,w__Bb135_04,rw01bb135_04 | w__Bb135_04,rw01bb135_04 | w01Bb135_04 | w02Bb135_04 | w03Bb135_04 | w04Bb135_04 | w05Bb135_04 | w06Bb135_04 | w07Bb135_04 | w08Bb135_04 | w09Bb135_04 | w10Bb135_04,2번째 형제자매로부터 받은 정기적인 금전적 수령금액(단위: 만원) | 4번째 기타가족으로부터 받은 정기적인 금전적 수령금액(단위: 만원) | 4번째 기타가족으로부터 받은 정기적인 금전적 지원의 월평균액(단위: 만원) | 4번째 기타가족으로부터 받은 정기적인 금전적 수령금액(단위: 만원),1,10,"1,2,3,4,5,6,7,8,9,10",raw | structured | structured,21,2,normalized_label,needs_review,
KLoSA,high,KLoSA,w__Bb135_05,rw01bb135_05 | w__Bb135_05,rw01bb135_05 | w01Bb135_05 | w02Bb135_05 | w03Bb135_05 | w04Bb135_05 | w05Bb135_05 | w06Bb135_05 | w07Bb135_05 | w08Bb135_05 | w09Bb135_05 | w10Bb135_05,3번째 형제자매로부터 받은 정기적인 금전적 수령금액(단위: 만원) | 5번째 기타가족으로부터 받은 정기적인 금전적 수령금액(단위: 만원) | 5번째 기타가족으로부터 받은 정기적인 금전적 지원의 월평균액(단위: 만원) | 5번째 기타가족으로부터 받은 정기적인 금전적 수령금액(단위: 만원),1,10,"1,2,3,4,5,6,7,8,9,10",raw | structured | structured,21,2,normalized_label,needs_review,
KLoSA,high,KLoSA,w__Bb135_06,rw01bb135_06 | w__Bb135_06,rw01bb135_06 | w01Bb135_06 | w02Bb135_06 | w03Bb135_06 | w04Bb135_06 | w05Bb135_06 | w06Bb135_06 | w07Bb135_06 | w08Bb135_06 | w09Bb135_06 | w10Bb135_06,4번째 형제자매로부터 받은 정기적인 금전적 수령금액(단위: 만원) | 6번째 기타가족으로부터 받은 정기적인 금전적 수령금액(단위: 만원) | 6번째 기타가족으로부터 받은 정기적인 금전적 지원의 월평균액(단위: 만원) | 6번째 기타가족으로부터 받은 정기적인 금전적 수령금액(단위: 만원),1,10,"1,2,3,4,5,6,7,8,9,10",raw | structured | structured,21,2,normalized_label,needs_review,
KLoSA,high,KLoSA,w__Bb135_07,rw01bb135_07 | w__Bb135_07,rw01bb135_07 | w01Bb135_07 | w02Bb135_07 | w03Bb135_07 | w04Bb135_07 | w05Bb135_07 | w06Bb135_07 | w07Bb135_07 | w08Bb135_07 | w09Bb135_07 | w10Bb135_07,5번째 형제자매로부터 받은 정기적인 금전적 수령금액(단위: 만원) | 7번째 기타가족으로부터 받은 정기적인 금전적 수령금액(단위: 만원) | 7번째 기타가족으로부터 받은 정기적인 금전적 수령금액(단위: 만원),1,10,"1,2,3,4,5,6,7,8,9,10",raw | structured | structured,20,2,normalized_label,needs_review,
KLoSA,high,KLoSA,w__Bb135_08,rw01bb135_08 | w__Bb135_08,rw01bb135_08 | w01Bb135_08 | w02Bb135_08 | w04Bb135_08 | w05Bb135_08,6번째 형제자매로부터 받은 정기적인 금전적 수령금액(단위: 만원) | 8번째 기타가족으로부터 받은 정기적인 금전적 수령금액(단위: 만원) | 8번째 기타가족으로부터 받은 정기적인 금전적 수령금액(단위: 만원),1,5,"1,2,4,5",raw | structured | structured,8,2,normalized_label,needs_review,
KLoSA,high,KLoSA,w__Bb142_01,rw01bb142_01 | w__Bb142_01,rw01bb142_01 | w01Bb142_01 | w02Bb142_01 | w03Bb142_01 | w04Bb142_01 | w05Bb142_01 | w06Bb142_01 | w07Bb142_01 | w08Bb142_01 | w09Bb142_01 | w10Bb142_01,1번째 기타가족으로부터 받은 비정기적인 금전적 수령금액(단위: 만원) | 1번째 기타가족으로부터 받은 비정기적인 금전적 수령금액(단위: 만원) | 1번째 기타가족으로부터 받은 비정기적인 금전적 지원의 월평균액(단위: 만원) | 배우자의 어머니로부터 받은 비정기적인 금전적 수령금액(단위: 만원),1,10,"1,2,3,4,5,6,7,8,9,10",raw | structured | structured,21,2,normalized_label,needs_review,
KLoSA,high,KLoSA,w__Bb142_02,rw01bb142_02 | w__Bb142_02,rw01bb142_02 | w01Bb142_02 | w02Bb142_02 | w03Bb142_02 | w04Bb142_02 | w05Bb142_02 | w06Bb142_02 | w07Bb142_02 | w08Bb142_02 | w09Bb142_02 | w10Bb142_02,2번째 기타가족으로부터 받은 비정기적인 금전적 수령금액(단위: 만원) | 2번째 기타가족으로부터 받은 비정기적인 금전적 수령금액(단위: 만원) | 2번째 기타가족으로부터 받은 비정기적인 금전적 지원의 월평균액(단위: 만원) | 배우자의 아버지로부터 받은 비정기적인 금전적 수령금액(단위: 만원),1,10,"1,2,3,4,5,6,7,8,9,10",raw | structured | structured,21,2,normalized_label,needs_review,
KLoSA,high,KLoSA,w__Bb142_03,rw01bb142_03 | w__Bb142_03,rw01bb142_03 | w01Bb142_03 | w02Bb142_03 | w03Bb142_03 | w04Bb142_03 | w05Bb142_03 | w06Bb142_03 | w07Bb142_03 | w08Bb142_03 | w09Bb142_03 | w10Bb142_03,1번째 형제자매로부터 받은 비정기적인 금전적 수령금액(단위: 만원) | 3번째 기타가족으로부터 받은 비정기적인 금전적 수령금액(단위: 만원) | 3번째 기타가족으로부터 받은 비정기적인 금전적 지원의 월평균액(단위: 만원) | 3번째 기타가족으로부터 받은 비정기적인 금전적 수령금액(단위: 만원),1,10,"1,2,3,4,5,6,7,8,9,10",raw | structured | structured,21,2,normalized_label,needs_review,
KLoSA,high,KLoSA,w__Bb142_04,rw01bb142_04 | w__Bb142_04,rw01bb142_04 | w01Bb142_04 | w02Bb142_04 | w03Bb142_04 | w04Bb142_04 | w05Bb142_04 | w06Bb142_04 | w07Bb142_04 | w08Bb142_04 | w09Bb142_04 | w10Bb142_04,2번째 형제자매로부터 받은 비정기적인 금전적 수령금액(단위: 만원) | 4번째 기타가족으로부터 받은 비정기적인 금전적 수령금액(단위: 만원) | 4번째 기타가족으로부터 받은 비정기적인 금전적 지원의 월평균액(단위: 만원) | 4번째 기타가족으로부터 받은 비정기적인 금전적 수령금액(단위: 만원),1,10,"1,2,3,4,5,6,7,8,9,10",raw | structured | structured,21,2,normalized_label,needs_review,
KLoSA,high,KLoSA,w__Bb142_05,rw01bb142_05 | w__Bb142_05,rw01bb142_05 | w01Bb142_05 | w02Bb142_05 | w03Bb142_05 | w04Bb142_05 | w05Bb142_05 | w06Bb142_05 | w07Bb142_05 | w08Bb142_05 | w09Bb142_05 | w10Bb142_05,3번째 형제자매로부터 받은 비정기적인 금전적 수령금액(단위: 만원) | 5번째 기타가족으로부터 받은 비정기적인 금전적 수령금액(단위: 만원) | 5번째 기타가족으로부터 받은 비정기적인 금전적 지원의 월평균액(단위: 만원) | 5번째 기타가족으로부터 받은 비정기적인 금전적 수령금액(단위: 만원),1,10,"1,2,3,4,5,6,7,8,9,10",raw | structured | structured,21,2,normalized_label,needs_review,
KLoSA,high,KLoSA,w__Bb142_06,rw01bb142_06 | w__Bb142_06,rw01bb142_06 | w01Bb142_06 | w02Bb142_06 | w03Bb142_06 | w04Bb142_06 | w05Bb142_06 | w06Bb142_06 | w07Bb142_06 | w08Bb142_06 | w09Bb142_06 | w10Bb142_06,4번째 형제자매로부터 받은 비정기적인 금전적 수령금액(단위: 만원) | 6번째 기타가족으로부터 받은 비정기적인 금전적 수령금액(단위: 만원) | 6번째 기타가족으로부터 받은 비정기적인 금전적 지원의 월평균액(단위: 만원) | 6번째 기타가족으로부터 받은 비정기적인 금전적 수령금액(단위: 만원),1,10,"1,2,3,4,5,6,7,8,9,10",raw | structured | structured,21,2,normalized_label,needs_review,
KLoSA,high,KLoSA,w__Bb142_07,rw01bb142_07 | w__Bb142_07,rw01bb142_07 | w01Bb142_07 | w02Bb142_07 | w03Bb142_07 | w04Bb142_07 | w05Bb142_07 | w06Bb142_07 | w07Bb142_07 | w08Bb142_07 | w09Bb142_07 | w10Bb142_07,5번째 형제자매로부터 받은 비정기적인 금전적 수령금액(단위: 만원) | 7번째 기타가족으로부터 받은 비정기적인 금전적 수령금액(단위: 만원) | 7번째 기타가족으로부터 받은 비정기적인 금전적 수령금액(단위: 만원),1,10,"1,2,3,4,5,6,7,8,9,10",raw | structured | structured,20,2,normalized_label,needs_review,
KLoSA,high,KLoSA,w__Bb142_08,rw01bb142_08 | w__Bb142_08,rw01bb142_08 | w01Bb142_08 | w02Bb142_08 | w04Bb142_08 | w05Bb142_08,6번째 형제자매로부터 받은 비정기적인 금전적 수령금액(단위: 만원) | 8번째 기타가족으로부터 받은 비정기적인 금전적 수령금액(단위: 만원) | 8번째 기타가족으로부터 받은 비정기적인 금전적 수령금액(단위: 만원),1,5,"1,2,4,5",raw | structured | structured,8,2,normalized_label,needs_review,
KLoSA,high,KLoSA,w__Bb148_01m01,rw01bb148_01m01 | w__Bb148_01m01,rw01bb148_01m01 | w01Bb148_01m01 | w02Bb148_01m01 | w03Bb148_01m01 | w04Bb148_01m01 | w05Bb148_01m01 | w06Bb148_01m01 | w07Bb148_01m01 | w08Bb148_01m01 | w09Bb148_01m01 | w10Bb148_01m01,1번째 기타가족으로부터 받은 비금전적 수령의 종류_(1)여가(여행 및 관광) | 1번째 기타가족으로부터 받은 비금전적 수령의 종류_(1)여가(여행 및 관광) | 배우자의 어머니로부터 받은 비금전적 수령의 종류_(1)여가(여행 및 관광),1,10,"1,2,3,4,5,6,7,8,9,10",raw | structured | structured,21,2,normalized_label,needs_review,
KLoSA,high,KLoSA,w__Bb148_01m02,rw01bb148_01m02 | w__Bb148_01m02,rw01bb148_01m02 | w01Bb148_01m02 | w02Bb148_01m02 | w03Bb148_01m02 | w04Bb148_01m02 | w05Bb148_01m02 | w06Bb148_01m02 | w07Bb148_01m02 | w08Bb148_01m02 | w09Bb148_01m02 | w10Bb148_01m02,1번째 기타가족으로부터 받은 비금전적 수령의 종류_(2)건강용품 | 1번째 기타가족으로부터 받은 비금전적 수령의 종류_(2)건강용품 | 배우자의 어머니로부터 받은 비금전적 수령의 종류_(2)건강용품,1,10,"1,2,3,4,5,6,7,8,9,10",raw | structured | structured,21,2,normalized_label,needs_review,
KLoSA,high,KLoSA,w__Bb148_01m03,rw01bb148_01m03 | w__Bb148_01m03,rw01bb148_01m03 | w01Bb148_01m03 | w02Bb148_01m03 | w03Bb148_01m03 | w04Bb148_01m03 | w05Bb148_01m03 | w06Bb148_01m03 | w07Bb148_01m03 | w08Bb148_01m03 | w09Bb148_01m03 | w10Bb148_01m03,1번째 기타가족으로부터 받은 비금전적 수령의 종류_(3)생활용품 | 1번째 기타가족으로부터 받은 비금전적 수령의 종류_(3)생활용품 | 배우자의 어머니로부터 받은 비금전적 수령의 종류_(3)생활용품,1,10,"1,2,3,4,5,6,7,8,9,10",raw | structured | structured,21,2,normalized_label,needs_review,
KLoSA,high,KLoSA,w__Bb148_01m04,rw01bb148_01m04 | w__Bb148_01m04,rw01bb148_01m04 | w01Bb148_01m04 | w02Bb148_01m04 | w03Bb148_01m04 | w04Bb148_01m04 | w05Bb148_01m04 | w06Bb148_01m04 | w07Bb148_01m04 | w08Bb148_01m04 | w09Bb148_01m04 | w10Bb148_01m04,1번째 기타가족으로부터 받은 비금전적 수령의 종류_(4)전자제품 | 1번째 기타가족으로부터 받은 비금전적 수령의 종류_(4)전자제품 | 배우자의 어머니로부터 받은 비금전적 수령의 종류_(4)전자제품,1,10,"1,2,3,4,5,6,7,8,9,10",raw | structured | structured,21,2,normalized_label,needs_review,
KLoSA,high,KLoSA,w__Bb148_01m05,rw01bb148_01m05 | w__Bb148_01m05,rw01bb148_01m05 | w01Bb148_01m05 | w02Bb148_01m05 | w03Bb148_01m05 | w04Bb148_01m05 | w05Bb148_01m05 | w06Bb148_01m05 | w07Bb148_01m05 | w08Bb148_01m05 | w09Bb148_01m05 | w10Bb148_01m05,1번째 기타가족으로부터 받은 비금전적 수령의 종류_(5)외식 및 음식물 | 1번째 기타가족으로부터 받은 비금전적 수령의 종류_(5)외식 및 음식물 | 배우자의 어머니로부터 받은 비금전적 수령의 종류_(5)외식 및 음식물,1,10,"1,2,3,4,5,6,7,8,9,10",raw | structured | structured,21,2,normalized_label,needs_review,
KLoSA,high,KLoSA,w__Bb148_01m06,rw01bb148_01m06 | w__Bb148_01m06,rw01bb148_01m06 | w01Bb148_01m06 | w02Bb148_01m06 | w03Bb148_01m06 | w04Bb148_01m06 | w05Bb148_01m06 | w06Bb148_01m06 | w07Bb148_01m06 | w08Bb148_01m06 | w09Bb148_01m06 | w10Bb148_01m06,1번째 기타가족으로부터 받은 비금전적 수령의 종류_(6)기타 | 1번째 기타가족으로부터 받은 비금전적 수령의 종류_(7)기타 | 배우자의 어머니로부터 받은 비금전적 수령의 종류_(7)기타 | 1번째 기타가족으로부터 받은 비금전적 수령의 종류_(7)기타,1,10,"1,2,3,4,5,6,7,8,9,10",raw | structured | structured,21,2,normalized_label,needs_review,
KLoSA,high,KLoSA,w__Bb148_02m01,rw01bb148_02m01 | w__Bb148_02m01,rw01bb148_02m01 | w01Bb148_02m01 | w02Bb148_02m01 | w03Bb148_02m01 | w04Bb148_02m01 | w05Bb148_02m01 | w06Bb148_02m01 | w07Bb148_02m01 | w08Bb148_02m01 | w09Bb148_02m01 | w10Bb148_02m01,2번째 기타가족으로부터 받은 비금전적 수령의 종류_(1)여가(여행 및 관광) | 2번째 기타가족으로부터 받은 비금전적 수령의 종류_(1)여가(여행 및 관광) | 배우자의 아버지로부터 받은 비금전적 수령의 종류_(1)여가(여행 및 관광),1,10,"1,2,3,4,5,6,7,8,9,10",raw | structured | structured,21,2,normalized_label,needs_review,
KLoSA,high,KLoSA,w__Bb148_02m02,rw01bb148_02m02 | w__Bb148_02m02,rw01bb148_02m02 | w01Bb148_02m02 | w02Bb148_02m02 | w03Bb148_02m02 | w04Bb148_02m02 | w05Bb148_02m02 | w06Bb148_02m02 | w07Bb148_02m02 | w08Bb148_02m02 | w09Bb148_02m02 | w10Bb148_02m02,2번째 기타가족으로부터 받은 비금전적 수령의 종류_(2)건강용품 | 2번째 기타가족으로부터 받은 비금전적 수령의 종류_(2)건강용품 | 배우자의 아버지로부터 받은 비금전적 수령의 종류_(2)건강용품,1,10,"1,2,3,4,5,6,7,8,9,10",raw | structured | structured,21,2,normalized_label,needs_review,
KLoSA,high,KLoSA,w__Bb148_02m03,rw01bb148_02m03 | w__Bb148_02m03,rw01bb148_02m03 | w01Bb148_02m03 | w02Bb148_02m03 | w03Bb148_02m03 | w04Bb148_02m03 | w05Bb148_02m03 | w06Bb148_02m03 | w07Bb148_02m03 | w08Bb148_02m03 | w09Bb148_02m03 | w10Bb148_02m03,2번째 기타가족으로부터 받은 비금전적 수령의 종류_(3)생활용품 | 2번째 기타가족으로부터 받은 비금전적 수령의 종류_(3)생활용품 | 배우자의 아버지로부터 받은 비금전적 수령의 종류_(3)생활용품,1,10,"1,2,3,4,5,6,7,8,9,10",raw | structured | structured,21,2,normalized_label,needs_review,
KLoSA,high,KLoSA,w__Bb148_02m04,rw01bb148_02m04 | w__Bb148_02m04,rw01bb148_02m04 | w01Bb148_02m04 | w02Bb148_02m04 | w03Bb148_02m04 | w04Bb148_02m04 | w05Bb148_02m04 | w06Bb148_02m04 | w07Bb148_02m04 | w08Bb148_02m04 | w09Bb148_02m04 | w10Bb148_02m04,2번째 기타가족으로부터 받은 비금전적 수령의 종류_(4)전자제품 | 2번째 기타가족으로부터 받은 비금전적 수령의 종류_(4)전자제품 | 배우자의 아버지로부터 받은 비금전적 수령의 종류_(4)전자제품,1,10,"1,2,3,4,5,6,7,8,9,10",raw | structured | structured,21,2,normalized_label,needs_review,
KLoSA,high,KLoSA,w__Bb148_02m05,rw01bb148_02m05 | w__Bb148_02m05,rw01bb148_02m05 | w01Bb148_02m05 | w02Bb148_02m05 | w03Bb148_02m05 | w04Bb148_02m05 | w05Bb148_02m05 | w06Bb148_02m05 | w07Bb148_02m05 | w08Bb148_02m05 | w09Bb148_02m05 | w10Bb148_02m05,2번째 기타가족으로부터 받은 비금전적 수령의 종류_(5)외식 및 음식물 | 2번째 기타가족으로부터 받은 비금전적 수령의 종류_(5)외식 및 음식물 | 배우자의 아버지로부터 받은 비금전적 수령의 종류_(5)외식 및 음식물,1,10,"1,2,3,4,5,6,7,8,9,10",raw | structured | structured,21,2,normalized_label,needs_review,
KLoSA,high,KLoSA,w__Bb148_02m06,rw01bb148_02m06 | w__Bb148_02m06,rw01bb148_02m06 | w01Bb148_02m06 | w02Bb148_02m06 | w03Bb148_02m06 | w04Bb148_02m06 | w05Bb148_02m06 | w06Bb148_02m06 | w07Bb148_02m06 | w08Bb148_02m06 | w09Bb148_02m06 | w10Bb148_02m06,2번째 기타가족으로부터 받은 비금전적 수령의 종류_(6)기타 | 2번째 기타가족으로부터 받은 비금전적 수령의 종류_(7)기타 | 배우자의 아버지로부터 받은 비금전적 수령의 종류_(7)기타 | 2번째 기타가족으로부터 받은 비금전적 수령의 종류_(7)기타,1,10,"1,2,3,4,5,6,7,8,9,10",raw | structured | structured,21,2,normalized_label,needs_review,
KLoSA,high,KLoSA,w__Bb148_03m01,rw01bb134_03m03 | w__Bb148_03m01,rw01bb134_03m03 | w01Bb148_03m01 | w02Bb148_03m01 | w03Bb148_03m01 | w04Bb148_03m01 | w05Bb148_03m01 | w06Bb148_03m01 | w07Bb148_03m01 | w08Bb148_03m01 | w09Bb148_03m01 | w10Bb148_03m01,1번째 형제자매로부터 받은 비금전적 수령의 종류_(1)여가(여행 및 관광) | 3번째 기타가족으로부터 받은 비금전적 수령의 종류_(1)여가(여행 및 관광) | 3번째 기타가족으로부터 받은 비금전적 수령의 종류_(1)여가(여행 및 관광),1,10,"1,2,3,4,5,6,7,8,9,10",raw | structured | structured,21,2,normalized_label,needs_review,
KLoSA,high,KLoSA,w__Bb148_03m02,rw01bb148_03m01 | w__Bb148_03m02,rw01bb148_03m01 | w01Bb148_03m02 | w02Bb148_03m02 | w03Bb148_03m02 | w04Bb148_03m02 | w05Bb148_03m02 | w06Bb148_03m02 | w07Bb148_03m02 | w08Bb148_03m02 | w09Bb148_03m02 | w10Bb148_03m02,1번째 형제자매로부터 받은 비금전적 수령의 종류_(2)건강용품 | 3번째 기타가족으로부터 받은 비금전적 수령의 종류_(2)건강용품 | 3번째 기타가족으로부터 받은 비금전적 수령의 종류_(2)건강용품,1,10,"1,2,3,4,5,6,7,8,9,10",raw | structured | structured,21,2,normalized_label,needs_review,
KLoSA,high,KLoSA,w__Bb148_03m03,rw01bb148_03m02 | w__Bb148_03m03,rw01bb148_03m02 | w01Bb148_03m03 | w02Bb148_03m03 | w03Bb148_03m03 | w04Bb148_03m03 | w05Bb148_03m03 | w06Bb148_03m03 | w07Bb148_03m03 | w08Bb148_03m03 | w09Bb148_03m03 | w10Bb148_03m03,1번째 형제자매로부터 받은 비금전적 수령의 종류_(3)생활용품 | 3번째 기타가족으로부터 받은 비금전적 수령의 종류_(3)생활용품 | 3번째 기타가족으로부터 받은 비금전적 수령의 종류_(3)생활용품,1,10,"1,2,3,4,5,6,7,8,9,10",raw | structured | structured,21,2,normalized_label,needs_review,
KLoSA,high,KLoSA,w__Bb148_03m04,rw01bb148_03m03 | w__Bb148_03m04,rw01bb148_03m03 | w01Bb148_03m04 | w02Bb148_03m04 | w03Bb148_03m04 | w04Bb148_03m04 | w05Bb148_03m04 | w06Bb148_03m04 | w07Bb148_03m04 | w08Bb148_03m04 | w09Bb148_03m04 | w10Bb148_03m04,1번째 형제자매로부터 받은 비금전적 수령의 종류_(4)전자제품 | 3번째 기타가족으로부터 받은 비금전적 수령의 종류_(4)전자제품 | 3번째 기타가족으로부터 받은 비금전적 수령의 종류_(4)전자제품,1,10,"1,2,3,4,5,6,7,8,9,10",raw | structured | structured,21,2,normalized_label,needs_review,
KLoSA,high,KLoSA,w__Bb148_03m05,rw01bb148_03m04 | w__Bb148_03m05,rw01bb148_03m04 | w01Bb148_03m05 | w02Bb148_03m05 | w03Bb148_03m05 | w04Bb148_03m05 | w05Bb148_03m05 | w06Bb148_03m05 | w07Bb148_03m05 | w08Bb148_03m05 | w09Bb148_03m05 | w10Bb148_03m05,1번째 형제자매로부터 받은 비금전적 수령의 종류_(5)외식 및 음식물 | 3번째 기타가족으로부터 받은 비금전적 수령의 종류_(5)외식 및 음식물 | 3번째 기타가족으로부터 받은 비금전적 수령의 종류_(5)외식 및 음식물,1,10,"1,2,3,4,5,6,7,8,9,10",raw | structured | structured,21,2,normalized_label,needs_review,
KLoSA,high,KLoSA,w__Bb148_03m06,rw01bb148_03m06 | w__Bb148_03m06,rw01bb148_03m06 | w01Bb148_03m06 | w02Bb148_03m06 | w03Bb148_03m06 | w04Bb148_03m06 | w05Bb148_03m06 | w06Bb148_03m06 | w07Bb148_03m06 | w08Bb148_03m06 | w09Bb148_03m06 | w10Bb148_03m06,1번째 형제자매로부터 받은 비금전적 수령의 종류_(7)기타 | 3번째 기타가족으로부터 받은 비금전적 수령의 종류_(6)기타 | 3번째 기타가족으로부터 받은 비금전적 수령의 종류_(7)기타 | 3번째 기타가족으로부터 받은 비금전적 수령의 종류_(6)기타,1,10,"1,2,3,4,5,6,7,8,9,10",raw | structured | structured,21,2,normalized_label,needs_review,
KLoSA,high,KLoSA,w__Bb148_04m01,rw01bb148_04m01 | w__Bb148_04m01,rw01bb148_04m01 | w01Bb148_04m01 | w02Bb148_04m01 | w03Bb148_04m01 | w04Bb148_04m01 | w05Bb148_04m01 | w06Bb148_04m01 | w07Bb148_04m01 | w08Bb148_04m01 | w09Bb148_04m01 | w10Bb148_04m01,2번째 형제자매로부터 받은 비금전적 수령의 종류_(1)여가(여행 및 관광) | 4번째 기타가족으로부터 받은 비금전적 수령의 종류_(1)여가(여행 및 관광) | 4번째 기타가족으로부터 받은 비금전적 수령의 종류_(1)여가(여행 및 관광),1,10,"1,2,3,4,5,6,7,8,9,10",raw | structured | structured,21,2,normalized_label,needs_review,
KLoSA,high,KLoSA,w__Bb148_04m02,rw01bb148_04m02 | w__Bb148_04m02,rw01bb148_04m02 | w01Bb148_04m02 | w02Bb148_04m02 | w03Bb148_04m02 | w04Bb148_04m02 | w05Bb148_04m02 | w06Bb148_04m02 | w07Bb148_04m02 | w08Bb148_04m02 | w09Bb148_04m02 | w10Bb148_04m02,2번째 형제자매로부터 받은 비금전적 수령의 종류_(2)건강용품 | 4번째 기타가족으로부터 받은 비금전적 수령의 종류_(2)건강용품 | 4번째 기타가족으로부터 받은 비금전적 수령의 종류_(2)건강용품,1,10,"1,2,3,4,5,6,7,8,9,10",raw | structured | structured,21,2,normalized_label,needs_review,
KLoSA,high,KLoSA,w__Bb148_04m03,rw01bb148_04m03 | w__Bb148_04m03,rw01bb148_04m03 | w01Bb148_04m03 | w02Bb148_04m03 | w03Bb148_04m03 | w04Bb148_04m03 | w05Bb148_04m03 | w06Bb148_04m03 | w07Bb148_04m03 | w08Bb148_04m03 | w09Bb148_04m03 | w10Bb148_04m03,2번째 형제자매로부터 받은 비금전적 수령의 종류_(3)생활용품 | 4번째 기타가족으로부터 받은 비금전적 수령의 종류_(3)생활용품 | 4번째 기타가족으로부터 받은 비금전적 수령의 종류_(3)생활용품,1,10,"1,2,3,4,5,6,7,8,9,10",raw | structured | structured,21,2,normalized_label,needs_review,
KLoSA,high,KLoSA,w__Bb148_04m04,rw01bb148_04m04 | w__Bb148_04m04,rw01bb148_04m04 | w01Bb148_04m04 | w02Bb148_04m04 | w03Bb148_04m04 | w04Bb148_04m04 | w05Bb148_04m04 | w06Bb148_04m04 | w07Bb148_04m04 | w08Bb148_04m04 | w09Bb148_04m04 | w10Bb148_04m04,2번째 형제자매로부터 받은 비금전적 수령의 종류_(4)전자제품 | 4번째 기타가족으로부터 받은 비금전적 수령의 종류_(4)전자제품 | 4번째 기타가족으로부터 받은 비금전적 수령의 종류_(4)전자제품,1,10,"1,2,3,4,5,6,7,8,9,10",raw | structured | structured,21,2,normalized_label,needs_review,
KLoSA,high,KLoSA,w__Bb148_04m05,rw01bb148_04m05 | w__Bb148_04m05,rw01bb148_04m05 | w01Bb148_04m05 | w02Bb148_04m05 | w03Bb148_04m05 | w04Bb148_04m05 | w05Bb148_04m05 | w06Bb148_04m05 | w07Bb148_04m05 | w08Bb148_04m05 | w09Bb148_04m05 | w10Bb148_04m05,2번째 형제자매로부터 받은 비금전적 수령의 종류_(5)외식 및 음식물 | 4번째 기타가족으로부터 받은 비금전적 수령의 종류_(5)외식 및 음식물 | 4번째 기타가족으로부터 받은 비금전적 수령의 종류_(5)외식 및 음식물,1,10,"1,2,3,4,5,6,7,8,9,10",raw | structured | structured,21,2,normalized_label,needs_review,
KLoSA,high,KLoSA,w__Bb148_04m06,rw01bb148_04m06 | w__Bb148_04m06,rw01bb148_04m06 | w01Bb148_04m06 | w02Bb148_04m06 | w03Bb148_04m06 | w04Bb148_04m06 | w05Bb148_04m06 | w06Bb148_04m06 | w07Bb148_04m06 | w08Bb148_04m06 | w09Bb148_04m06 | w10Bb148_04m06,2번째 형제자매로부터 받은 비금전적 수령의 종류_(7)기타 | 4번째 기타가족으로부터 받은 비금전적 수령의 종류_(6)기타 | 4번째 기타가족으로부터 받은 비금전적 수령의 종류_(7)기타 | 4번째 기타가족으로부터 받은 비금전적 수령의 종류_(6)기타,1,10,"1,2,3,4,5,6,7,8,9,10",raw | structured | structured,21,2,normalized_label,needs_review,
KLoSA,high,KLoSA,w__Bb148_05m01,rw01bb148_05m01 | w__Bb148_05m01,rw01bb148_05m01 | w01Bb148_05m01 | w02Bb148_05m01 | w03Bb148_05m01 | w04Bb148_05m01 | w05Bb148_05m01 | w06Bb148_05m01 | w07Bb148_05m01 | w08Bb148_05m01 | w09Bb148_05m01 | w10Bb148_05m01,3번째 형제자매로부터 받은 비금전적 수령의 종류_(1)여가(여행 및 관광) | 5번째 기타가족으로부터 받은 비금전적 수령의 종류_(1)여가(여행 및 관광) | 5번째 기타가족으로부터 받은 비금전적 수령의 종류_(1)여가(여행 및 관광),1,10,"1,2,3,4,5,6,7,8,9,10",raw | structured | structured,21,2,normalized_label,needs_review,
KLoSA,high,KLoSA,w__Bb148_05m02,rw01bb148_05m02 | w__Bb148_05m02,rw01bb148_05m02 | w01Bb148_05m02 | w02Bb148_05m02 | w03Bb148_05m02 | w04Bb148_05m02 | w05Bb148_05m02 | w06Bb148_05m02 | w07Bb148_05m02 | w08Bb148_05m02 | w09Bb148_05m02 | w10Bb148_05m02,3번째 형제자매로부터 받은 비금전적 수령의 종류_(2)건강용품 | 5번째 기타가족으로부터 받은 비금전적 수령의 종류_(2)건강용품 | 5번째 기타가족으로부터 받은 비금전적 수령의 종류_(2)건강용품,1,10,"1,2,3,4,5,6,7,8,9,10",raw | structured | structured,21,2,normalized_label,needs_review,
KLoSA,high,KLoSA,w__Bb148_05m03,rw01bb148_05m03 | w__Bb148_05m03,rw01bb148_05m03 | w01Bb148_05m03 | w02Bb148_05m03 | w03Bb148_05m03 | w04Bb148_05m03 | w05Bb148_05m03 | w06Bb148_05m03 | w07Bb148_05m03 | w08Bb148_05m03 | w09Bb148_05m03 | w10Bb148_05m03,3번째 형제자매로부터 받은 비금전적 수령의 종류_(3)생활용품 | 5번째 기타가족으로부터 받은 비금전적 수령의 종류_(3)생활용품 | 5번째 기타가족으로부터 받은 비금전적 수령의 종류_(3)생활용품,1,10,"1,2,3,4,5,6,7,8,9,10",raw | structured | structured,21,2,normalized_label,needs_review,
KLoSA,high,KLoSA,w__Bb148_05m04,rw01bb148_05m04 | w__Bb148_05m04,rw01bb148_05m04 | w01Bb148_05m04 | w02Bb148_05m04 | w03Bb148_05m04 | w04Bb148_05m04 | w05Bb148_05m04 | w06Bb148_05m04 | w07Bb148_05m04 | w08Bb148_05m04 | w09Bb148_05m04 | w10Bb148_05m04,3번째 형제자매로부터 받은 비금전적 수령의 종류_(4)전자제품 | 5번째 기타가족으로부터 받은 비금전적 수령의 종류_(4)전자제품 | 5번째 기타가족으로부터 받은 비금전적 수령의 종류_(4)전자제품,1,10,"1,2,3,4,5,6,7,8,9,10",raw | structured | structured,21,2,normalized_label,needs_review,
KLoSA,high,KLoSA,w__Bb148_05m05,rw01bb148_05m05 | w__Bb148_05m05,rw01bb148_05m05 | w01Bb148_05m05 | w02Bb148_05m05 | w03Bb148_05m05 | w04Bb148_05m05 | w05Bb148_05m05 | w06Bb148_05m05 | w07Bb148_05m05 | w08Bb148_05m05 | w09Bb148_05m05 | w10Bb148_05m05,3번째 형제자매로부터 받은 비금전적 수령의 종류_(5)외식 및 음식물 | 5번째 기타가족으로부터 받은 비금전적 수령의 종류_(5)외식 및 음식물 | 5번째 기타가족으로부터 받은 비금전적 수령의 종류_(5)외식 및 음식물,1,10,"1,2,3,4,5,6,7,8,9,10",raw | structured | structured,21,2,normalized_label,needs_review,
KLoSA,high,KLoSA,w__Bb148_05m06,rw01bb148_05m06 | w__Bb148_05m06,rw01bb148_05m06 | w01Bb148_05m06 | w02Bb148_05m06 | w03Bb148_05m06 | w04Bb148_05m06 | w05Bb148_05m06 | w06Bb148_05m06 | w07Bb148_05m06 | w08Bb148_05m06 | w09Bb148_05m06 | w10Bb148_05m06,3번째 형제자매로부터 받은 비금전적 수령의 종류_(7)기타 | 5번째 기타가족으로부터 받은 비금전적 수령의 종류_(6)기타 | 5번째 기타가족으로부터 받은 비금전적 수령의 종류_(7)기타 | 5번째 기타가족으로부터 받은 비금전적 수령의 종류_(6)기타,1,10,"1,2,3,4,5,6,7,8,9,10",raw | structured | structured,21,2,normalized_label,needs_review,
KLoSA,high,KLoSA,w__Bb148_06m01,rw01bb134_06m03 | w__Bb148_06m01,rw01bb134_06m03 | w01Bb148_06m01 | w02Bb148_06m01 | w03Bb148_06m01 | w04Bb148_06m01 | w05Bb148_06m01 | w06Bb148_06m01 | w07Bb148_06m01 | w08Bb148_06m01 | w09Bb148_06m01 | w10Bb148_06m01,4번째 형제자매로부터 받은 비금전적 수령의 종류_(1)여가(여행 및 관광) | 6번째 기타가족으로부터 받은 비금전적 수령의 종류_(1)여가(여행 및 관광) | 6번째 기타가족으로부터 받은 비금전적 수령의 종류_(1)여가(여행 및 관광),1,10,"1,2,3,4,5,6,7,8,9,10",raw | structured | structured,21,2,normalized_label,needs_review,
KLoSA,high,KLoSA,w__Bb148_06m02,rw01bb148_06m01 | w__Bb148_06m02,rw01bb148_06m01 | w01Bb148_06m02 | w02Bb148_06m02 | w03Bb148_06m02 | w04Bb148_06m02 | w05Bb148_06m02 | w06Bb148_06m02 | w07Bb148_06m02 | w08Bb148_06m02 | w09Bb148_06m02 | w10Bb148_06m02,4번째 형제자매로부터 받은 비금전적 수령의 종류_(2)건강용품 | 6번째 기타가족으로부터 받은 비금전적 수령의 종류_(2)건강용품 | 6번째 기타가족으로부터 받은 비금전적 수령의 종류_(2)건강용품,1,10,"1,2,3,4,5,6,7,8,9,10",raw | structured | structured,21,2,normalized_label,needs_review,
KLoSA,high,KLoSA,w__Bb148_06m03,rw01bb148_06m02 | w__Bb148_06m03,rw01bb148_06m02 | w01Bb148_06m03 | w02Bb148_06m03 | w03Bb148_06m03 | w04Bb148_06m03 | w05Bb148_06m03 | w06Bb148_06m03 | w07Bb148_06m03 | w08Bb148_06m03 | w09Bb148_06m03 | w10Bb148_06m03,4번째 형제자매로부터 받은 비금전적 수령의 종류_(3)생활용품 | 6번째 기타가족으로부터 받은 비금전적 수령의 종류_(3)생활용품 | 6번째 기타가족으로부터 받은 비금전적 수령의 종류_(3)생활용품,1,10,"1,2,3,4,5,6,7,8,9,10",raw | structured | structured,21,2,normalized_label,needs_review,
KLoSA,high,KLoSA,w__Bb148_06m04,rw01bb148_06m03 | w__Bb148_06m04,rw01bb148_06m03 | w01Bb148_06m04 | w02Bb148_06m04 | w03Bb148_06m04 | w04Bb148_06m04 | w05Bb148_06m04 | w06Bb148_06m04 | w07Bb148_06m04 | w08Bb148_06m04 | w09Bb148_06m04 | w10Bb148_06m04,4번째 형제자매로부터 받은 비금전적 수령의 종류_(4)전자제품 | 6번째 기타가족으로부터 받은 비금전적 수령의 종류_(4)전자제품 | 6번째 기타가족으로부터 받은 비금전적 수령의 종류_(4)전자제품,1,10,"1,2,3,4,5,6,7,8,9,10",raw | structured | structured,21,2,normalized_label,needs_review,
KLoSA,high,KLoSA,w__Bb148_06m05,rw01bb148_06m04 | w__Bb148_06m05,rw01bb148_06m04 | w01Bb148_06m05 | w02Bb148_06m05 | w03Bb148_06m05 | w04Bb148_06m05 | w05Bb148_06m05 | w06Bb148_06m05 | w07Bb148_06m05 | w08Bb148_06m05 | w09Bb148_06m05 | w10Bb148_06m05,4번째 형제자매로부터 받은 비금전적 수령의 종류_(5)외식 및 음식물 | 6번째 기타가족으로부터 받은 비금전적 수령의 종류_(5)외식 및 음식물 | 6번째 기타가족으로부터 받은 비금전적 수령의 종류_(5)외식 및 음식물,1,10,"1,2,3,4,5,6,7,8,9,10",raw | structured | structured,21,2,normalized_label,needs_review,
KLoSA,high,KLoSA,w__Bb148_06m06,rw01bb148_06m06 | w__Bb148_06m06,rw01bb148_06m06 | w01Bb148_06m06 | w02Bb148_06m06 | w03Bb148_06m06 | w04Bb148_06m06 | w05Bb148_06m06 | w06Bb148_06m06 | w07Bb148_06m06 | w08Bb148_06m06 | w09Bb148_06m06 | w10Bb148_06m06,4번째 형제자매로부터 받은 비금전적 수령의 종류_(7)기타 | 6번째 기타가족으로부터 받은 비금전적 수령의 종류_(6)기타 | 6번째 기타가족으로부터 받은 비금전적 수령의 종류_(7)기타 | 6번째 기타가족으로부터 받은 비금전적 수령의 종류_(6)기타,1,10,"1,2,3,4,5,6,7,8,9,10",raw | structured | structured,21,2,normalized_label,needs_review,
KLoSA,high,KLoSA,w__Bb148_07m01,rw01bb148_07m01 | w__Bb148_07m01,rw01bb148_07m01 | w01Bb148_07m01 | w02Bb148_07m01 | w03Bb148_07m01 | w04Bb148_07m01 | w05Bb148_07m01 | w06Bb148_07m01 | w07Bb148_07m01 | w08Bb148_07m01 | w09Bb148_07m01 | w10Bb148_07m01,5번째 형제자매로부터 받은 비금전적 수령의 종류_(1)여가(여행 및 관광) | 7번째 기타가족으로부터 받은 비금전적 수령의 종류_(1)여가(여행 및 관광) | 7번째 기타가족으로부터 받은 비금전적 수령의 종류_(1)여가(여행 및 관광),1,10,"1,2,3,4,5,6,7,8,9,10",raw | structured | structured,20,2,normalized_label,needs_review,
KLoSA,high,KLoSA,w__Bb148_07m02,rw01bb148_07m02 | w__Bb148_07m02,rw01bb148_07m02 | w01Bb148_07m02 | w02Bb148_07m02 | w03Bb148_07m02 | w04Bb148_07m02 | w05Bb148_07m02 | w06Bb148_07m02 | w07Bb148_07m02 | w08Bb148_07m02 | w09Bb148_07m02 | w10Bb148_07m02,5번째 형제자매로부터 받은 비금전적 수령의 종류_(2)건강용품 | 7번째 기타가족으로부터 받은 비금전적 수령의 종류_(2)건강용품 | 7번째 기타가족으로부터 받은 비금전적 수령의 종류_(2)건강용품,1,10,"1,2,3,4,5,6,7,8,9,10",raw | structured | structured,20,2,normalized_label,needs_review,
KLoSA,high,KLoSA,w__Bb148_07m03,rw01bb148_07m03 | w__Bb148_07m03,rw01bb148_07m03 | w01Bb148_07m03 | w02Bb148_07m03 | w03Bb148_07m03 | w04Bb148_07m03 | w05Bb148_07m03 | w06Bb148_07m03 | w07Bb148_07m03 | w08Bb148_07m03 | w09Bb148_07m03 | w10Bb148_07m03,5번째 형제자매로부터 받은 비금전적 수령의 종류_(3)생활용품 | 7번째 기타가족으로부터 받은 비금전적 수령의 종류_(3)생활용품 | 7번째 기타가족으로부터 받은 비금전적 수령의 종류_(3)생활용품,1,10,"1,2,3,4,5,6,7,8,9,10",raw | structured | structured,20,2,normalized_label,needs_review,
KLoSA,high,KLoSA,w__Bb148_07m04,rw01bb148_07m04 | w__Bb148_07m04,rw01bb148_07m04 | w01Bb148_07m04 | w02Bb148_07m04 | w03Bb148_07m04 | w04Bb148_07m04 | w05Bb148_07m04 | w06Bb148_07m04 | w07Bb148_07m04 | w08Bb148_07m04 | w09Bb148_07m04 | w10Bb148_07m04,5번째 형제자매로부터 받은 비금전적 수령의 종류_(4)전자제품 | 7번째 기타가족으로부터 받은 비금전적 수령의 종류_(4)전자제품 | 7번째 기타가족으로부터 받은 비금전적 수령의 종류_(4)전자제품,1,10,"1,2,3,4,5,6,7,8,9,10",raw | structured | structured,20,2,normalized_label,needs_review,
KLoSA,high,KLoSA,w__Bb148_07m05,rw01bb148_07m05 | w__Bb148_07m05,rw01bb148_07m05 | w01Bb148_07m05 | w02Bb148_07m05 | w03Bb148_07m05 | w04Bb148_07m05 | w05Bb148_07m05 | w06Bb148_07m05 | w07Bb148_07m05 | w08Bb148_07m05 | w09Bb148_07m05 | w10Bb148_07m05,5번째 형제자매로부터 받은 비금전적 수령의 종류_(5)외식 및 음식물 | 7번째 기타가족으로부터 받은 비금전적 수령의 종류_(5)외식 및 음식물 | 7번째 기타가족으로부터 받은 비금전적 수령의 종류_(5)외식 및 음식물,1,10,"1,2,3,4,5,6,7,8,9,10",raw | structured | structured,20,2,normalized_label,needs_review,
KLoSA,high,KLoSA,w__Bb148_07m06,rw01bb148_07m06 | w__Bb148_07m06,rw01bb148_07m06 | w01Bb148_07m06 | w02Bb148_07m06 | w03Bb148_07m06 | w04Bb148_07m06 | w05Bb148_07m06 | w06Bb148_07m06 | w07Bb148_07m06 | w08Bb148_07m06 | w09Bb148_07m06 | w10Bb148_07m06,5번째 형제자매로부터 받은 비금전적 수령의 종류_(7)기타 | 7번째 기타가족으로부터 받은 비금전적 수령의 종류_(6)기타 | 7번째 기타가족으로부터 받은 비금전적 수령의 종류_(7)기타 | 7번째 기타가족으로부터 받은 비금전적 수령의 종류_(6)기타,1,10,"1,2,3,4,5,6,7,8,9,10",raw | structured | structured,20,2,normalized_label,needs_review,
KLoSA,high,KLoSA,w__Bb148_08m01,rw01bb148_08m01 | w__Bb148_08m01,rw01bb148_08m01 | w01Bb148_08m01 | w02Bb148_08m01 | w04Bb148_08m01 | w05Bb148_08m01,6번째 형제자매로부터 받은 비금전적 수령의 종류_(1)여가(여행 및 관광) | 8번째 기타가족으로부터 받은 비금전적 수령의 종류_(1)여가(여행 및 관광) | 8번째 기타가족으로부터 받은 비금전적 수령의 종류_(1)여가(여행 및 관광),1,5,"1,2,4,5",raw | structured | structured,8,2,normalized_label,needs_review,
KLoSA,high,KLoSA,w__Bb148_08m02,rw01bb148_08m02 | w__Bb148_08m02,rw01bb148_08m02 | w01Bb148_08m02 | w02Bb148_08m02 | w04Bb148_08m02 | w05Bb148_08m02,6번째 형제자매로부터 받은 비금전적 수령의 종류_(2)건강용품 | 8번째 기타가족으로부터 받은 비금전적 수령의 종류_(2)건강용품 | 8번째 기타가족으로부터 받은 비금전적 수령의 종류_(2)건강용품,1,5,"1,2,4,5",raw | structured | structured,8,2,normalized_label,needs_review,
KLoSA,high,KLoSA,w__Bb148_08m03,rw01bb148_08m03 | w__Bb148_08m03,rw01bb148_08m03 | w01Bb148_08m03 | w02Bb148_08m03 | w04Bb148_08m03 | w05Bb148_08m03,6번째 형제자매로부터 받은 비금전적 수령의 종류_(3)생활용품 | 8번째 기타가족으로부터 받은 비금전적 수령의 종류_(3)생활용품 | 8번째 기타가족으로부터 받은 비금전적 수령의 종류_(3)생활용품,1,5,"1,2,4,5",raw | structured | structured,8,2,normalized_label,needs_review,
KLoSA,high,KLoSA,w__Bb148_08m04,rw01bb148_08m04 | w__Bb148_08m04,rw01bb148_08m04 | w01Bb148_08m04 | w02Bb148_08m04 | w04Bb148_08m04 | w05Bb148_08m04,6번째 형제자매로부터 받은 비금전적 수령의 종류_(4)전자제품 | 8번째 기타가족으로부터 받은 비금전적 수령의 종류_(4)전자제품 | 8번째 기타가족으로부터 받은 비금전적 수령의 종류_(4)전자제품,1,5,"1,2,4,5",raw | structured | structured,8,2,normalized_label,needs_review,
KLoSA,high,KLoSA,w__Bb148_08m05,rw01bb148_08m05 | w__Bb148_08m05,rw01bb148_08m05 | w01Bb148_08m05 | w02Bb148_08m05 | w04Bb148_08m05 | w05Bb148_08m05,6번째 형제자매로부터 받은 비금전적 수령의 종류_(5)외식 및 음식물 | 8번째 기타가족으로부터 받은 비금전적 수령의 종류_(5)외식 및 음식물 | 8번째 기타가족으로부터 받은 비금전적 수령의 종류_(5)외식 및 음식물,1,5,"1,2,4,5",raw | structured | structured,8,2,normalized_label,needs_review,
KLoSA,high,KLoSA,w__Bb148_08m06,rw01bb148_08m06 | w__Bb148_08m06,rw01bb148_08m06 | w01Bb148_08m06 | w02Bb148_08m06 | w04Bb148_08m06 | w05Bb148_08m06,6번째 형제자매로부터 받은 비금전적 수령의 종류_(7)기타 | 8번째 기타가족으로부터 받은 비금전적 수령의 종류_(6)기타 | 8번째 기타가족으로부터 받은 비금전적 수령의 종류_(7)기타 | 8번째 기타가족으로부터 받은 비금전적 수령의 종류_(7)기타,1,5,"1,2,4,5",raw | structured | structured,8,2,normalized_label,needs_review,
KLoSA,high,KLoSA,w__Bb151a01,rw01Bb151a01 | w__Bb151a01,rw01Bb151a01 | w01Bb151a01 | w02Bb151a01 | w03Bb151a01 | w04Bb151a01 | w05Bb151a01 | w06Bb151a01 | w07Bb151a01 | w08Bb151a01 | w09Bb151a01 | w10Bb151a01,금전 현물 지원 기타가족과의 관계_01 | 금전 현물 지원 기타가족과의 관계_01 | 비동거기간 동안 (비)금전적 지원을 해준 기타가족_01 | 응답자가 경제적 도움 준 기타 가족 : 배우자의 어머니,1,10,"1,2,3,4,5,6,7,8,9,10",raw | structured | structured,21,2,normalized_label,needs_review,
KLoSA,high,KLoSA,w__Bb151a02,rw01Bb151a02 | w__Bb151a02,rw01Bb151a02 | w01Bb151a02 | w02Bb151a02 | w03Bb151a02 | w04Bb151a02 | w05Bb151a02 | w06Bb151a02 | w07Bb151a02 | w08Bb151a02 | w09Bb151a02 | w10Bb151a02,금전 현물 지원 기타가족과의 관계_02 | 금전 현물 지원 기타가족과의 관계_02 | 비동거기간 동안 (비)금전적 지원을 해준 기타가족_02 | 응답자가 경제적 도움 준 기타 가족 : 배우자의 아버지,1,10,"1,2,3,4,5,6,7,8,9,10",raw | structured | structured,21,2,normalized_label,needs_review,
KLoSA,high,KLoSA,w__Bb151a03,rw01Bb151a03 | w__Bb151a03,rw01Bb151a03 | w01Bb151a03 | w02Bb151a03 | w03Bb151a03 | w04Bb151a03 | w05Bb151a03 | w06Bb151a03 | w07Bb151a03 | w08Bb151a03 | w09Bb151a03 | w10Bb151a03,금전 현물 지원 기타가족과의 관계_03 | 금전 현물 지원 기타가족과의 관계_03 | 비동거기간 동안 (비)금전적 지원을 해준 기타가족_03 | 응답자가 경제적 도움 준 기타 가족 : 1번째 형제자매,1,10,"1,2,3,4,5,6,7,8,9,10",raw | structured | structured,21,2,normalized_label,needs_review,
KLoSA,high,KLoSA,w__Bb151a04,rw01Bb151a04 | w__Bb151a04,rw01Bb151a04 | w01Bb151a04 | w02Bb151a04 | w03Bb151a04 | w04Bb151a04 | w05Bb151a04 | w06Bb151a04 | w07Bb151a04 | w08Bb151a04 | w09Bb151a04 | w10Bb151a04,금전 현물 지원 기타가족과의 관계_04 | 금전 현물 지원 기타가족과의 관계_04 | 비동거기간 동안 (비)금전적 지원을 해준 기타가족_04 | 응답자가 경제적 도움 준 기타 가족 : 2번째 형제자매,1,10,"1,2,3,4,5,6,7,8,9,10",raw | structured | structured,21,2,normalized_label,needs_review,
KLoSA,high,KLoSA,w__Bb151a05,rw01Bb151a05 | w__Bb151a05,rw01Bb151a05 | w01Bb151a05 | w02Bb151a05 | w03Bb151a05 | w04Bb151a05 | w05Bb151a05 | w06Bb151a05 | w07Bb151a05 | w08Bb151a05 | w09Bb151a05 | w10Bb151a05,금전 현물 지원 기타가족과의 관계_05 | 금전 현물 지원 기타가족과의 관계_05 | 비동거기간 동안 (비)금전적 지원을 해준 기타가족_05 | 응답자가 경제적 도움 준 기타 가족 : 3번째 형제자매,1,10,"1,2,3,4,5,6,7,8,9,10",raw | structured | structured,21,2,normalized_label,needs_review,
KLoSA,high,KLoSA,w__Bb151a06,rw01Bb151a06 | w__Bb151a06,rw01Bb151a06 | w01Bb151a06 | w02Bb151a06 | w03Bb151a06 | w04Bb151a06 | w05Bb151a06 | w06Bb151a06 | w07Bb151a06 | w08Bb151a06 | w09Bb151a06 | w10Bb151a06,금전 현물 지원 기타가족과의 관계_06 | 금전 현물 지원 기타가족과의 관계_06 | 비동거기간 동안 (비)금전적 지원을 해준 기타가족_06 | 응답자가 경제적 도움 준 기타 가족 : 4번째 형제자매,1,10,"1,2,3,4,5,6,7,8,9,10",raw | structured | structured,21,2,normalized_label,needs_review,
KLoSA,high,KLoSA,w__Bb151a07,rw01Bb151a07 | w__Bb151a07,rw01Bb151a07 | w01Bb151a07 | w02Bb151a07 | w03Bb151a07 | w04Bb151a07 | w05Bb151a07 | w06Bb151a07 | w07Bb151a07 | w08Bb151a07 | w09Bb151a07,금전 현물 지원 기타가족과의 관계_07 | 금전 현물 지원 기타가족과의 관계_07 | 비동거기간 동안 (비)금전적 지원을 해준 기타가족_07 | 응답자가 경제적 도움 준 기타 가족 : 5번째 형제자매,1,9,"1,2,3,4,5,6,7,8,9",raw | structured | structured,19,2,normalized_label,needs_review,
KLoSA,high,KLoSA,w__Bb151a08,rw01Bb151a08 | w__Bb151a08,rw01Bb151a08 | w01Bb151a08 | w02Bb151a08 | w03Bb151a08 | w04Bb151a08 | w05Bb151a08 | w09Bb151a08,금전 현물 지원 기타가족과의 관계_08 | 금전 현물 지원 기타가족과의 관계_08 | 응답자가 경제적 도움 준 기타 가족 : 6번째 형제자매,1,9,"1,2,3,4,5,9",raw | structured | structured,12,2,normalized_label,needs_review,
KLoSA,high,KLoSA,w__Bb151a09,rw01Bb151a09 | w__Bb151a09,rw01Bb151a09 | w01Bb151a09 | w02Bb151a09 | w03Bb151a09 | w04Bb151a09,금전 현물 지원 기타가족과의 관계_09 | 금전 현물 지원 기타가족과의 관계_09 | 응답자가 경제적 도움 준 기타 가족 : 7번째 형제자매,1,4,"1,2,3,4",raw | structured | structured,8,2,normalized_label,needs_review,
KLoSA,high,KLoSA,w__Bb153_01m01,rw01bb153_01m01 | w__Bb153_01m01,rw01bb153_01m01 | w01Bb153_01m01 | w02Bb153_01m01 | w03Bb153_01m01 | w04Bb153_01m01 | w05Bb153_01m01 | w06Bb153_01m01 | w07Bb153_01m01 | w08Bb153_01m01 | w09Bb153_01m01 | w10Bb153_01m01,1번째 기타가족에게 지원 여부_(1)정기적인 금전적 지원 | 1번째 기타가족에게 지원 여부_(1)정기적인 금전적 지원 | 배우자의 어머니에 지원 여부_(1)정기적인 금전적 지원,1,10,"1,2,3,4,5,6,7,8,9,10",raw | structured | structured,21,2,normalized_label,needs_review,
KLoSA,high,KLoSA,w__Bb153_01m02,rw01bb153_01m02 | w__Bb153_01m02,rw01bb153_01m02 | w01Bb153_01m02 | w02Bb153_01m02 | w03Bb153_01m02 | w04Bb153_01m02 | w05Bb153_01m02 | w06Bb153_01m02 | w07Bb153_01m02 | w08Bb153_01m02 | w09Bb153_01m02 | w10Bb153_01m02,1번째 기타가족에게 지원 여부_(2)비정기적인 금전적 지원 | 1번째 기타가족에게 지원 여부_(2)비정기적인 금전적 지원 | 배우자의 어머니에 지원 여부_(2)비정기적인 금전적 지원,1,10,"1,2,3,4,5,6,7,8,9,10",raw | structured | structured,21,2,normalized_label,needs_review,
KLoSA,high,KLoSA,w__Bb153_01m03,rw01bb153_01m03 | w__Bb153_01m03,rw01bb153_01m03 | w01Bb153_01m03 | w02Bb153_01m03 | w03Bb153_01m03 | w04Bb153_01m03 | w05Bb153_01m03 | w06Bb153_01m03 | w07Bb153_01m03 | w08Bb153_01m03 | w09Bb153_01m03 | w10Bb153_01m03,1번째 기타가족에게 지원 여부_(3)현물 지원 | 1번째 기타가족에게 지원 여부_(3)현물 지원 | 배우자의 어머니에 지원 여부_(3)현물 지원,1,10,"1,2,3,4,5,6,7,8,9,10",raw | structured | structured,21,2,normalized_label,needs_review,
KLoSA,high,KLoSA,w__Bb153_02m01,rw01bb153_02m01 | w__Bb153_02m01,rw01bb153_02m01 | w01Bb153_02m01 | w02Bb153_02m01 | w03Bb153_02m01 | w04Bb153_02m01 | w05Bb153_02m01 | w06Bb153_02m01 | w07Bb153_02m01 | w08Bb153_02m01 | w09Bb153_02m01 | w10Bb153_02m01,2번째 기타가족에게 지원 여부_(1)정기적인 금전적 지원 | 2번째 기타가족에게 지원 여부_(1)정기적인 금전적 지원 | 배우자의 아버지에 지원 여부_(1)정기적인 금전적 지원,1,10,"1,2,3,4,5,6,7,8,9,10",raw | structured | structured,21,2,normalized_label,needs_review,
KLoSA,high,KLoSA,w__Bb153_02m02,rw01bb153_02m02 | w__Bb153_02m02,rw01bb153_02m02 | w01Bb153_02m02 | w02Bb153_02m02 | w03Bb153_02m02 | w04Bb153_02m02 | w05Bb153_02m02 | w06Bb153_02m02 | w07Bb153_02m02 | w08Bb153_02m02 | w09Bb153_02m02 | w10Bb153_02m02,2번째 기타가족에게 지원 여부_(2)비정기적인 금전적 지원 | 2번째 기타가족에게 지원 여부_(2)비정기적인 금전적 지원 | 배우자의 아버지에 지원 여부_(2)비정기적인 금전적 지원,1,10,"1,2,3,4,5,6,7,8,9,10",raw | structured | structured,21,2,normalized_label,needs_review,
KLoSA,high,KLoSA,w__Bb153_02m03,rw01bb153_02m03 | w__Bb153_02m03,rw01bb153_02m03 | w01Bb153_02m03 | w02Bb153_02m03 | w03Bb153_02m03 | w04Bb153_02m03 | w05Bb153_02m03 | w06Bb153_02m03 | w07Bb153_02m03 | w08Bb153_02m03 | w09Bb153_02m03 | w10Bb153_02m03,2번째 기타가족에게 지원 여부_(3)현물 지원 | 2번째 기타가족에게 지원 여부_(3)현물 지원 | 배우자의 아버지에 지원 여부_(3)현물 지원,1,10,"1,2,3,4,5,6,7,8,9,10",raw | structured | structured,21,2,normalized_label,needs_review,
KLoSA,high,KLoSA,w__Bb153_03m01,rw01bb153_03m01 | w__Bb153_03m01,rw01bb153_03m01 | w01Bb153_03m01 | w02Bb153_03m01 | w03Bb153_03m01 | w04Bb153_03m01 | w05Bb153_03m01 | w06Bb153_03m01 | w07Bb153_03m01 | w08Bb153_03m01 | w09Bb153_03m01 | w10Bb153_03m01,1번째 형제자매에게 지원 여부_(1)정기적인 금전적 지원 | 3번째 기타가족에게 지원 여부_(1)정기적인 금전적 지원 | 3번째 기타가족에게 지원 여부_(1)정기적인 금전적 지원,1,10,"1,2,3,4,5,6,7,8,9,10",raw | structured | structured,21,2,normalized_label,needs_review,
KLoSA,high,KLoSA,w__Bb153_03m02,rw01bb153_03m02 | w__Bb153_03m02,rw01bb153_03m02 | w01Bb153_03m02 | w02Bb153_03m02 | w03Bb153_03m02 | w04Bb153_03m02 | w05Bb153_03m02 | w06Bb153_03m02 | w07Bb153_03m02 | w08Bb153_03m02 | w09Bb153_03m02 | w10Bb153_03m02,1번째 형제자매에게 지원 여부_(2)비정기적인 금전적 지원 | 3번째 기타가족에게 지원 여부_(2)비정기적인 금전적 지원 | 3번째 기타가족에게 지원 여부_(2)비정기적인 금전적 지원,1,10,"1,2,3,4,5,6,7,8,9,10",raw | structured | structured,21,2,normalized_label,needs_review,
KLoSA,high,KLoSA,w__Bb153_03m03,rw01bb153_03m03 | w__Bb153_03m03,rw01bb153_03m03 | w01Bb153_03m03 | w02Bb153_03m03 | w03Bb153_03m03 | w04Bb153_03m03 | w05Bb153_03m03 | w06Bb153_03m03 | w07Bb153_03m03 | w08Bb153_03m03 | w09Bb153_03m03 | w10Bb153_03m03,1번째 형제자매에게 지원 여부_(3)현물 지원 | 3번째 기타가족에게 지원 여부_(3)현물 지원 | 3번째 기타가족에게 지원 여부_(3)현물 지원,1,10,"1,2,3,4,5,6,7,8,9,10",raw | structured | structured,21,2,normalized_label,needs_review,
KLoSA,high,KLoSA,w__Bb153_04m01,rw01bb153_04m01 | w__Bb153_04m01,rw01bb153_04m01 | w01Bb153_04m01 | w02Bb153_04m01 | w03Bb153_04m01 | w04Bb153_04m01 | w05Bb153_04m01 | w06Bb153_04m01 | w07Bb153_04m01 | w08Bb153_04m01 | w09Bb153_04m01 | w10Bb153_04m01,2번째 형제자매에게 지원 여부_(1)정기적인 금전적 지원 | 4번째 기타가족에게 지원 여부_(1)정기적인 금전적 지원 | 4번째 기타가족에게 지원 여부_(1)정기적인 금전적 지원,1,10,"1,2,3,4,5,6,7,8,9,10",raw | structured | structured,21,2,normalized_label,needs_review,
KLoSA,high,KLoSA,w__Bb153_04m02,rw01bb153_04m02 | w__Bb153_04m02,rw01bb153_04m02 | w01Bb153_04m02 | w02Bb153_04m02 | w03Bb153_04m02 | w04Bb153_04m02 | w05Bb153_04m02 | w06Bb153_04m02 | w07Bb153_04m02 | w08Bb153_04m02 | w09Bb153_04m02 | w10Bb153_04m02,2번째 형제자매에게 지원 여부_(2)비정기적인 금전적 지원 | 4번째 기타가족에게 지원 여부_(2)비정기적인 금전적 지원 | 4번째 기타가족에게 지원 여부_(2)비정기적인 금전적 지원,1,10,"1,2,3,4,5,6,7,8,9,10",raw | structured | structured,21,2,normalized_label,needs_review,
KLoSA,high,KLoSA,w__Bb153_04m03,rw01bb153_04m03 | w__Bb153_04m03,rw01bb153_04m03 | w01Bb153_04m03 | w02Bb153_04m03 | w03Bb153_04m03 | w04Bb153_04m03 | w05Bb153_04m03 | w06Bb153_04m03 | w07Bb153_04m03 | w08Bb153_04m03 | w09Bb153_04m03 | w10Bb153_04m03,2번째 형제자매에게 지원 여부_(3)현물 지원 | 4번째 기타가족에게 지원 여부_(3)현물 지원 | 4번째 기타가족에게 지원 여부_(3)현물 지원,1,10,"1,2,3,4,5,6,7,8,9,10",raw | structured | structured,21,2,normalized_label,needs_review,
KLoSA,high,KLoSA,w__Bb153_05m01,rw01bb153_05m01 | w__Bb153_05m01,rw01bb153_05m01 | w01Bb153_05m01 | w02Bb153_05m01 | w03Bb153_05m01 | w04Bb153_05m01 | w05Bb153_05m01 | w06Bb153_05m01 | w07Bb153_05m01 | w08Bb153_05m01 | w09Bb153_05m01 | w10Bb153_05m01,3번째 형제자매에게 지원 여부_(1)정기적인 금전적 지원 | 5번째 기타가족에게 지원 여부_(1)정기적인 금전적 지원 | 5번째 기타가족에게 지원 여부_(1)정기적인 금전적 지원,1,10,"1,2,3,4,5,6,7,8,9,10",raw | structured | structured,21,2,normalized_label,needs_review,
KLoSA,high,KLoSA,w__Bb153_05m02,rw01bb153_05m02 | w__Bb153_05m02,rw01bb153_05m02 | w01Bb153_05m02 | w02Bb153_05m02 | w03Bb153_05m02 | w04Bb153_05m02 | w05Bb153_05m02 | w06Bb153_05m02 | w07Bb153_05m02 | w08Bb153_05m02 | w09Bb153_05m02 | w10Bb153_05m02,3번째 형제자매에게 지원 여부_(2)비정기적인 금전적 지원 | 5번째 기타가족에게 지원 여부_(2)비정기적인 금전적 지원 | 5번째 기타가족에게 지원 여부_(2)비정기적인 금전적 지원,1,10,"1,2,3,4,5,6,7,8,9,10",raw | structured | structured,21,2,normalized_label,needs_review,
KLoSA,high,KLoSA,w__Bb153_05m03,rw01bb153_05m03 | w__Bb153_05m03,rw01bb153_05m03 | w01Bb153_05m03 | w02Bb153_05m03 | w03Bb153_05m03 | w04Bb153_05m03 | w05Bb153_05m03 | w06Bb153_05m03 | w07Bb153_05m03 | w08Bb153_05m03 | w09Bb153_05m03 | w10Bb153_05m03,3번째 형제자매에게 지원 여부_(3)현물 지원 | 5번째 기타가족에게 지원 여부_(3)현물 지원 | 5번째 기타가족에게 지원 여부_(3)현물 지원,1,10,"1,2,3,4,5,6,7,8,9,10",raw | structured | structured,21,2,normalized_label,needs_review,
KLoSA,high,KLoSA,w__Bb153_06m01,rw01bb153_06m01 | w__Bb153_06m01,rw01bb153_06m01 | w01Bb153_06m01 | w02Bb153_06m01 | w03Bb153_06m01 | w04Bb153_06m01 | w05Bb153_06m01 | w06Bb153_06m01 | w07Bb153_06m01 | w08Bb153_06m01 | w09Bb153_06m01 | w10Bb153_06m01,4번째 형제자매에게 지원 여부_(1)정기적인 금전적 지원 | 6번째 기타가족에게 지원 여부_(1)정기적인 금전적 지원 | 6번째 기타가족에게 지원 여부_(1)정기적인 금전적 지원,1,10,"1,2,3,4,5,6,7,8,9,10",raw | structured | structured,21,2,normalized_label,needs_review,
KLoSA,high,KLoSA,w__Bb153_06m02,rw01bb153_06m02 | w__Bb153_06m02,rw01bb153_06m02 | w01Bb153_06m02 | w02Bb153_06m02 | w03Bb153_06m02 | w04Bb153_06m02 | w05Bb153_06m02 | w06Bb153_06m02 | w07Bb153_06m02 | w08Bb153_06m02 | w09Bb153_06m02 | w10Bb153_06m02,4번째 형제자매에게 지원 여부_(2)비정기적인 금전적 지원 | 6번째 기타가족에게 지원 여부_(2)비정기적인 금전적 지원 | 6번째 기타가족에게 지원 여부_(2)비정기적인 금전적 지원,1,10,"1,2,3,4,5,6,7,8,9,10",raw | structured | structured,21,2,normalized_label,needs_review,
KLoSA,high,KLoSA,w__Bb153_06m03,rw01bb153_06m03 | w__Bb153_06m03,rw01bb153_06m03 | w01Bb153_06m03 | w02Bb153_06m03 | w03Bb153_06m03 | w04Bb153_06m03 | w05Bb153_06m03 | w06Bb153_06m03 | w07Bb153_06m03 | w08Bb153_06m03 | w09Bb153_06m03 | w10Bb153_06m03,4번째 형제자매에게 지원 여부_(3)현물 지원 | 6번째 기타가족에게 지원 여부_(3)현물 지원 | 6번째 기타가족에게 지원 여부_(3)현물 지원,1,10,"1,2,3,4,5,6,7,8,9,10",raw | structured | structured,21,2,normalized_label,needs_review,
KLoSA,high,KLoSA,w__Bb153_07m01,rw01bb153_07m01 | w__Bb153_07m01,rw01bb153_07m01 | w01Bb153_07m01 | w02Bb153_07m01 | w03Bb153_07m01 | w04Bb153_07m01 | w05Bb153_07m01 | w06Bb153_07m01 | w07Bb153_07m01 | w08Bb153_07m01 | w09Bb153_07m01,5번째 형제자매에게 지원 여부_(1)정기적인 금전적 지원 | 7번째 기타가족에게 지원 여부_(1)정기적인 금전적 지원 | 7번째 기타가족에게 지원 여부_(1)정기적인 금전적 지원,1,9,"1,2,3,4,5,6,7,8,9",raw | structured | structured,19,2,normalized_label,needs_review,
KLoSA,high,KLoSA,w__Bb153_07m02,rw01bb153_07m02 | w__Bb153_07m02,rw01bb153_07m02 | w01Bb153_07m02 | w02Bb153_07m02 | w03Bb153_07m02 | w04Bb153_07m02 | w05Bb153_07m02 | w06Bb153_07m02 | w07Bb153_07m02 | w08Bb153_07m02 | w09Bb153_07m02,5번째 형제자매에게 지원 여부_(2)비정기적인 금전적 지원 | 7번째 기타가족에게 지원 여부_(2)비정기적인 금전적 지원 | 7번째 기타가족에게 지원 여부_(2)비정기적인 금전적 지원,1,9,"1,2,3,4,5,6,7,8,9",raw | structured | structured,19,2,normalized_label,needs_review,
KLoSA,high,KLoSA,w__Bb153_07m03,rw01bb153_07m03 | w__Bb153_07m03,rw01bb153_07m03 | w01Bb153_07m03 | w02Bb153_07m03 | w03Bb153_07m03 | w04Bb153_07m03 | w05Bb153_07m03 | w06Bb153_07m03 | w07Bb153_07m03 | w08Bb153_07m03 | w09Bb153_07m03,5번째 형제자매에게 지원 여부_(3)현물 지원 | 7번째 기타가족에게 지원 여부_(3)현물 지원 | 7번째 기타가족에게 지원 여부_(3)현물 지원,1,9,"1,2,3,4,5,6,7,8,9",raw | structured | structured,19,2,normalized_label,needs_review,
KLoSA,high,KLoSA,w__Bb153_08m01,rw01bb153_08m01 | w__Bb153_08m01,rw01bb153_08m01 | w01Bb153_08m01 | w02Bb153_08m01 | w03Bb153_08m01 | w04Bb153_08m01 | w05Bb153_08m01 | w09Bb153_08m01,6번째 형제자매에게 지원 여부_(1)정기적인 금전적 지원 | 8번째 기타가족에게 지원 여부_(1)정기적인 금전적 지원 | 8번째 기타가족에게 지원 여부_(1)정기적인 금전적 지원,1,9,"1,2,3,4,5,9",raw | structured | structured,12,2,normalized_label,needs_review,
KLoSA,high,KLoSA,w__Bb153_08m02,rw01bb153_08m02 | w__Bb153_08m02,rw01bb153_08m02 | w01Bb153_08m02 | w02Bb153_08m02 | w03Bb153_08m02 | w04Bb153_08m02 | w05Bb153_08m02 | w09Bb153_08m02,6번째 형제자매에게 지원 여부_(2)비정기적인 금전적 지원 | 8번째 기타가족에게 지원 여부_(2)비정기적인 금전적 지원 | 8번째 기타가족에게 지원 여부_(2)비정기적인 금전적 지원,1,9,"1,2,3,4,5,9",raw | structured | structured,12,2,normalized_label,needs_review,
KLoSA,high,KLoSA,w__Bb153_08m03,rw01bb153_08m03 | w__Bb153_08m03,rw01bb153_08m03 | w01Bb153_08m03 | w02Bb153_08m03 | w03Bb153_08m03 | w04Bb153_08m03 | w05Bb153_08m03 | w09Bb153_08m03,6번째 형제자매에게 지원 여부_(3)현물 지원 | 8번째 기타가족에게 지원 여부_(3)현물 지원 | 8번째 기타가족에게 지원 여부_(3)현물 지원,1,9,"1,2,3,4,5,9",raw | structured | structured,12,2,normalized_label,needs_review,
KLoSA,high,KLoSA,w__Bb153_09m01,rw01bb153_09m01 | w__Bb153_09m01,rw01bb153_09m01 | w01Bb153_09m01 | w02Bb153_09m01 | w03Bb153_09m01 | w04Bb153_09m01,7번째 형제자매에게 지원 여부_(1)정기적인 금전적 지원 | 9번째 기타가족에게 지원 여부_(1)정기적인 금전적 지원 | 9번째 기타가족에게 지원 여부_(1)정기적인 금전적 지원,1,4,"1,2,3,4",raw | structured | structured,8,2,normalized_label,needs_review,
KLoSA,high,KLoSA,w__Bb153_09m02,rw01bb153_09m02 | w__Bb153_09m02,rw01bb153_09m02 | w01Bb153_09m02 | w02Bb153_09m02 | w03Bb153_09m02 | w04Bb153_09m02,7번째 형제자매에게 지원 여부_(2)비정기적인 금전적 지원 | 9번째 기타가족에게 지원 여부_(2)비정기적인 금전적 지원 | 9번째 기타가족에게 지원 여부_(2)비정기적인 금전적 지원,1,4,"1,2,3,4",raw | structured | structured,8,2,normalized_label,needs_review,
KLoSA,high,KLoSA,w__Bb153_09m03,rw01bb153_09m03 | w__Bb153_09m03,rw01bb153_09m03 | w01Bb153_09m03 | w02Bb153_09m03 | w03Bb153_09m03 | w04Bb153_09m03,7번째 형제자매에게 지원 여부_(3)현물 지원 | 9번째 기타가족에게 지원 여부_(3)현물 지원 | 9번째 기타가족에게 지원 여부_(3)현물 지원,1,4,"1,2,3,4",raw | structured | structured,8,2,normalized_label,needs_review,
KLoSA,high,KLoSA,w__Bb154_01,rw01bb154_01 | w__Bb154_01,rw01bb154_01 | w01Bb154_01 | w02Bb154_01 | w03Bb154_01 | w04Bb154_01 | w05Bb154_01 | w06Bb154_01 | w07Bb154_01 | w08Bb154_01 | w09Bb154_01 | w10Bb154_01,1번째 기타가족에게 준 정기적인 금전적 지원금액 | 1번째 기타가족에게 준 정기적인 금전적 지원금액(단위: 만원) | 1번째 기타가족에게 준 정기적인 금전적 지원의 월평균액(단위: 만원) | 배우자의 어머니에 준 정기적인 금전적 지원금액(단위: 만원) | 1번째 기타가족에게 준 정기적인 금전적 지원금액(단위: 만원),1,10,"1,2,3,4,5,6,7,8,9,10",raw | structured | structured,21,2,normalized_label,needs_review,
KLoSA,high,KLoSA,w__Bb154_02,rw01bb154_02 | w__Bb154_02,rw01bb154_02 | w01Bb154_02 | w02Bb154_02 | w03Bb154_02 | w04Bb154_02 | w05Bb154_02 | w06Bb154_02 | w07Bb154_02 | w08Bb154_02 | w09Bb154_02 | w10Bb154_02,2번째 기타가족에게 준 정기적인 금전적 지원금액 | 2번째 기타가족에게 준 정기적인 금전적 지원금액(단위: 만원) | 2번째 기타가족에게 준 정기적인 금전적 지원의 월평균액(단위: 만원) | 배우자의 아버지에 준 정기적인 금전적 지원금액(단위: 만원) | 2번째 기타가족에게 준 정기적인 금전적 지원금액(단위: 만원),1,10,"1,2,3,4,5,6,7,8,9,10",raw | structured | structured,21,2,normalized_label,needs_review,
KLoSA,high,KLoSA,w__Bb154_03,rw01bb154_03 | w__Bb154_03,rw01bb154_03 | w01Bb154_03 | w03Bb154_03 | w04Bb154_03 | w05Bb154_03 | w06Bb154_03 | w07Bb154_03 | w08Bb154_03 | w09Bb154_03 | w10Bb154_03,1번째 형제자매에게 준 정기적인 금전적 지원금액(단위: 만원) | 3번째 기타가족에게 준 정기적인 금전적 지원금액 | 3번째 기타가족에게 준 정기적인 금전적 지원금액(단위: 만원) | 3번째 기타가족에게 준 정기적인 금전적 지원의 월평균액(단위: 만원) | 3번째 기타가족에게 준 정기적인 금전적 지원금액(단위: 만원),1,10,"1,3,4,5,6,7,8,9,10",raw | structured | structured,19,2,normalized_label,needs_review,
KLoSA,high,KLoSA,w__Bb154_04,rw01bb154_04 | w__Bb154_04,rw01bb154_04 | w01Bb154_04 | w03Bb154_04 | w04Bb154_04 | w05Bb154_04 | w06Bb154_04 | w07Bb154_04 | w08Bb154_04 | w09Bb154_04 | w10Bb154_04,2번째 형제자매에게 준 정기적인 금전적 지원금액(단위: 만원) | 4번째 기타가족에게 준 정기적인 금전적 지원금액 | 4번째 기타가족에게 준 정기적인 금전적 지원금액(단위: 만원) | 4번째 기타가족에게 준 정기적인 금전적 지원의 월평균액(단위: 만원) | 4번째 기타가족에게 준 정기적인 금전적 지원금액(단위: 만원),1,10,"1,3,4,5,6,7,8,9,10",raw | structured | structured,19,2,normalized_label,needs_review,
KLoSA,high,KLoSA,w__Bb154_05,rw01bb154_05 | w__Bb154_05,rw01bb154_05 | w01Bb154_05 | w03Bb154_05 | w04Bb154_05 | w05Bb154_05 | w06Bb154_05 | w07Bb154_05 | w08Bb154_05 | w09Bb154_05 | w10Bb154_05,3번째 형제자매에게 준 정기적인 금전적 지원금액(단위: 만원) | 5번째 기타가족에게 준 정기적인 금전적 지원금액 | 5번째 기타가족에게 준 정기적인 금전적 지원금액(단위: 만원) | 5번째 기타가족에게 준 정기적인 금전적 지원의 월평균액(단위: 만원) | 5번째 기타가족에게 준 정기적인 금전적 지원금액(단위: 만원),1,10,"1,3,4,5,6,7,8,9,10",raw | structured | structured,19,2,normalized_label,needs_review,
KLoSA,high,KLoSA,w__Bb154_06,rw01bb154_06 | w__Bb154_06,rw01bb154_06 | w01Bb154_06 | w03Bb154_06 | w04Bb154_06 | w05Bb154_06 | w06Bb154_06 | w07Bb154_06 | w08Bb154_06 | w09Bb154_06 | w10Bb154_06,4번째 형제자매에게 준 정기적인 금전적 지원금액(단위: 만원) | 6번째 기타가족에게 준 정기적인 금전적 지원금액 | 6번째 기타가족에게 준 정기적인 금전적 지원금액(단위: 만원) | 6번째 기타가족에게 준 정기적인 금전적 지원의 월평균액(단위: 만원) | 6번째 기타가족에게 준 정기적인 금전적 지원금액(단위: 만원),1,10,"1,3,4,5,6,7,8,9,10",raw | structured | structured,19,2,normalized_label,needs_review,
KLoSA,high,KLoSA,w__Bb154_07,rw01bb154_07 | w__Bb154_07,rw01bb154_07 | w01Bb154_07 | w02Bb154_07 | w03Bb154_07 | w04Bb154_07 | w05Bb154_07 | w06Bb154_07 | w07Bb154_07 | w08Bb154_07 | w09Bb154_07,5번째 형제자매에게 준 정기적인 금전적 지원금액(단위: 만원) | 7번째 기타가족에게 준 정기적인 금전적 지원금액 | 7번째 기타가족에게 준 정기적인 금전적 지원금액(단위: 만원) | 7번째 기타가족에게 준 정기적인 금전적 지원의 월평균액(단위: 만원) | 7번째 기타가족에게 준 정기적인 금전적 지원금액(단위: 만원),1,9,"1,2,3,4,5,6,7,8,9",raw | structured | structured,19,2,normalized_label,needs_review,
KLoSA,high,KLoSA,w__Bb154_08,rw01bb154_08 | w__Bb154_08,rw01bb154_08 | w01Bb154_08 | w02Bb154_08 | w03Bb154_08 | w04Bb154_08 | w05Bb154_08 | w09Bb154_08,6번째 형제자매에게 준 정기적인 금전적 지원금액(단위: 만원) | 8번째 기타가족에게 준 정기적인 금전적 지원금액(단위: 만원) | 8번째 기타가족에게 준 정기적인 금전적 지원금액(단위: 만원),1,9,"1,2,3,4,5,9",raw | structured | structured,12,2,normalized_label,needs_review,
KLoSA,high,KLoSA,w__Bb154_09,rw01bb154_09 | w__Bb154_09,rw01bb154_09 | w01Bb154_09 | w02Bb154_09 | w03Bb154_09 | w04Bb154_09,7번째 형제자매에게 준 정기적인 금전적 지원금액(단위: 만원) | 9번째 기타가족에게 준 정기적인 금전적 지원금액(단위: 만원) | 9번째 기타가족에게 준 정기적인 금전적 지원금액(단위: 만원),1,4,"1,2,3,4",raw | structured | structured,7,2,normalized_label,needs_review,
KLoSA,high,KLoSA,w__Bb161_01,rw01bb161_01 | w__Bb161_01,rw01bb161_01 | w01Bb161_01 | w02Bb161_01 | w03Bb161_01 | w04Bb161_01 | w05Bb161_01 | w06Bb161_01 | w07Bb161_01 | w08Bb161_01 | w09Bb161_01 | w10Bb161_01,1번째 기타가족에게 준 비정기적인 금전적 지원 금액(단위: 만원) | 1번째 기타가족에게 준 비정기적인 금전적 지원 금액(단위: 만원) | 1번째 기타가족에게 준 비정기적인 금전적 지원의 총 액(단위: 만원) | 배우자의 어머니에 준 비정기적인 금전적 지원 금액(단위: 만원),1,10,"1,2,3,4,5,6,7,8,9,10",raw | structured | structured,21,2,normalized_label,needs_review,
KLoSA,high,KLoSA,w__Bb161_02,rw01bb161_02 | w__Bb161_02,rw01bb161_02 | w01Bb161_02 | w02Bb161_02 | w03Bb161_02 | w04Bb161_02 | w05Bb161_02 | w06Bb161_02 | w07Bb161_02 | w08Bb161_02 | w09Bb161_02 | w10Bb161_02,2번째 기타가족에게 준 비정기적인 금전적 지원 금액(단위: 만원) | 2번째 기타가족에게 준 비정기적인 금전적 지원 금액(단위: 만원) | 2번째 기타가족에게 준 비정기적인 금전적 지원의 총 액(단위: 만원) | 배우자의 아버지에 준 비정기적인 금전적 지원 금액(단위: 만원),1,10,"1,2,3,4,5,6,7,8,9,10",raw | structured | structured,21,2,normalized_label,needs_review,
KLoSA,high,KLoSA,w__Bb161_03,rw01bb161_03 | w__Bb161_03,rw01bb161_03 | w01Bb161_03 | w02Bb161_03 | w03Bb161_03 | w04Bb161_03 | w05Bb161_03 | w06Bb161_03 | w07Bb161_03 | w08Bb161_03 | w09Bb161_03 | w10Bb161_03,1번째 형제자매에게 준 비정기적인 금전적 지원 금액(단위: 만원) | 3번째 기타가족에게 준 비정기적인 금전적 지원 금액(단위: 만원) | 3번째 기타가족에게 준 비정기적인 금전적 지원의 총 액(단위: 만원) | 3번째 기타가족에게 준 비정기적인 금전적 지원 금액(단위: 만원),1,10,"1,2,3,4,5,6,7,8,9,10",raw | structured | structured,21,2,normalized_label,needs_review,
KLoSA,high,KLoSA,w__Bb161_04,rw01bb161_04 | w__Bb161_04,rw01bb161_04 | w01Bb161_04 | w02Bb161_04 | w03Bb161_04 | w04Bb161_04 | w05Bb161_04 | w06Bb161_04 | w07Bb161_04 | w08Bb161_04 | w09Bb161_04 | w10Bb161_04,2번째 형제자매에게 준 비정기적인 금전적 지원 금액(단위: 만원) | 4번째 기타가족에게 준 비정기적인 금전적 지원 금액(단위: 만원) | 4번째 기타가족에게 준 비정기적인 금전적 지원의 총 액(단위: 만원) | 4번째 기타가족에게 준 비정기적인 금전적 지원 금액(단위: 만원),1,10,"1,2,3,4,5,6,7,8,9,10",raw | structured | structured,21,2,normalized_label,needs_review,
KLoSA,high,KLoSA,w__Bb161_05,rw01bb161_05 | w__Bb161_05,rw01bb161_05 | w01Bb161_05 | w02Bb161_05 | w03Bb161_05 | w04Bb161_05 | w05Bb161_05 | w06Bb161_05 | w07Bb161_05 | w08Bb161_05 | w09Bb161_05 | w10Bb161_05,3번째 형제자매에게 준 비정기적인 금전적 지원 금액(단위: 만원) | 5번째 기타가족에게 준 비정기적인 금전적 지원 금액(단위: 만원) | 5번째 기타가족에게 준 비정기적인 금전적 지원의 총 액(단위: 만원) | 5번째 기타가족에게 준 비정기적인 금전적 지원 금액(단위: 만원),1,10,"1,2,3,4,5,6,7,8,9,10",raw | structured | structured,21,2,normalized_label,needs_review,
KLoSA,high,KLoSA,w__Bb161_06,rw01bb161_06 | w__Bb161_06,rw01bb161_06 | w01Bb161_06 | w02Bb161_06 | w03Bb161_06 | w04Bb161_06 | w05Bb161_06 | w06Bb161_06 | w07Bb161_06 | w08Bb161_06 | w09Bb161_06 | w10Bb161_06,4번째 형제자매에게 준 비정기적인 금전적 지원 금액(단위: 만원) | 6번째 기타가족에게 준 비정기적인 금전적 지원 금액 | 6번째 기타가족에게 준 비정기적인 금전적 지원 금액(단위: 만원) | 6번째 기타가족에게 준 비정기적인 금전적 지원의 총 액(단위: 만원) | 6번째 기타가족에게 준 비정기적인 금전적 지원 금액(단위: 만원),1,10,"1,2,3,4,5,6,7,8,9,10",raw | structured | structured,21,2,normalized_label,needs_review,
KLoSA,high,KLoSA,w__Bb161_07,rw01bb161_07 | w__Bb161_07,rw01bb161_07 | w01Bb161_07 | w03Bb161_07 | w04Bb161_07 | w05Bb161_07 | w06Bb161_07 | w07Bb161_07 | w08Bb161_07 | w09Bb161_07,5번째 형제자매에게 준 비정기적인 금전적 지원 금액(단위: 만원) | 7번째 기타가족에게 준 비정기적인 금전적 지원 금액(단위: 만원) | 7번째 기타가족에게 준 비정기적인 금전적 지원의 총 액(단위: 만원) | 7번째 기타가족에게 준 비정기적인 금전적 지원 금액(단위: 만원),1,9,"1,3,4,5,6,7,8,9",raw | structured | structured,17,2,normalized_label,needs_review,
KLoSA,high,KLoSA,w__Bb161_08,rw01bb161_08 | w__Bb161_08,rw01bb161_08 | w01Bb161_08 | w03Bb161_08 | w04Bb161_08 | w05Bb161_08 | w09Bb161_08,6번째 형제자매에게 준 비정기적인 금전적 지원 금액(단위: 만원) | 8번째 기타가족에게 준 비정기적인 금전적 지원 금액(단위: 만원) | 8번째 기타가족에게 준 비정기적인 금전적 지원 금액(단위: 만원),1,9,"1,3,4,5,9",raw | structured | structured,10,2,normalized_label,needs_review,
KLoSA,high,KLoSA,w__Bb161_09,rw01bb161_09 | w__Bb161_09,rw01bb161_09 | w01Bb161_09 | w02Bb161_09 | w03Bb161_09 | w04Bb161_09,7번째 형제자매에게 준 비정기적인 금전적 지원 금액(단위: 만원) | 9번째 기타가족에게 준 비정기적인 금전적 지원 금액(단위: 만원) | 9번째 기타가족에게 준 비정기적인 금전적 지원 금액(단위: 만원),1,4,"1,2,3,4",raw | structured | structured,7,2,normalized_label,needs_review,
KLoSA,high,KLoSA,w__Bb167_01m01,rw01bb167_01m01 | w__Bb167_01m01,rw01bb167_01m01 | w01Bb167_01m01 | w02Bb167_01m01 | w03Bb167_01m01 | w04Bb167_01m01 | w05Bb167_01m01 | w06Bb167_01m01 | w07Bb167_01m01 | w08Bb167_01m01 | w09Bb167_01m01 | w10Bb167_01m01,1번째 기타가족에게 제공한 비금전적 수령의 종류_(1)여가(여행 및 관광) | 1번째 기타가족에게 제공한 비금전적 수령의 종류_(1)여가(여행 및 관광) | 배우자의 어머니에 제공한 비금전적 수령의 종류_(1)여가(여행 및 관광),1,10,"1,2,3,4,5,6,7,8,9,10",raw | structured | structured,21,2,normalized_label,needs_review,
KLoSA,high,KLoSA,w__Bb167_01m02,rw01bb167_01m02 | w__Bb167_01m02,rw01bb167_01m02 | w01Bb167_01m02 | w02Bb167_01m02 | w03Bb167_01m02 | w04Bb167_01m02 | w05Bb167_01m02 | w06Bb167_01m02 | w07Bb167_01m02 | w08Bb167_01m02 | w09Bb167_01m02 | w10Bb167_01m02,1번째 기타가족에게 제공한 비금전적 수령의 종류_(2)건강용품 | 1번째 기타가족에게 제공한 비금전적 수령의 종류_(2)건강용품 | 배우자의 어머니에 제공한 비금전적 수령의 종류_(2)건강용품,1,10,"1,2,3,4,5,6,7,8,9,10",raw | structured | structured,21,2,normalized_label,needs_review,
KLoSA,high,KLoSA,w__Bb167_01m03,rw01bb167_01m03 | w__Bb167_01m03,rw01bb167_01m03 | w01Bb167_01m03 | w02Bb167_01m03 | w03Bb167_01m03 | w04Bb167_01m03 | w05Bb167_01m03 | w06Bb167_01m03 | w07Bb167_01m03 | w08Bb167_01m03 | w09Bb167_01m03 | w10Bb167_01m03,1번째 기타가족에게 제공한 비금전적 수령의 종류_(3)생활용품 | 1번째 기타가족에게 제공한 비금전적 수령의 종류_(3)생활용품 | 배우자의 어머니에 제공한 비금전적 수령의 종류_(3)생활용품,1,10,"1,2,3,4,5,6,7,8,9,10",raw | structured | structured,21,2,normalized_label,needs_review,
KLoSA,high,KLoSA,w__Bb167_01m04,rw01bb167_01m04 | w__Bb167_01m04,rw01bb167_01m04 | w01Bb167_01m04 | w02Bb167_01m04 | w03Bb167_01m04 | w04Bb167_01m04 | w05Bb167_01m04 | w06Bb167_01m04 | w07Bb167_01m04 | w08Bb167_01m04 | w09Bb167_01m04 | w10Bb167_01m04,1번째 기타가족에게 제공한 비금전적 수령의 종류_(4)전자제품 | 1번째 기타가족에게 제공한 비금전적 수령의 종류_(4)전자제품 | 배우자의 어머니에 제공한 비금전적 수령의 종류_(4)전자제품,1,10,"1,2,3,4,5,6,7,8,9,10",raw | structured | structured,21,2,normalized_label,needs_review,
KLoSA,high,KLoSA,w__Bb167_01m05,rw01bb167_01m05 | w__Bb167_01m05,rw01bb167_01m05 | w01Bb167_01m05 | w02Bb167_01m05 | w03Bb167_01m05 | w04Bb167_01m05 | w05Bb167_01m05 | w06Bb167_01m05 | w07Bb167_01m05 | w08Bb167_01m05 | w09Bb167_01m05 | w10Bb167_01m05,1번째 기타가족에게 제공한 비금전적 수령의 종류_(5)외식 및 음식물 | 1번째 기타가족에게 제공한 비금전적 수령의 종류_(5)외식 및 음식물 | 배우자의 어머니에 제공한 비금전적 수령의 종류_(5)외식 및 음식물,1,10,"1,2,3,4,5,6,7,8,9,10",raw | structured | structured,21,2,normalized_label,needs_review,
KLoSA,high,KLoSA,w__Bb167_01m06,rw01bb167_01m06 | w__Bb167_01m06,rw01bb167_01m06 | w01Bb167_01m06 | w02Bb167_01m06 | w03Bb167_01m06 | w04Bb167_01m06 | w05Bb167_01m06 | w06Bb167_01m06 | w07Bb167_01m06 | w08Bb167_01m06 | w09Bb167_01m06 | w10Bb167_01m06,1번째 기타가족에게 제공한 비금전적 수령의 종류_(6)기타 | 1번째 기타가족에게 제공한 비금전적 수령의 종류_(6)기타 | 1번째 기타가족에게 제공한 비금전적 수령의 종류_(7)기타 | 배우자의 어머니에 제공한 비금전적 수령의 종류_(6)기타,1,10,"1,2,3,4,5,6,7,8,9,10",raw | structured | structured,21,2,normalized_label,needs_review,
KLoSA,high,KLoSA,w__Bb167_01m07,w__Bb167_01m07,w01Bb167_01m07 | w03Bb167_01m07 | w04Bb167_01m07 | w05Bb167_01m07 | w06Bb167_01m07 | w07Bb167_01m07 | w08Bb167_01m07 | w09Bb167_01m07,1번째 기타가족에게 제공한 비금전적 수령의 종류_(-8)응답거절 | 1번째 기타가족에게 제공한 비금전적 지원의 종류_(-8)응답거절 | 1번째 기타가족에게 제공한 비금전적 지원의 종류_(8)응답거절 | 배우자의 어머니에 제공한 비금전적 수령의 종류_(-8)응답거절,1,9,"1,3,4,5,6,7,8,9",raw,9,1,normalized_label,needs_review,
KLoSA,high,KLoSA,w__Bb167_01m08,w__Bb167_01m08,w01Bb167_01m08 | w03Bb167_01m08 | w04Bb167_01m08 | w05Bb167_01m08 | w06Bb167_01m08 | w07Bb167_01m08 | w08Bb167_01m08 | w09Bb167_01m08,1번째 기타가족에게 제공한 비금전적 수령의 종류_(-9)모르겠음 | 1번째 기타가족에게 제공한 비금전적 지원의 종류_(-9)모르겠음 | 1번째 기타가족에게 제공한 비금전적 지원의 종류_(9)모르겠음 | 배우자의 어머니에 제공한 비금전적 수령의 종류_(-9)모르겠음,1,9,"1,3,4,5,6,7,8,9",raw,9,1,normalized_label,needs_review,
KLoSA,high,KLoSA,w__Bb167_02m01,rw01bb167_02m01 | w__Bb167_02m01,rw01bb167_02m01 | w01Bb167_02m01 | w02Bb167_02m01 | w03Bb167_02m01 | w04Bb167_02m01 | w05Bb167_02m01 | w06Bb167_02m01 | w07Bb167_02m01 | w08Bb167_02m01 | w09Bb167_02m01 | w10Bb167_02m01,2번째 기타가족에게 제공한 비금전적 수령의 종류_(1)여가(여행 및 관광) | 2번째 기타가족에게 제공한 비금전적 수령의 종류_(1)여가(여행 및 관광) | 배우자의 아버지에 제공한 비금전적 수령의 종류_(1)여가(여행 및 관광),1,10,"1,2,3,4,5,6,7,8,9,10",raw | structured | structured,21,2,normalized_label,needs_review,
KLoSA,high,KLoSA,w__Bb167_02m02,rw01bb167_02m02 | rw01bb167_02m06 | w__Bb167_02m02 | w__Bb167_02m06,rw01bb167_02m02 | rw01bb167_02m06 | w01Bb167_02m02 | w02Bb167_02m02 | w03Bb167_02m02 | w04Bb167_02m02 | w05Bb167_02m02 | w06Bb167_02m02 | w07Bb167_02m02 | w08Bb167_02m02 | w09Bb167_02m02 | w10Bb167_02m02 | w01Bb167_02m06 | w02Bb167_02m06 | w03Bb167_02m06 | w04Bb167_02m06 | w05Bb167_02m06 | w06Bb167_02m06 | w07Bb167_02m06 | w08Bb167_02m06 | w09Bb167_02m06 | w10Bb167_02m06,2번째 기타가족에게 제공한 비금전적 수령의 종류_(2)건강용품 | 2번째 기타가족에게 제공한 비금전적 수령의 종류_(2)건강용품 | 2번째 기타가족에게 제공한 비금전적 수령의 종류_(7)기타 | 배우자의 아버지에 제공한 비금전적 수령의 종류_(2)건강용품 | 2번째 기타가족에게 제공한 비금전적 수령의 종류_(6)기타 | 2번째 기타가족에게 제공한 비금전적 수령의 종류_(6)기타 | 2번째 기타가족에게 제공한 비금전적 수령의 종류_(7)기타 | 배우자의 아버지에 제공한 비금전적 수령의 종류_(7)기타,1,10,"1,2,3,4,5,6,7,8,9,10",raw | structured | structured,42,4,normalized_label,needs_review,
KLoSA,high,KLoSA,w__Bb167_02m03,rw01bb167_02m03 | w__Bb167_02m03,rw01bb167_02m03 | w01Bb167_02m03 | w02Bb167_02m03 | w03Bb167_02m03 | w04Bb167_02m03 | w05Bb167_02m03 | w06Bb167_02m03 | w07Bb167_02m03 | w08Bb167_02m03 | w09Bb167_02m03 | w10Bb167_02m03,2번째 기타가족에게 제공한 비금전적 수령의 종류_(3)생활용품 | 2번째 기타가족에게 제공한 비금전적 수령의 종류_(3)생활용품 | 배우자의 아버지에 제공한 비금전적 수령의 종류_(3)생활용품,1,10,"1,2,3,4,5,6,7,8,9,10",raw | structured | structured,21,2,normalized_label,needs_review,
KLoSA,high,KLoSA,w__Bb167_02m04,rw01bb167_02m04 | w__Bb167_02m04,rw01bb167_02m04 | w01Bb167_02m04 | w02Bb167_02m04 | w03Bb167_02m04 | w04Bb167_02m04 | w05Bb167_02m04 | w06Bb167_02m04 | w07Bb167_02m04 | w08Bb167_02m04 | w09Bb167_02m04 | w10Bb167_02m04,2번째 기타가족에게 제공한 비금전적 수령의 종류_(4)전자제품 | 2번째 기타가족에게 제공한 비금전적 수령의 종류_(4)전자제품 | 배우자의 아버지에 제공한 비금전적 수령의 종류_(4)전자제품,1,10,"1,2,3,4,5,6,7,8,9,10",raw | structured | structured,21,2,normalized_label,needs_review,
KLoSA,high,KLoSA,w__Bb167_02m05,rw01bb167_02m05 | w__Bb167_02m05,rw01bb167_02m05 | w01Bb167_02m05 | w02Bb167_02m05 | w03Bb167_02m05 | w04Bb167_02m05 | w05Bb167_02m05 | w06Bb167_02m05 | w07Bb167_02m05 | w08Bb167_02m05 | w09Bb167_02m05 | w10Bb167_02m05,2번째 기타가족에게 제공한 비금전적 수령의 종류_(5)외식 및 음식물 | 2번째 기타가족에게 제공한 비금전적 수령의 종류_(5)외식 및 음식물 | 배우자의 아버지에 제공한 비금전적 수령의 종류_(5)외식 및 음식물,1,10,"1,2,3,4,5,6,7,8,9,10",raw | structured | structured,21,2,normalized_label,needs_review,
KLoSA,high,KLoSA,w__Bb167_02m07,w__Bb167_02m07,w01Bb167_02m07 | w03Bb167_02m07 | w04Bb167_02m07 | w05Bb167_02m07 | w06Bb167_02m07 | w07Bb167_02m07 | w08Bb167_02m07 | w09Bb167_02m07,2번째 기타가족에게 제공한 비금전적 수령의 종류_(-8)응답거절 | 2번째 기타가족에게 제공한 비금전적 지원의 종류_(-8)응답거절 | 2번째 기타가족에게 제공한 비금전적 지원의 종류_(8)응답거절 | 배우자의 아버지에 제공한 비금전적 수령의 종류_(-8)응답거절,1,9,"1,3,4,5,6,7,8,9",raw,9,1,normalized_label,needs_review,
KLoSA,high,KLoSA,w__Bb167_02m08,w__Bb167_02m08,w01Bb167_02m08 | w03Bb167_02m08 | w04Bb167_02m08 | w05Bb167_02m08 | w06Bb167_02m08 | w07Bb167_02m08 | w08Bb167_02m08 | w09Bb167_02m08,2번째 기타가족에게 제공한 비금전적 수령의 종류_(-9)모르겠음 | 2번째 기타가족에게 제공한 비금전적 지원의 종류_(-9)모르겠음 | 2번째 기타가족에게 제공한 비금전적 지원의 종류_(9)모르겠음 | 배우자의 아버지에 제공한 비금전적 수령의 종류_(-9)모르겠음,1,9,"1,3,4,5,6,7,8,9",raw,9,1,normalized_label,needs_review,
KLoSA,high,KLoSA,w__Bb167_03m01,rw01bb167_03m01 | w__Bb167_03m01,rw01bb167_03m01 | w01Bb167_03m01 | w02Bb167_03m01 | w03Bb167_03m01 | w04Bb167_03m01 | w05Bb167_03m01 | w06Bb167_03m01 | w07Bb167_03m01 | w08Bb167_03m01 | w09Bb167_03m01 | w10Bb167_03m01,1번째 형제자매에게 제공한 비금전적 수령의 종류_(1)여가(여행 및 관광) | 3번째 기타가족에게 제공한 비금전적 수령의 종류_(1)여가(여행 및 관광) | 3번째 기타가족에게 제공한 비금전적 수령의 종류_(1)여가(여행 및 관광),1,10,"1,2,3,4,5,6,7,8,9,10",raw | structured | structured,21,2,normalized_label,needs_review,
KLoSA,high,KLoSA,w__Bb167_03m02,rw01bb167_03m02 | w__Bb167_03m02,rw01bb167_03m02 | w01Bb167_03m02 | w02Bb167_03m02 | w03Bb167_03m02 | w04Bb167_03m02 | w05Bb167_03m02 | w06Bb167_03m02 | w07Bb167_03m02 | w08Bb167_03m02 | w09Bb167_03m02 | w10Bb167_03m02,1번째 형제자매에게 제공한 비금전적 수령의 종류_(2)건강용품 | 3번째 기타가족에게 제공한 비금전적 수령의 종류_(2)건강용품 | 3번째 기타가족에게 제공한 비금전적 수령의 종류_(2)건강용품,1,10,"1,2,3,4,5,6,7,8,9,10",raw | structured | structured,21,2,normalized_label,needs_review,
KLoSA,high,KLoSA,w__Bb167_03m03,rw01bb167_03m03 | w__Bb167_03m03,rw01bb167_03m03 | w01Bb167_03m03 | w02Bb167_03m03 | w03Bb167_03m03 | w04Bb167_03m03 | w05Bb167_03m03 | w06Bb167_03m03 | w07Bb167_03m03 | w08Bb167_03m03 | w09Bb167_03m03 | w10Bb167_03m03,1번째 형제자매에게 제공한 비금전적 수령의 종류_(3)생활용품 | 3번째 기타가족에게 제공한 비금전적 수령의 종류_(3)생활용품 | 3번째 기타가족에게 제공한 비금전적 수령의 종류_(3)생활용품,1,10,"1,2,3,4,5,6,7,8,9,10",raw | structured | structured,21,2,normalized_label,needs_review,
KLoSA,high,KLoSA,w__Bb167_03m04,rw01bb167_03m04 | w__Bb167_03m04,rw01bb167_03m04 | w01Bb167_03m04 | w02Bb167_03m04 | w03Bb167_03m04 | w04Bb167_03m04 | w05Bb167_03m04 | w06Bb167_03m04 | w07Bb167_03m04 | w08Bb167_03m04 | w09Bb167_03m04 | w10Bb167_03m04,1번째 형제자매에게 제공한 비금전적 수령의 종류_(4)전자제품 | 3번째 기타가족에게 제공한 비금전적 수령의 종류_(4)전자제품 | 3번째 기타가족에게 제공한 비금전적 수령의 종류_(4)전자제품,1,10,"1,2,3,4,5,6,7,8,9,10",raw | structured | structured,21,2,normalized_label,needs_review,
KLoSA,high,KLoSA,w__Bb167_03m05,rw01bb167_03m05 | w__Bb167_03m05,rw01bb167_03m05 | w01Bb167_03m05 | w02Bb167_03m05 | w03Bb167_03m05 | w04Bb167_03m05 | w05Bb167_03m05 | w06Bb167_03m05 | w07Bb167_03m05 | w08Bb167_03m05 | w09Bb167_03m05 | w10Bb167_03m05,1번째 형제자매에게 제공한 비금전적 수령의 종류_(5)외식 및 음식물 | 3번째 기타가족에게 제공한 비금전적 수령의 종류_(5)외식 및 음식물 | 3번째 기타가족에게 제공한 비금전적 수령의 종류_(5)외식 및 음식물,1,10,"1,2,3,4,5,6,7,8,9,10",raw | structured | structured,21,2,normalized_label,needs_review,
KLoSA,high,KLoSA,w__Bb167_03m06,rw01bb167_03m06 | w__Bb167_03m06,rw01bb167_03m06 | w01Bb167_03m06 | w02Bb167_03m06 | w03Bb167_03m06 | w04Bb167_03m06 | w05Bb167_03m06 | w06Bb167_03m06 | w07Bb167_03m06 | w08Bb167_03m06 | w09Bb167_03m06 | w10Bb167_03m06,1번째 형제자매에게 제공한 비금전적 수령의 종류_(7)기타 | 3번째 기타가족에게 제공한 비금전적 수령의 종류_(6)기타 | 3번째 기타가족에게 제공한 비금전적 수령의 종류_(7)기타 | 3번째 기타가족에게 제공한 비금전적 수령의 종류_(6)기타,1,10,"1,2,3,4,5,6,7,8,9,10",raw | structured | structured,21,2,normalized_label,needs_review,
KLoSA,high,KLoSA,w__Bb167_03m07,w__Bb167_03m07,w01Bb167_03m07 | w03Bb167_03m07 | w04Bb167_03m07 | w05Bb167_03m07 | w06Bb167_03m07 | w07Bb167_03m07 | w08Bb167_03m07 | w09Bb167_03m07,1번째 형제자매에게 제공한 비금전적 수령의 종류_(-8)응답거절 | 3번째 기타가족에게 제공한 비금전적 수령의 종류_(-8)응답거절 | 3번째 기타가족에게 제공한 비금전적 지원의 종류_(-8)응답거절 | 3번째 기타가족에게 제공한 비금전적 지원의 종류_(8)응답거절,1,9,"1,3,4,5,6,7,8,9",raw,9,1,normalized_label,needs_review,
KLoSA,high,KLoSA,w__Bb167_03m08,w__Bb167_03m08,w01Bb167_03m08 | w03Bb167_03m08 | w04Bb167_03m08 | w05Bb167_03m08 | w06Bb167_03m08 | w07Bb167_03m08 | w08Bb167_03m08 | w09Bb167_03m08,1번째 형제자매에게 제공한 비금전적 수령의 종류_(-9)모르겠음 | 3번째 기타가족에게 제공한 비금전적 수령의 종류_(-9)모르겠음 | 3번째 기타가족에게 제공한 비금전적 지원의 종류_(-9)모르겠음 | 3번째 기타가족에게 제공한 비금전적 지원의 종류_(9)모르겠음,1,9,"1,3,4,5,6,7,8,9",raw,9,1,normalized_label,needs_review,
KLoSA,high,KLoSA,w__Bb167_04m01,rw01bb167_04m01 | w__Bb167_04m01,rw01bb167_04m01 | w01Bb167_04m01 | w02Bb167_04m01 | w03Bb167_04m01 | w04Bb167_04m01 | w05Bb167_04m01 | w06Bb167_04m01 | w07Bb167_04m01 | w08Bb167_04m01 | w09Bb167_04m01 | w10Bb167_04m01,2번째 형제자매에게 제공한 비금전적 수령의 종류_(1)여가(여행 및 관광) | 4번째 기타가족에게 제공한 비금전적 수령의 종류_(1)여가(여행 및 관광) | 4번째 기타가족에게 제공한 비금전적 수령의 종류_(1)여가(여행 및 관광),1,10,"1,2,3,4,5,6,7,8,9,10",raw | structured | structured,21,2,normalized_label,needs_review,
KLoSA,high,KLoSA,w__Bb167_04m02,rw01bb167_04m02 | w__Bb167_04m02,rw01bb167_04m02 | w01Bb167_04m02 | w02Bb167_04m02 | w03Bb167_04m02 | w04Bb167_04m02 | w05Bb167_04m02 | w06Bb167_04m02 | w07Bb167_04m02 | w08Bb167_04m02 | w09Bb167_04m02 | w10Bb167_04m02,2번째 형제자매에게 제공한 비금전적 수령의 종류_(2)건강용품 | 4번째 기타가족에게 제공한 비금전적 수령의 종류_(2)건강용품 | 4번째 기타가족에게 제공한 비금전적 수령의 종류_(2)건강용품,1,10,"1,2,3,4,5,6,7,8,9,10",raw | structured | structured,21,2,normalized_label,needs_review,
KLoSA,high,KLoSA,w__Bb167_04m03,rw01bb167_04m03 | w__Bb167_04m03,rw01bb167_04m03 | w01Bb167_04m03 | w02Bb167_04m03 | w03Bb167_04m03 | w04Bb167_04m03 | w05Bb167_04m03 | w06Bb167_04m03 | w07Bb167_04m03 | w08Bb167_04m03 | w09Bb167_04m03 | w10Bb167_04m03,2번째 형제자매에게 제공한 비금전적 수령의 종류_(3)생활용품 | 4번째 기타가족에게 제공한 비금전적 수령의 종류_(3)생활용품 | 4번째 기타가족에게 제공한 비금전적 수령의 종류_(3)생활용품,1,10,"1,2,3,4,5,6,7,8,9,10",raw | structured | structured,21,2,normalized_label,needs_review,
KLoSA,high,KLoSA,w__Bb167_04m04,rw01bb167_04m04 | w__Bb167_04m04,rw01bb167_04m04 | w01Bb167_04m04 | w02Bb167_04m04 | w03Bb167_04m04 | w04Bb167_04m04 | w05Bb167_04m04 | w06Bb167_04m04 | w07Bb167_04m04 | w08Bb167_04m04 | w09Bb167_04m04 | w10Bb167_04m04,2번째 형제자매에게 제공한 비금전적 수령의 종류_(4)전자제품 | 4번째 기타가족에게 제공한 비금전적 수령의 종류_(4)전자제품 | 4번째 기타가족에게 제공한 비금전적 수령의 종류_(4)전자제품,1,10,"1,2,3,4,5,6,7,8,9,10",raw | structured | structured,21,2,normalized_label,needs_review,
KLoSA,high,KLoSA,w__Bb167_04m05,rw01bb167_04m05 | w__Bb167_04m05,rw01bb167_04m05 | w01Bb167_04m05 | w02Bb167_04m05 | w03Bb167_04m05 | w04Bb167_04m05 | w05Bb167_04m05 | w06Bb167_04m05 | w07Bb167_04m05 | w08Bb167_04m05 | w09Bb167_04m05 | w10Bb167_04m05,2번째 형제자매에게 제공한 비금전적 수령의 종류_(5)외식 및 음식물 | 4번째 기타가족에게 제공한 비금전적 수령의 종류_(5)외식 및 음식물 | 4번째 기타가족에게 제공한 비금전적 수령의 종류_(5)외식 및 음식물,1,10,"1,2,3,4,5,6,7,8,9,10",raw | structured | structured,21,2,normalized_label,needs_review,
KLoSA,high,KLoSA,w__Bb167_04m06,rw01bb167_04m06 | w__Bb167_04m06,rw01bb167_04m06 | w01Bb167_04m06 | w02Bb167_04m06 | w03Bb167_04m06 | w04Bb167_04m06 | w05Bb167_04m06 | w06Bb167_04m06 | w07Bb167_04m06 | w08Bb167_04m06 | w09Bb167_04m06 | w10Bb167_04m06,2번째 형제자매에게 제공한 비금전적 수령의 종류_(7)기타 | 4번째 기타가족에게 제공한 비금전적 수령의 종류_(6)기타 | 4번째 기타가족에게 제공한 비금전적 수령의 종류_(7)기타 | 4번째 기타가족에게 제공한 비금전적 수령의 종류_(6)기타,1,10,"1,2,3,4,5,6,7,8,9,10",raw | structured | structured,21,2,normalized_label,needs_review,
KLoSA,high,KLoSA,w__Bb167_04m07,w__Bb167_04m07,w01Bb167_04m07 | w03Bb167_04m07 | w04Bb167_04m07 | w05Bb167_04m07 | w06Bb167_04m07 | w07Bb167_04m07 | w08Bb167_04m07 | w09Bb167_04m07,2번째 형제자매에게 제공한 비금전적 수령의 종류_(-8)응답거절 | 4번째 기타가족에게 제공한 비금전적 수령의 종류_(-8)응답거절 | 4번째 기타가족에게 제공한 비금전적 지원의 종류_(-8)응답거절 | 4번째 기타가족에게 제공한 비금전적 지원의 종류_(8)응답거절,1,9,"1,3,4,5,6,7,8,9",raw,9,1,normalized_label,needs_review,
KLoSA,high,KLoSA,w__Bb167_04m08,w__Bb167_04m08,w01Bb167_04m08 | w03Bb167_04m08 | w04Bb167_04m08 | w05Bb167_04m08 | w06Bb167_04m08 | w07Bb167_04m08 | w08Bb167_04m08 | w09Bb167_04m08,2번째 형제자매에게 제공한 비금전적 수령의 종류_(-9)모르겠음 | 4번째 기타가족에게 제공한 비금전적 수령의 종류_(-9)모르겠음 | 4번째 기타가족에게 제공한 비금전적 지원의 종류_(-9)모르겠음 | 4번째 기타가족에게 제공한 비금전적 지원의 종류_(9)모르겠음,1,9,"1,3,4,5,6,7,8,9",raw,9,1,normalized_label,needs_review,
KLoSA,high,KLoSA,w__Bb167_05m01,rw01bb167_05m01 | w__Bb167_05m01,rw01bb167_05m01 | w01Bb167_05m01 | w02Bb167_05m01 | w03Bb167_05m01 | w04Bb167_05m01 | w05Bb167_05m01 | w06Bb167_05m01 | w07Bb167_05m01 | w08Bb167_05m01 | w09Bb167_05m01 | w10Bb167_05m01,3번째 형제자매에게 제공한 비금전적 수령의 종류_(1)여가(여행 및 관광) | 5번째 기타가족에게 제공한 비금전적 수령의 종류_(1)여가(여행 및 관광) | 5번째 기타가족에게 제공한 비금전적 수령의 종류_(1)여가(여행 및 관광),1,10,"1,2,3,4,5,6,7,8,9,10",raw | structured | structured,21,2,normalized_label,needs_review,
KLoSA,high,KLoSA,w__Bb167_05m02,rw01bb167_05m02 | w__Bb167_05m02,rw01bb167_05m02 | w01Bb167_05m02 | w02Bb167_05m02 | w03Bb167_05m02 | w04Bb167_05m02 | w05Bb167_05m02 | w06Bb167_05m02 | w07Bb167_05m02 | w08Bb167_05m02 | w09Bb167_05m02 | w10Bb167_05m02,3번째 형제자매에게 제공한 비금전적 수령의 종류_(2)건강용품 | 5번째 기타가족에게 제공한 비금전적 수령의 종류_(2)건강용품 | 5번째 기타가족에게 제공한 비금전적 수령의 종류_(2)건강용품,1,10,"1,2,3,4,5,6,7,8,9,10",raw | structured | structured,21,2,normalized_label,needs_review,
KLoSA,high,KLoSA,w__Bb167_05m03,rw01bb167_05m03 | w__Bb167_05m03,rw01bb167_05m03 | w01Bb167_05m03 | w02Bb167_05m03 | w03Bb167_05m03 | w04Bb167_05m03 | w05Bb167_05m03 | w06Bb167_05m03 | w07Bb167_05m03 | w08Bb167_05m03 | w09Bb167_05m03 | w10Bb167_05m03,3번째 형제자매에게 제공한 비금전적 수령의 종류_(3)생활용품 | 5번째 기타가족에게 제공한 비금전적 수령의 종류_(3)생활용품 | 5번째 기타가족에게 제공한 비금전적 수령의 종류_(3)생활용품,1,10,"1,2,3,4,5,6,7,8,9,10",raw | structured | structured,21,2,normalized_label,needs_review,
KLoSA,high,KLoSA,w__Bb167_05m04,rw01bb167_05m04 | w__Bb167_05m04,rw01bb167_05m04 | w01Bb167_05m04 | w02Bb167_05m04 | w03Bb167_05m04 | w04Bb167_05m04 | w05Bb167_05m04 | w06Bb167_05m04 | w07Bb167_05m04 | w08Bb167_05m04 | w09Bb167_05m04 | w10Bb167_05m04,3번째 형제자매에게 제공한 비금전적 수령의 종류_(4)전자제품 | 5번째 기타가족에게 제공한 비금전적 수령의 종류_(4)전자제품 | 5번째 기타가족에게 제공한 비금전적 수령의 종류_(4)전자제품,1,10,"1,2,3,4,5,6,7,8,9,10",raw | structured | structured,21,2,normalized_label,needs_review,
KLoSA,high,KLoSA,w__Bb167_05m05,rw01bb167_05m05 | w__Bb167_05m05,rw01bb167_05m05 | w01Bb167_05m05 | w02Bb167_05m05 | w03Bb167_05m05 | w04Bb167_05m05 | w05Bb167_05m05 | w06Bb167_05m05 | w07Bb167_05m05 | w08Bb167_05m05 | w09Bb167_05m05 | w10Bb167_05m05,3번째 형제자매에게 제공한 비금전적 수령의 종류_(5)외식 및 음식물 | 5번째 기타가족에게 제공한 비금전적 수령의 종류_(5)외식 및 음식물 | 5번째 기타가족에게 제공한 비금전적 수령의 종류_(5)외식 및 음식물,1,10,"1,2,3,4,5,6,7,8,9,10",raw | structured | structured,21,2,normalized_label,needs_review,
KLoSA,high,KLoSA,w__Bb167_05m06,rw01bb167_05m06 | w__Bb167_05m06,rw01bb167_05m06 | w01Bb167_05m06 | w02Bb167_05m06 | w03Bb167_05m06 | w04Bb167_05m06 | w05Bb167_05m06 | w06Bb167_05m06 | w07Bb167_05m06 | w08Bb167_05m06 | w09Bb167_05m06 | w10Bb167_05m06,3번째 형제자매에게 제공한 비금전적 수령의 종류_(7)기타 | 5번째 기타가족에게 제공한 비금전적 수령의 종류_(6)기타 | 5번째 기타가족에게 제공한 비금전적 수령의 종류_(7)기타 | 5번째 기타가족에게 제공한 비금전적 수령의 종류_(6)기타,1,10,"1,2,3,4,5,6,7,8,9,10",raw | structured | structured,21,2,normalized_label,needs_review,
KLoSA,high,KLoSA,w__Bb167_05m07,w__Bb167_05m07,w01Bb167_05m07 | w03Bb167_05m07 | w04Bb167_05m07 | w05Bb167_05m07 | w06Bb167_05m07 | w07Bb167_05m07 | w08Bb167_05m07 | w09Bb167_05m07,3번째 형제자매에게 제공한 비금전적 수령의 종류_(-8)응답거절 | 5번째 기타가족에게 제공한 비금전적 수령의 종류_(-8)응답거절 | 5번째 기타가족에게 제공한 비금전적 지원의 종류_(-8)응답거절 | 5번째 기타가족에게 제공한 비금전적 지원의 종류_(8)응답거절,1,9,"1,3,4,5,6,7,8,9",raw,9,1,normalized_label,needs_review,
KLoSA,high,KLoSA,w__Bb167_05m08,w__Bb167_05m08,w01Bb167_05m08 | w03Bb167_05m08 | w04Bb167_05m08 | w05Bb167_05m08 | w06Bb167_05m08 | w07Bb167_05m08 | w08Bb167_05m08 | w09Bb167_05m08,3번째 형제자매에게 제공한 비금전적 수령의 종류_(-9)모르겠음 | 5번째 기타가족에게 제공한 비금전적 수령의 종류_(-9)모르겠음 | 5번째 기타가족에게 제공한 비금전적 지원의 종류_(-9)모르겠음 | 5번째 기타가족에게 제공한 비금전적 지원의 종류_(9)모르겠음,1,9,"1,3,4,5,6,7,8,9",raw,9,1,normalized_label,needs_review,
KLoSA,high,KLoSA,w__Bb167_06m01,rw01bb167_06m01 | w__Bb167_06m01,rw01bb167_06m01 | w01Bb167_06m01 | w02Bb167_06m01 | w03Bb167_06m01 | w04Bb167_06m01 | w05Bb167_06m01 | w06Bb167_06m01 | w07Bb167_06m01 | w08Bb167_06m01 | w09Bb167_06m01 | w10Bb167_06m01,4번째 형제자매에게 제공한 비금전적 수령의 종류_(1)여가(여행 및 관광) | 6번째 기타가족에게 제공한 비금전적 수령의 종류_(1)여가(여행 및 관광) | 6번째 기타가족에게 제공한 비금전적 수령의 종류_(1)여가(여행 및 관광),1,10,"1,2,3,4,5,6,7,8,9,10",raw | structured | structured,21,2,normalized_label,needs_review,
KLoSA,high,KLoSA,w__Bb167_06m02,rw01bb167_06m02 | w__Bb167_06m02,rw01bb167_06m02 | w01Bb167_06m02 | w02Bb167_06m02 | w03Bb167_06m02 | w04Bb167_06m02 | w05Bb167_06m02 | w06Bb167_06m02 | w07Bb167_06m02 | w08Bb167_06m02 | w09Bb167_06m02 | w10Bb167_06m02,4번째 형제자매에게 제공한 비금전적 수령의 종류_(2)건강용품 | 6번째 기타가족에게 제공한 비금전적 수령의 종류_(2)건강용품 | 6번째 기타가족에게 제공한 비금전적 수령의 종류_(2)건강용품,1,10,"1,2,3,4,5,6,7,8,9,10",raw | structured | structured,21,2,normalized_label,needs_review,
KLoSA,high,KLoSA,w__Bb167_06m03,rw01bb167_06m03 | w__Bb167_06m03,rw01bb167_06m03 | w01Bb167_06m03 | w02Bb167_06m03 | w03Bb167_06m03 | w04Bb167_06m03 | w05Bb167_06m03 | w06Bb167_06m03 | w07Bb167_06m03 | w08Bb167_06m03 | w09Bb167_06m03 | w10Bb167_06m03,4번째 형제자매에게 제공한 비금전적 수령의 종류_(3)생활용품 | 6번째 기타가족에게 제공한 비금전적 수령의 종류_(3)생활용품 | 6번째 기타가족에게 제공한 비금전적 수령의 종류_(3)생활용품,1,10,"1,2,3,4,5,6,7,8,9,10",raw | structured | structured,21,2,normalized_label,needs_review,
KLoSA,high,KLoSA,w__Bb167_06m04,rw01bb167_06m04 | w__Bb167_06m04,rw01bb167_06m04 | w01Bb167_06m04 | w02Bb167_06m04 | w03Bb167_06m04 | w04Bb167_06m04 | w05Bb167_06m04 | w06Bb167_06m04 | w07Bb167_06m04 | w08Bb167_06m04 | w09Bb167_06m04 | w10Bb167_06m04,4번째 형제자매에게 제공한 비금전적 수령의 종류_(4)전자제품 | 6번째 기타가족에게 제공한 비금전적 수령의 종류_(4)전자제품 | 6번째 기타가족에게 제공한 비금전적 수령의 종류_(4)전자제품,1,10,"1,2,3,4,5,6,7,8,9,10",raw | structured | structured,21,2,normalized_label,needs_review,
KLoSA,high,KLoSA,w__Bb167_06m05,rw01bb167_06m05 | w__Bb167_06m05,rw01bb167_06m05 | w01Bb167_06m05 | w02Bb167_06m05 | w03Bb167_06m05 | w04Bb167_06m05 | w05Bb167_06m05 | w06Bb167_06m05 | w07Bb167_06m05 | w08Bb167_06m05 | w09Bb167_06m05 | w10Bb167_06m05,4번째 형제자매에게 제공한 비금전적 수령의 종류_(5)외식 및 음식물 | 6번째 기타가족에게 제공한 비금전적 수령의 종류_(5)외식 및 음식물 | 6번째 기타가족에게 제공한 비금전적 수령의 종류_(5)외식 및 음식물,1,10,"1,2,3,4,5,6,7,8,9,10",raw | structured | structured,21,2,normalized_label,needs_review,
KLoSA,high,KLoSA,w__Bb167_06m06,rw01bb167_06m06 | w__Bb167_06m06,rw01bb167_06m06 | w01Bb167_06m06 | w02Bb167_06m06 | w03Bb167_06m06 | w04Bb167_06m06 | w05Bb167_06m06 | w06Bb167_06m06 | w07Bb167_06m06 | w08Bb167_06m06 | w09Bb167_06m06 | w10Bb167_06m06,4번째 형제자매에게 제공한 비금전적 수령의 종류_(7)기타 | 6번째 기타가족에게 제공한 비금전적 수령의 종류_(6)기타 | 6번째 기타가족에게 제공한 비금전적 수령의 종류_(7)기타 | 6번째 기타가족에게 제공한 비금전적 수령의 종류_(6)기타,1,10,"1,2,3,4,5,6,7,8,9,10",raw | structured | structured,21,2,normalized_label,needs_review,
KLoSA,high,KLoSA,w__Bb167_06m07,w__Bb167_06m07,w01Bb167_06m07 | w03Bb167_06m07 | w04Bb167_06m07 | w05Bb167_06m07 | w06Bb167_06m07 | w07Bb167_06m07 | w08Bb167_06m07 | w09Bb167_06m07,4번째 형제자매에게 제공한 비금전적 수령의 종류_(-8)응답거절 | 6번째 기타가족에게 제공한 비금전적 수령의 종류_(-8)응답거절 | 6번째 기타가족에게 제공한 비금전적 지원의 종류_(-8)응답거절 | 6번째 기타가족에게 제공한 비금전적 지원의 종류_(8)응답거절,1,9,"1,3,4,5,6,7,8,9",raw,9,1,normalized_label,needs_review,
KLoSA,high,KLoSA,w__Bb167_06m08,w__Bb167_06m08,w01Bb167_06m08 | w03Bb167_06m08 | w04Bb167_06m08 | w05Bb167_06m08 | w06Bb167_06m08 | w07Bb167_06m08 | w08Bb167_06m08 | w09Bb167_06m08,4번째 형제자매에게 제공한 비금전적 수령의 종류_(-9)모르겠음 | 6번째 기타가족에게 제공한 비금전적 수령의 종류_(-9)모르겠음 | 6번째 기타가족에게 제공한 비금전적 지원의 종류_(-9)모르겠음 | 6번째 기타가족에게 제공한 비금전적 지원의 종류_(9)모르겠음,1,9,"1,3,4,5,6,7,8,9",raw,9,1,normalized_label,needs_review,
KLoSA,high,KLoSA,w__Bb167_07m01,rw01bb167_07m01 | w__Bb167_07m01,rw01bb167_07m01 | w01Bb167_07m01 | w02Bb167_07m01 | w03Bb167_07m01 | w04Bb167_07m01 | w05Bb167_07m01 | w06Bb167_07m01 | w07Bb167_07m01 | w08Bb167_07m01 | w09Bb167_07m01,5번째 형제자매에게 제공한 비금전적 수령의 종류_(1)여가(여행 및 관광) | 7번째 기타가족에게 제공한 비금전적 수령의 종류_(1)여가(여행 및 관광) | 7번째 기타가족에게 제공한 비금전적 수령의 종류_(1)여가(여행 및 관광),1,9,"1,2,3,4,5,6,7,8,9",raw | structured | structured,19,2,normalized_label,needs_review,
KLoSA,high,KLoSA,w__Bb167_07m02,rw01bb167_07m02 | w__Bb167_07m02,rw01bb167_07m02 | w01Bb167_07m02 | w02Bb167_07m02 | w03Bb167_07m02 | w04Bb167_07m02 | w05Bb167_07m02 | w06Bb167_07m02 | w07Bb167_07m02 | w08Bb167_07m02 | w09Bb167_07m02,5번째 형제자매에게 제공한 비금전적 수령의 종류_(2)건강용품 | 7번째 기타가족에게 제공한 비금전적 수령의 종류_(2)건강용품 | 7번째 기타가족에게 제공한 비금전적 수령의 종류_(2)건강용품,1,9,"1,2,3,4,5,6,7,8,9",raw | structured | structured,19,2,normalized_label,needs_review,
KLoSA,high,KLoSA,w__Bb167_07m03,rw01bb167_07m03 | w__Bb167_07m03,rw01bb167_07m03 | w01Bb167_07m03 | w02Bb167_07m03 | w03Bb167_07m03 | w04Bb167_07m03 | w05Bb167_07m03 | w06Bb167_07m03 | w07Bb167_07m03 | w08Bb167_07m03 | w09Bb167_07m03,5번째 형제자매에게 제공한 비금전적 수령의 종류_(3)생활용품 | 7번째 기타가족에게 제공한 비금전적 수령의 종류_(3)생활용품 | 7번째 기타가족에게 제공한 비금전적 수령의 종류_(3)생활용품,1,9,"1,2,3,4,5,6,7,8,9",raw | structured | structured,19,2,normalized_label,needs_review,
KLoSA,high,KLoSA,w__Bb167_07m04,rw01bb167_07m04 | w__Bb167_07m04,rw01bb167_07m04 | w01Bb167_07m04 | w02Bb167_07m04 | w03Bb167_07m04 | w04Bb167_07m04 | w05Bb167_07m04 | w06Bb167_07m04 | w07Bb167_07m04 | w08Bb167_07m04 | w09Bb167_07m04,5번째 형제자매에게 제공한 비금전적 수령의 종류_(4)전자제품 | 7번째 기타가족에게 제공한 비금전적 수령의 종류_(4)전자제품 | 7번째 기타가족에게 제공한 비금전적 수령의 종류_(4)전자제품,1,9,"1,2,3,4,5,6,7,8,9",raw | structured | structured,19,2,normalized_label,needs_review,
KLoSA,high,KLoSA,w__Bb167_07m05,rw01bb167_07m05 | w__Bb167_07m05,rw01bb167_07m05 | w01Bb167_07m05 | w02Bb167_07m05 | w03Bb167_07m05 | w04Bb167_07m05 | w05Bb167_07m05 | w06Bb167_07m05 | w07Bb167_07m05 | w08Bb167_07m05 | w09Bb167_07m05,5번째 형제자매에게 제공한 비금전적 수령의 종류_(5)외식 및 음식물 | 7번째 기타가족에게 제공한 비금전적 수령의 종류_(5)외식 및 음식물 | 7번째 기타가족에게 제공한 비금전적 수령의 종류_(5)외식 및 음식물,1,9,"1,2,3,4,5,6,7,8,9",raw | structured | structured,19,2,normalized_label,needs_review,
KLoSA,high,KLoSA,w__Bb167_07m06,rw01bb167_07m06 | w__Bb167_07m06,rw01bb167_07m06 | w01Bb167_07m06 | w02Bb167_07m06 | w03Bb167_07m06 | w04Bb167_07m06 | w05Bb167_07m06 | w06Bb167_07m06 | w07Bb167_07m06 | w08Bb167_07m06 | w09Bb167_07m06,5번째 형제자매에게 제공한 비금전적 수령의 종류_(7)기타 | 7번째 기타가족에게 제공한 비금전적 수령의 종류_(6)기타 | 7번째 기타가족에게 제공한 비금전적 수령의 종류_(7)기타 | 7번째 기타가족에게 제공한 비금전적 수령의 종류_(6)기타,1,9,"1,2,3,4,5,6,7,8,9",raw | structured | structured,19,2,normalized_label,needs_review,
KLoSA,high,KLoSA,w__Bb167_07m07,w__Bb167_07m07,w01Bb167_07m07 | w03Bb167_07m07 | w04Bb167_07m07 | w05Bb167_07m07 | w06Bb167_07m07 | w07Bb167_07m07 | w08Bb167_07m07 | w09Bb167_07m07,5번째 형제자매에게 제공한 비금전적 수령의 종류_(-8)응답거절 | 7번째 기타가족에게 제공한 비금전적 수령의 종류_(-8)응답거절 | 7번째 기타가족에게 제공한 비금전적 지원의 종류_(-8)응답거절 | 7번째 기타가족에게 제공한 비금전적 지원의 종류_(8)응답거절,1,9,"1,3,4,5,6,7,8,9",raw,9,1,normalized_label,needs_review,
KLoSA,high,KLoSA,w__Bb167_07m08,w__Bb167_07m08,w01Bb167_07m08 | w03Bb167_07m08 | w04Bb167_07m08 | w05Bb167_07m08 | w06Bb167_07m08 | w07Bb167_07m08 | w08Bb167_07m08 | w09Bb167_07m08,5번째 형제자매에게 제공한 비금전적 수령의 종류_(-9)모르겠음 | 7번째 기타가족에게 제공한 비금전적 수령의 종류_(-9)모르겠음 | 7번째 기타가족에게 제공한 비금전적 지원의 종류_(-9)모르겠음 | 7번째 기타가족에게 제공한 비금전적 지원의 종류_(9)모르겠음,1,9,"1,3,4,5,6,7,8,9",raw,9,1,normalized_label,needs_review,
KLoSA,high,KLoSA,w__Bb167_08m01,rw01bb167_08m01 | w__Bb167_08m01,rw01bb167_08m01 | w01Bb167_08m01 | w02Bb167_08m01 | w03Bb167_08m01 | w04Bb167_08m01 | w05Bb167_08m01 | w09Bb167_08m01,6번째 형제자매에게 제공한 비금전적 수령의 종류_(1)여가(여행 및 관광) | 8번째 기타가족에게 제공한 비금전적 수령의 종류_(1)여가(여행 및 관광) | 8번째 기타가족에게 제공한 비금전적 수령의 종류_(1)여가(여행 및 관광),1,9,"1,2,3,4,5,9",raw | structured | structured,12,2,normalized_label,needs_review,
KLoSA,high,KLoSA,w__Bb167_08m02,rw01bb167_08m02 | w__Bb167_08m02,rw01bb167_08m02 | w01Bb167_08m02 | w02Bb167_08m02 | w03Bb167_08m02 | w04Bb167_08m02 | w05Bb167_08m02 | w09Bb167_08m02,6번째 형제자매에게 제공한 비금전적 수령의 종류_(2)건강용품 | 8번째 기타가족에게 제공한 비금전적 수령의 종류_(2)건강용품 | 8번째 기타가족에게 제공한 비금전적 수령의 종류_(2)건강용품,1,9,"1,2,3,4,5,9",raw | structured | structured,12,2,normalized_label,needs_review,
KLoSA,high,KLoSA,w__Bb167_08m03,rw01bb167_08m03 | w__Bb167_08m03,rw01bb167_08m03 | w01Bb167_08m03 | w02Bb167_08m03 | w03Bb167_08m03 | w04Bb167_08m03 | w05Bb167_08m03 | w09Bb167_08m03,6번째 형제자매에게 제공한 비금전적 수령의 종류_(3)생활용품 | 8번째 기타가족에게 제공한 비금전적 수령의 종류_(3)생활용품 | 8번째 기타가족에게 제공한 비금전적 수령의 종류_(3)생활용품,1,9,"1,2,3,4,5,9",raw | structured | structured,12,2,normalized_label,needs_review,
KLoSA,high,KLoSA,w__Bb167_08m04,rw01bb167_08m04 | w__Bb167_08m04,rw01bb167_08m04 | w01Bb167_08m04 | w02Bb167_08m04 | w03Bb167_08m04 | w04Bb167_08m04 | w05Bb167_08m04 | w09Bb167_08m04,6번째 형제자매에게 제공한 비금전적 수령의 종류_(4)전자제품 | 8번째 기타가족에게 제공한 비금전적 수령의 종류_(4)전자제품 | 8번째 기타가족에게 제공한 비금전적 수령의 종류_(4)전자제품,1,9,"1,2,3,4,5,9",raw | structured | structured,12,2,normalized_label,needs_review,
KLoSA,high,KLoSA,w__Bb167_08m05,rw01bb167_08m05 | w__Bb167_08m05,rw01bb167_08m05 | w01Bb167_08m05 | w02Bb167_08m05 | w03Bb167_08m05 | w04Bb167_08m05 | w05Bb167_08m05 | w09Bb167_08m05,6번째 형제자매에게 제공한 비금전적 수령의 종류_(5)외식 및 음식물 | 8번째 기타가족에게 제공한 비금전적 수령의 종류_(5)외식 및 음식물 | 8번째 기타가족에게 제공한 비금전적 수령의 종류_(5)외식 및 음식물,1,9,"1,2,3,4,5,9",raw | structured | structured,12,2,normalized_label,needs_review,
KLoSA,high,KLoSA,w__Bb167_08m06,rw01bb167_08m06 | w__Bb167_08m06,rw01bb167_08m06 | w01Bb167_08m06 | w02Bb167_08m06 | w03Bb167_08m06 | w04Bb167_08m06 | w05Bb167_08m06 | w09Bb167_08m06,6번째 형제자매에게 제공한 비금전적 수령의 종류_(7)기타 | 8번째 기타가족에게 제공한 비금전적 수령의 종류_(6)기타 | 8번째 기타가족에게 제공한 비금전적 수령의 종류_(7)기타 | 8번째 기타가족에게 제공한 비금전적 수령의 종류_(6)기타,1,9,"1,2,3,4,5,9",raw | structured | structured,12,2,normalized_label,needs_review,
KLoSA,high,KLoSA,w__Bb167_09m01,rw01bb167_09m01 | w__Bb167_09m01,rw01bb167_09m01 | w01Bb167_09m01 | w02Bb167_09m01 | w03Bb167_09m01 | w04Bb167_09m01,7번째 형제자매에게 제공한 비금전적 수령의 종류_(1)여가(여행 및 관광) | 9번째 기타가족에게 제공한 비금전적 수령의 종류_(1)여가(여행 및 관광) | 9번째 기타가족에게 제공한 비금전적 수령의 종류_(1)여가(여행 및 관광),1,4,"1,2,3,4",raw | structured | structured,8,2,normalized_label,needs_review,
KLoSA,high,KLoSA,w__Bb167_09m02,rw01bb167_09m02 | w__Bb167_09m02,rw01bb167_09m02 | w01Bb167_09m02 | w02Bb167_09m02 | w03Bb167_09m02 | w04Bb167_09m02,7번째 형제자매에게 제공한 비금전적 수령의 종류_(2)건강용품 | 9번째 기타가족에게 제공한 비금전적 수령의 종류_(2)건강용품 | 9번째 기타가족에게 제공한 비금전적 수령의 종류_(2)건강용품,1,4,"1,2,3,4",raw | structured | structured,8,2,normalized_label,needs_review,
KLoSA,high,KLoSA,w__Bb167_09m03,rw01bb167_09m03 | w__Bb167_09m03,rw01bb167_09m03 | w01Bb167_09m03 | w02Bb167_09m03 | w03Bb167_09m03 | w04Bb167_09m03,7번째 형제자매에게 제공한 비금전적 수령의 종류_(3)생활용품 | 9번째 기타가족에게 제공한 비금전적 수령의 종류_(3)생활용품 | 9번째 기타가족에게 제공한 비금전적 수령의 종류_(3)생활용품,1,4,"1,2,3,4",raw | structured | structured,8,2,normalized_label,needs_review,
KLoSA,high,KLoSA,w__Bb167_09m04,rw01bb167_09m04 | w__Bb167_09m04,rw01bb167_09m04 | w01Bb167_09m04 | w02Bb167_09m04 | w03Bb167_09m04 | w04Bb167_09m04,7번째 형제자매에게 제공한 비금전적 수령의 종류_(4)전자제품 | 9번째 기타가족에게 제공한 비금전적 수령의 종류_(4)전자제품 | 9번째 기타가족에게 제공한 비금전적 수령의 종류_(4)전자제품,1,4,"1,2,3,4",raw | structured | structured,8,2,normalized_label,needs_review,
KLoSA,high,KLoSA,w__Bb167_09m05,rw01bb167_09m05 | w__Bb167_09m05,rw01bb167_09m05 | w01Bb167_09m05 | w02Bb167_09m05 | w03Bb167_09m05 | w04Bb167_09m05,7번째 형제자매에게 제공한 비금전적 수령의 종류_(5)외식 및 음식물 | 9번째 기타가족에게 제공한 비금전적 수령의 종류_(5)외식 및 음식물 | 9번째 기타가족에게 제공한 비금전적 수령의 종류_(5)외식 및 음식물,1,4,"1,2,3,4",raw | structured | structured,8,2,normalized_label,needs_review,
KLoSA,high,KLoSA,w__Bb167_09m06,rw01bb167_09m06 | w__Bb167_09m06,rw01bb167_09m06 | w01Bb167_09m06 | w02Bb167_09m06 | w03Bb167_09m06 | w04Bb167_09m06,7번째 형제자매에게 제공한 비금전적 수령의 종류_(7)기타 | 9번째 기타가족에게 제공한 비금전적 수령의 종류_(6)기타 | 9번째 기타가족에게 제공한 비금전적 수령의 종류_(7)기타 | 9번째 기타가족에게 제공한 비금전적 수령의 종류_(6)기타,1,4,"1,2,3,4",raw | structured | structured,8,2,normalized_label,needs_review,
KLoSA,high,KLoSA,w__Bb169a01,rw01Bb169a01 | w__Bb169a01,rw01Bb169a01 | w01Bb169a01 | w02Bb169a01 | w03Bb169a01 | w04Bb169a01 | w05Bb169a01 | w06Bb169a01 | w07Bb169a01 | w08Bb169a01 | w09Bb169a01 | w10Bb169a01,가족 중 기본 일상생활(ADL) 수행 불편자: 배우자 | 기본일상생활(ADL) 수행이 불편한 가족_01 | 기본일상생활(ADL) 수행이 불편한 가족_01,1,10,"1,2,3,4,5,6,7,8,9,10",raw | structured | structured,21,2,normalized_label,needs_review,
KLoSA,high,KLoSA,w__Bb169a02,rw01Bb169a02 | w__Bb169a02,rw01Bb169a02 | w01Bb169a02 | w02Bb169a02 | w03Bb169a02 | w04Bb169a02 | w05Bb169a02 | w06Bb169a02 | w07Bb169a02 | w08Bb169a02 | w09Bb169a02 | w10Bb169a02,가족 중 기본 일상생활(ADL) 수행 불편자: 어머니 | 기본일상생활(ADL) 수행이 불편한 가족_02 | 기본일상생활(ADL) 수행이 불편한 가족_02,1,10,"1,2,3,4,5,6,7,8,9,10",raw | structured | structured,21,2,normalized_label,needs_review,
KLoSA,high,KLoSA,w__Bb169a03,rw01Bb169a03 | w__Bb169a03,rw01Bb169a03 | w01Bb169a03 | w02Bb169a03 | w03Bb169a03 | w04Bb169a03 | w05Bb169a03 | w06Bb169a03 | w08Bb169a03 | w09Bb169a03 | w10Bb169a03,가족 중 기본 일상생활(ADL) 수행 불편자: 아버지 | 기본일상생활(ADL) 수행이 불편한 가족_03 | 기본일상생활(ADL) 수행이 불편한 가족_03,1,10,"1,2,3,4,5,6,8,9,10",raw | structured | structured,17,2,normalized_label,needs_review,
KLoSA,high,KLoSA,w__Bb169a04,rw01Bb169a04 | w__Bb169a04,rw01Bb169a04 | w01Bb169a04 | w02Bb169a04 | w03Bb169a04 | w04Bb169a04 | w06Bb169a04 | w09Bb169a04 | w10Bb169a04,가족 중 기본 일상생활(ADL) 수행 불편자: 배우자의 어머니 | 기본일상생활(ADL) 수행이 불편한 가족_04 | 기본일상생활(ADL) 수행이 불편한 가족_04,1,10,"1,2,3,4,6,9,10",raw | structured | structured,14,2,normalized_label,needs_review,
KLoSA,high,KLoSA,w__Bb169a05,rw01Bb169a05 | w__Bb169a05,rw01Bb169a05 | w01Bb169a05 | w02Bb169a05 | w03Bb169a05 | w06Bb169a05 | w09Bb169a05 | w10Bb169a05,가족 중 기본 일상생활(ADL) 수행 불편자: 배우자의 아버지 | 기본일상생활(ADL) 수행이 불편한 가족_05 | 기본일상생활(ADL) 수행이 불편한 가족_05,1,10,"1,2,3,6,9,10",raw | structured | structured,12,2,normalized_label,needs_review,
KLoSA,high,KLoSA,w__Bb169a06,rw01Bb169a06 | w__Bb169a06,rw01Bb169a06 | w01Bb169a06 | w02Bb169a06 | w09Bb169a06,가족 중 기본 일상생활(ADL) 수행 불편자: 1번째 자녀 | 기본일상생활(ADL) 수행이 불편한 가족_06 | 기본일상생활(ADL) 수행이 불편한 가족_06,1,9,"1,2,9",raw | structured | structured,6,2,normalized_label,needs_review,
KLoSA,high,KLoSA,w__Bb170a01,rw01Bb170a01 | w__Bb170a01,rw01Bb170a01 | w01Bb170a01 | w02Bb170a01 | w03Bb170a01 | w04Bb170a01 | w05Bb170a01 | w06Bb170a01 | w07Bb170a01 | w08Bb170a01 | w09Bb170a01 | w10Bb170a01,응답자에게 ADL수발 받은 가족의 이름: 배우자 | 응답자에게 ADL수발을 받은 가족_01 | 응답자에게 ADL수발을 받은 가족_01,1,10,"1,2,3,4,5,6,7,8,9,10",raw | structured | structured,21,2,normalized_label,needs_review,
KLoSA,high,KLoSA,w__Bb170a02,rw01Bb170a02 | w__Bb170a02,rw01Bb170a02 | w01Bb170a02 | w02Bb170a02 | w03Bb170a02 | w05Bb170a02 | w06Bb170a02 | w10Bb170a02,응답자에게 ADL수발 받은 가족의 이름: 어머니 | 응답자에게 ADL수발을 받은 가족_02 | 응답자에게 ADL수발을 받은 가족_02,1,10,"1,2,3,5,6,10",raw | structured | structured,12,2,normalized_label,needs_review,
KLoSA,high,KLoSA,w__Bb171_01,rw01bb171_01 | w__Bb171_01,rw01bb171_01 | w01Bb171_01 | w02Bb171_01 | w03Bb171_01 | w04Bb171_01 | w05Bb171_01 | w06Bb171_01 | w07Bb171_01 | w08Bb171_01 | w09Bb171_01 | w10Bb171_01,지난 1년간 1번째 가족에 대한 주당 평균 수발시간(단위: 시간) | 지난 1년간 1번째 가족에 대한 주당 평균 수발시간(단위: 시간) | 지난 1년간 배우자에 대한 주당 평균 수발시간(단위: 시간),1,10,"1,2,3,4,5,6,7,8,9,10",raw | structured | structured,21,2,normalized_label,needs_review,
KLoSA,high,KLoSA,w__Bb171_02,rw01bb171_02 | rw01bb174_01 | w__Bb171_02 | w__Bb174_01,rw01bb171_02 | rw01bb174_01 | w01Bb171_02 | w02Bb171_02 | w03Bb171_02 | w05Bb171_02 | w06Bb171_02 | w10Bb171_02 | w01Bb174_01 | w02Bb174_01 | w03Bb174_01 | w04Bb174_01 | w05Bb174_01 | w06Bb174_01 | w07Bb174_01 | w08Bb174_01 | w09Bb174_01 | w10Bb174_01,지난 1년간 1번째 비동거가족에 대한 주당 평균 수발시간(단위: 시간) | 지난 1년간 1번째 비동거가족에 대한 주당 평균 수발시간(단위: 시간) | 지난 1년간 어머니에 대한 주당 평균 수발시간(단위: 시간) | 지난 1년간 2번째 가족에 대한 주당 평균 수발시간(단위: 시간) | 지난 1년간 2번째 가족에 대한 주당 평균 수발시간(단위: 시간) | 지난 1년간 어머니에 대한 주당 평균 수발시간(단위: 시간),1,10,"1,2,3,4,5,6,7,8,9,10",raw | structured | structured,33,4,normalized_label,needs_review,
KLoSA,high,KLoSA,w__Bb171_03,rw01bb174_02 | w__Bb171_03 | w__Bb174_02,rw01bb174_02 | w01Bb171_03 | w10Bb171_03 | w01Bb174_02 | w02Bb174_02 | w03Bb174_02 | w05Bb174_02 | w07Bb174_02 | w08Bb174_02 | w09Bb174_02 | w10Bb174_02,지난 1년간 2번째 비동거가족에 대한 주당 평균 수발시간(단위: 시간) | 지난 1년간 2번째 비동거가족에 대한 주당 평균 수발시간(단위: 시간) | 지난 1년간 아버지에 대한 주당 평균 수발시간(단위: 시간) | 지난 1년간 3번째 가족에 대한 주당 평균 수발시간(단위: 시간) | 지난 1년간 아버지에 대한 주당 평균 수발시간(단위: 시간),1,10,"1,2,3,5,7,8,9,10",raw | structured | structured,19,3,normalized_label,needs_review,
KLoSA,high,KLoSA,w__Bb171_04,w__Bb171_04 | w__Bb171_05 | w__Bb174_03 | w__Bb174_04,w01Bb171_04 | w10Bb171_04 | w01Bb171_05 | w10Bb171_05 | w01Bb174_03 | w05Bb174_03 | w10Bb174_03 | w01Bb174_04 | w07Bb174_04 | w08Bb174_04 | w09Bb174_04,지난 1년간 3번째 비동거가족에 대한 주당 평균 수발시간(단위: 시간) | 지난 1년간 4번째 비동거가족에 대한 주당 평균 수발시간(단위: 시간) | 지난 1년간 배우자의 어머니에 대한 주당 평균 수발시간(단위: 시간) | 지난 1년간 4번째 가족에 대한 주당 평균 수발시간(단위: 시간) | 지난 1년간 배우자의 어머니에 대한 주당 평균 수발시간(단위: 시간) | 지난 1년간 4번째 비동거가족에 대한 주당 평균 수발시간(단위: 시간) | 지난 1년간 배우자의 아버지에 대한 주당 평균 수발시간(단위: 시간) | 지난 1년간 5번째 가족에 대한 주당 평균 수발시간(단위: 시간) | 지난 1년간 배우자의 아버지에 대한 주당 평균 수발시간(단위: 시간),1,10,"1,5,7,8,9,10",raw | structured,18,4,normalized_label,needs_review,
KLoSA,medium,KLoSA,w__Bb171_06,w__Bb171_06 | w__Bb174_05,w01Bb171_06 | w01Bb174_05,지난 1년간 1번째 자녀에 대한 주당 평균 수발시간(단위: 시간),1,1,1,raw,2,2,normalized_label,needs_review,
KLoSA,high,KLoSA,w__Bb171_07,w__Bb171_07 | w__Bb174_06,w01Bb171_07 | w01Bb174_06 | w09Bb174_06,지난 1년간 2번째 자녀에 대한 주당 평균 수발시간(단위: 시간) | 지난 1년간 2번째 자녀에 대한 주당 평균 수발시간(단위: 시간) | 지난 1년간 6번째 비동거가족에 대한 주당 평균 수발시간(단위: 시간),1,9,"1,9",raw | raw | structured,4,2,normalized_label,needs_review,
KLoSA,medium,KLoSA,w__Bb171_08,w__Bb171_08 | w__Bb174_07,w01Bb171_08 | w01Bb174_07,지난 1년간 3번째 자녀에 대한 주당 평균 수발시간(단위: 시간),1,1,1,raw,2,2,normalized_label,needs_review,
KLoSA,high,KLoSA,w__Bb171_09,w__Bb171_09 | w__Bb174_08,w01Bb171_09 | w01Bb174_08 | w09Bb174_08,지난 1년간 4번째 자녀에 대한 주당 평균 수발시간(단위: 시간) | 지난 1년간 4번째 자녀에 대한 주당 평균 수발시간(단위: 시간) | 지난 1년간 8번째 비동거가족에 대한 주당 평균 수발시간(단위: 시간),1,9,"1,9",raw | raw | structured,4,2,normalized_label,needs_review,
KLoSA,medium,KLoSA,w__Bb171_10,w__Bb171_10 | w__Bb174_09,w01Bb171_10 | w01Bb174_09,지난 1년간 5번째 자녀에 대한 주당 평균 수발시간(단위: 시간),1,1,1,raw,2,2,normalized_label,needs_review,
KLoSA,medium,KLoSA,w__Bb171_11,w__Bb171_11 | w__Bb174_10,w01Bb171_11 | w01Bb174_10,지난 1년간 6번째 자녀에 대한 주당 평균 수발시간(단위: 시간),1,1,1,raw,2,2,normalized_label,needs_review,
KLoSA,medium,KLoSA,w__Bb171_12,w__Bb171_12 | w__Bb174_11,w01Bb171_12 | w01Bb174_11,지난 1년간 7번째 자녀에 대한 주당 평균 수발시간(단위: 시간),1,1,1,raw,2,2,normalized_label,needs_review,
KLoSA,medium,KLoSA,w__Bb171_13,w__Bb171_13 | w__Bb174_12,w01Bb171_13 | w01Bb174_12,지난 1년간 8번째 자녀에 대한 주당 평균 수발시간(단위: 시간),1,1,1,raw,2,2,normalized_label,needs_review,
KLoSA,medium,KLoSA,w__Bb171_14,w__Bb171_14 | w__Bb174_13,w01Bb171_14 | w01Bb174_13,지난 1년간 9번째 자녀에 대한 주당 평균 수발시간(단위: 시간),1,1,1,raw,2,2,normalized_label,needs_review,
KLoSA,medium,KLoSA,w__Bb171_15,w__Bb171_15 | w__Bb174_14,w01Bb171_15 | w01Bb174_14,지난 1년간 10번째 자녀에 대한 주당 평균 수발시간(단위: 시간),1,1,1,raw,2,2,normalized_label,needs_review,
KLoSA,medium,KLoSA,w__Bb171_16,w__Bb171_16 | w__Bb174_15,w01Bb171_16 | w01Bb174_15,지난 1년간 1번째 형제자매에 대한 주당 평균 수발시간(단위: 시간),1,1,1,raw,2,2,normalized_label,needs_review,
KLoSA,medium,KLoSA,w__Bb171_17,w__Bb171_17 | w__Bb174_16,w01Bb171_17 | w01Bb174_16,지난 1년간 2번째 형제자매에 대한 주당 평균 수발시간(단위: 시간),1,1,1,raw,2,2,normalized_label,needs_review,
KLoSA,medium,KLoSA,w__Bb171_18,w__Bb171_18 | w__Bb174_17,w01Bb171_18 | w01Bb174_17,지난 1년간 3번째 형제자매에 대한 주당 평균 수발시간(단위: 시간),1,1,1,raw,2,2,normalized_label,needs_review,
KLoSA,medium,KLoSA,w__Bb171_19,w__Bb171_19 | w__Bb174_18,w01Bb171_19 | w01Bb174_18,지난 1년간 4번째 형제자매에 대한 주당 평균 수발시간(단위: 시간),1,1,1,raw,2,2,normalized_label,needs_review,
KLoSA,medium,KLoSA,w__Bb171_20,w__Bb171_20 | w__Bb174_19,w01Bb171_20 | w01Bb174_19,지난 1년간 5번째 형제자매에 대한 주당 평균 수발시간(단위: 시간),1,1,1,raw,2,2,normalized_label,needs_review,
KLoSA,medium,KLoSA,w__Bb171_21,w__Bb171_21 | w__Bb174_20,w01Bb171_21 | w01Bb174_20,지난 1년간 6번째 형제자매에 대한 주당 평균 수발시간(단위: 시간),1,1,1,raw,2,2,normalized_label,needs_review,
KLoSA,medium,KLoSA,w__Bb171_22,w__Bb171_22 | w__Bb174_21,w01Bb171_22 | w01Bb174_21,지난 1년간 7번째 형제자매에 대한 주당 평균 수발시간(단위: 시간),1,1,1,raw,2,2,normalized_label,needs_review,
KLoSA,medium,KLoSA,w__Bb171_23,w__Bb171_23 | w__Bb174_22,w01Bb171_23 | w01Bb174_22,지난 1년간 8번째 형제자매에 대한 주당 평균 수발시간(단위: 시간),1,1,1,raw,2,2,normalized_label,needs_review,
KLoSA,medium,KLoSA,w__Bb171_24,w__Bb171_24 | w__Bb174_23,w01Bb171_24 | w01Bb174_23,지난 1년간 9번째 형제자매에 대한 주당 평균 수발시간(단위: 시간),1,1,1,raw,2,2,normalized_label,needs_review,
KLoSA,medium,KLoSA,w__Bb171_25,w__Bb171_25 | w__Bb174_24,w01Bb171_25 | w01Bb174_24,지난 1년간 10번째 형제자매에 대한 주당 평균 수발시간(단위: 시간),1,1,1,raw,2,2,normalized_label,needs_review,
KLoSA,medium,KLoSA,w__Bb171_26,w__Bb171_26 | w__Bb174_25,w01Bb171_26 | w01Bb174_25,지난 1년간 11번째 형제자매에 대한 주당 평균 수발시간(단위: 시간),1,1,1,raw,2,2,normalized_label,needs_review,
KLoSA,medium,KLoSA,w__Bb171_30,w__Bb171_30 | w__Bb174_29,w01Bb171_30 | w01Bb174_29,지난 1년간 배우자의 형제자매에 대한 주당 평균 수발시간(단위: 시간),1,1,1,raw,2,2,normalized_label,needs_review,
KLoSA,medium,KLoSA,w__Bb171_31,w__Bb171_31 | w__Bb174_30,w01Bb171_31 | w01Bb174_30,지난 1년간 자녀의 배우자에 대한 주당 평균 수발시간(단위: 시간),1,1,1,raw,2,2,normalized_label,needs_review,
KLoSA,medium,KLoSA,w__Bb171_32,w__Bb171_32 | w__Bb174_31,w01Bb171_32 | w01Bb174_31,지난 1년간 손자녀에 대한 주당 평균 수발시간(단위: 시간),1,1,1,raw,2,2,normalized_label,needs_review,
KLoSA,medium,KLoSA,w__Bb171_33,w__Bb171_33 | w__Bb174_32,w01Bb171_33 | w01Bb174_32,지난 1년간 기타 다른 친인척에 대한 주당 평균 수발시간(단위: 시간),1,1,1,raw,2,2,normalized_label,needs_review,
KLoSA,high,KLoSA,w__Bb172_01,rw01bb172_01 | w__Bb172_01,rw01bb172_01 | w01Bb172_01 | w02Bb172_01 | w03Bb172_01 | w04Bb172_01 | w05Bb172_01 | w06Bb172_01 | w07Bb172_01 | w08Bb172_01 | w09Bb172_01 | w10Bb172_01,지난 1년간 1번째 가족에 대한 총수발기간(단위: 주) | 지난 1년간 1번째 가족에 대한 총수발기간(단위: 주) | 지난 1년간 배우자에 가족에 대한 총수발기간(단위: 주),1,10,"1,2,3,4,5,6,7,8,9,10",raw | structured | structured,21,2,normalized_label,needs_review,
KLoSA,high,KLoSA,w__Bb172_02,rw01bb172_02 | rw01bb175_01 | w__Bb172_02 | w__Bb175_01,rw01bb172_02 | rw01bb175_01 | w01Bb172_02 | w02Bb172_02 | w03Bb172_02 | w05Bb172_02 | w06Bb172_02 | w10Bb172_02 | w01Bb175_01 | w02Bb175_01 | w03Bb175_01 | w04Bb175_01 | w05Bb175_01 | w06Bb175_01 | w07Bb175_01 | w08Bb175_01 | w09Bb175_01 | w10Bb175_01,지난 1년간 1번째 비동거가족에 대한 총수발기간(단위: 주) | 지난 1년간 1번째 비동거가족에 대한 총수발기간(단위: 주) | 지난 1년간 어머니에 대한 총수발기간(단위: 주) | 지난 1년간 2번째 가족에 대한 총수발기간(단위: 주) | 지난 1년간 2번째 가족에 대한 총수발기간(단위: 주) | 지난 1년간 어머니에 대한 총수발기간(단위: 주),1,10,"1,2,3,4,5,6,7,8,9,10",raw | structured | structured,33,4,normalized_label,needs_review,
KLoSA,high,KLoSA,w__Bb172_03,rw01bb175_02 | w__Bb172_03 | w__Bb175_02,rw01bb175_02 | w01Bb172_03 | w10Bb172_03 | w01Bb175_02 | w02Bb175_02 | w03Bb175_02 | w05Bb175_02 | w07Bb175_02 | w08Bb175_02 | w09Bb175_02 | w10Bb175_02,지난 1년간 2번째 비동거가족에 대한 총수발기간(단위: 주) | 지난 1년간 2번째 비동거가족에 대한 총수발기간(단위: 주) | 지난 1년간 아버지에 대한 총수발기간(단위: 주) | 지난 1년간 3번째 가족에 대한 총수발기간(단위: 주) | 지난 1년간 아버지에  대한 총수발기간(단위: 주),1,10,"1,2,3,5,7,8,9,10",raw | structured | structured,19,3,normalized_label,needs_review,
KLoSA,high,KLoSA,w__Bb172_04,w__Bb172_04 | w__Bb172_05 | w__Bb175_03 | w__Bb175_04,w01Bb172_04 | w10Bb172_04 | w01Bb172_05 | w10Bb172_05 | w01Bb175_03 | w05Bb175_03 | w10Bb175_03 | w01Bb175_04 | w07Bb175_04 | w08Bb175_04 | w09Bb175_04,지난 1년간 3번째 비동거가족에 대한 총수발기간(단위: 주) | 지난 1년간 4번째 비동거가족에 대한 총수발기간(단위: 주) | 지난 1년간 배우자의 어머니에 대한 총수발기간(단위: 주) | 지난 1년간 4번째 가족에 대한 총수발기간(단위: 주) | 지난 1년간 배우자의 어머니에 대한 총수발기간(단위: 주) | 지난 1년간 4번째 비동거가족에 대한 총수발기간(단위: 주) | 지난 1년간 배우자의 아버지에 대한 총수발기간(단위: 주) | 지난 1년간 5번째 가족에 대한 총수발기간(단위: 주) | 지난 1년간 배우자의 아버지에 대한 총수발기간(단위: 주),1,10,"1,5,7,8,9,10",raw | structured,18,4,normalized_label,needs_review,
KLoSA,medium,KLoSA,w__Bb172_06,w__Bb172_06 | w__Bb175_05,w01Bb172_06 | w01Bb175_05,지난 1년간 1번째 자녀에 대한 총수발기간(단위: 주),1,1,1,raw,2,2,normalized_label,needs_review,
KLoSA,high,KLoSA,w__Bb172_07,w__Bb172_07 | w__Bb175_06,w01Bb172_07 | w01Bb175_06 | w09Bb175_06,지난 1년간 2번째 자녀에 대한 총수발기간(단위: 주) | 지난 1년간 2번째 자녀에 대한 총수발기간(단위: 주) | 지난 1년간 6번째 비동거가족에 대한 총수발기간(단위: 주),1,9,"1,9",raw | raw | structured,4,2,normalized_label,needs_review,
KLoSA,medium,KLoSA,w__Bb172_08,w__Bb172_08 | w__Bb175_07,w01Bb172_08 | w01Bb175_07,지난 1년간 3번째 자녀에 대한 총수발기간(단위: 주),1,1,1,raw,2,2,normalized_label,needs_review,
KLoSA,medium,KLoSA,w__Bb172_09,w__Bb172_09 | w__Bb175_08,w01Bb172_09 | w01Bb175_08,지난 1년간 4번째 자녀에 대한 총수발기간(단위: 주),1,1,1,raw,2,2,normalized_label,needs_review,
KLoSA,medium,KLoSA,w__Bb172_10,w__Bb172_10 | w__Bb175_09,w01Bb172_10 | w01Bb175_09,지난 1년간 5번째 자녀에 대한 총수발기간(단위: 주),1,1,1,raw,2,2,normalized_label,needs_review,
KLoSA,medium,KLoSA,w__Bb172_11,w__Bb172_11 | w__Bb175_10,w01Bb172_11 | w01Bb175_10,지난 1년간 6번째 자녀에 대한 총수발기간(단위: 주),1,1,1,raw,2,2,normalized_label,needs_review,
KLoSA,medium,KLoSA,w__Bb172_12,w__Bb172_12 | w__Bb175_11,w01Bb172_12 | w01Bb175_11,지난 1년간 7번째 자녀에 대한 총수발기간(단위: 주),1,1,1,raw,2,2,normalized_label,needs_review,
KLoSA,medium,KLoSA,w__Bb172_13,w__Bb172_13 | w__Bb175_12,w01Bb172_13 | w01Bb175_12,지난 1년간 8번째 자녀에 대한 총수발기간(단위: 주),1,1,1,raw,2,2,normalized_label,needs_review,
KLoSA,medium,KLoSA,w__Bb172_14,w__Bb172_14 | w__Bb175_13,w01Bb172_14 | w01Bb175_13,지난 1년간 9번째 자녀에 대한 총수발기간(단위: 주),1,1,1,raw,2,2,normalized_label,needs_review,
KLoSA,medium,KLoSA,w__Bb172_15,w__Bb172_15 | w__Bb175_14,w01Bb172_15 | w01Bb175_14,지난 1년간 10번째 자녀에 대한 총수발기간(단위: 주),1,1,1,raw,2,2,normalized_label,needs_review,
KLoSA,medium,KLoSA,w__Bb172_16,w__Bb172_16 | w__Bb175_15,w01Bb172_16 | w01Bb175_15,지난 1년간 1번째 형제자매에 대한 총수발기간(단위: 주),1,1,1,raw,2,2,normalized_label,needs_review,
KLoSA,medium,KLoSA,w__Bb172_17,w__Bb172_17 | w__Bb175_16,w01Bb172_17 | w01Bb175_16,지난 1년간 2번째 형제자매에 대한 총수발기간(단위: 주),1,1,1,raw,2,2,normalized_label,needs_review,
KLoSA,medium,KLoSA,w__Bb172_18,w__Bb172_18 | w__Bb175_17,w01Bb172_18 | w01Bb175_17,지난 1년간 3번째 형제자매에 대한 총수발기간(단위: 주),1,1,1,raw,2,2,normalized_label,needs_review,
KLoSA,medium,KLoSA,w__Bb172_19,w__Bb172_19 | w__Bb175_18,w01Bb172_19 | w01Bb175_18,지난 1년간 4번째 형제자매에 대한 총수발기간(단위: 주),1,1,1,raw,2,2,normalized_label,needs_review,
KLoSA,medium,KLoSA,w__Bb172_20,w__Bb172_20 | w__Bb175_19,w01Bb172_20 | w01Bb175_19,지난 1년간 5번째 형제자매에 대한 총수발기간(단위: 주),1,1,1,raw,2,2,normalized_label,needs_review,
KLoSA,medium,KLoSA,w__Bb172_21,w__Bb172_21 | w__Bb175_20,w01Bb172_21 | w01Bb175_20,지난 1년간 6번째 형제자매에 대한 총수발기간(단위: 주),1,1,1,raw,2,2,normalized_label,needs_review,
KLoSA,medium,KLoSA,w__Bb172_22,w__Bb172_22 | w__Bb175_21,w01Bb172_22 | w01Bb175_21,지난 1년간 7번째 형제자매에 대한 총수발기간(단위: 주),1,1,1,raw,2,2,normalized_label,needs_review,
KLoSA,medium,KLoSA,w__Bb172_23,w__Bb172_23 | w__Bb175_22,w01Bb172_23 | w01Bb175_22,지난 1년간 8번째 형제자매에 대한 총수발기간(단위: 주),1,1,1,raw,2,2,normalized_label,needs_review,
KLoSA,medium,KLoSA,w__Bb172_24,w__Bb172_24 | w__Bb175_23,w01Bb172_24 | w01Bb175_23,지난 1년간 9번째 형제자매에 대한 총수발기간(단위: 주),1,1,1,raw,2,2,normalized_label,needs_review,
KLoSA,medium,KLoSA,w__Bb172_25,w__Bb172_25 | w__Bb175_24,w01Bb172_25 | w01Bb175_24,지난 1년간 10번째 형제자매에 대한 총수발기간(단위: 주),1,1,1,raw,2,2,normalized_label,needs_review,
KLoSA,medium,KLoSA,w__Bb172_26,w__Bb172_26 | w__Bb175_25,w01Bb172_26 | w01Bb175_25,지난 1년간 11번째 형제자매에 대한 총수발기간(단위: 주),1,1,1,raw,2,2,normalized_label,needs_review,
KLoSA,medium,KLoSA,w__Bb172_30,w__Bb172_30 | w__Bb175_29,w01Bb172_30 | w01Bb175_29,지난 1년간 배우자의 형제자매에 대한 총수발기간(단위: 주),1,1,1,raw,2,2,normalized_label,needs_review,
KLoSA,medium,KLoSA,w__Bb172_31,w__Bb172_31 | w__Bb175_30,w01Bb172_31 | w01Bb175_30,지난 1년간 자녀의 배우자에 대한 총수발기간(단위: 주),1,1,1,raw,2,2,normalized_label,needs_review,
KLoSA,medium,KLoSA,w__Bb172_32,w__Bb172_32 | w__Bb175_31,w01Bb172_32 | w01Bb175_31,지난 1년간 손자녀에 대한 총수발기간(단위: 주),1,1,1,raw,2,2,normalized_label,needs_review,
KLoSA,medium,KLoSA,w__Bb172_33,w__Bb172_33 | w__Bb175_32,w01Bb172_33 | w01Bb175_32,지난 1년간 기타 다른 친인척에 대한 총수발기간(단위: 주),1,1,1,raw,2,2,normalized_label,needs_review,
KLoSA,high,KLoSA,w__Bb173a01,rw01Bb173a01 | w__Bb173a01,rw01Bb173a01 | w01Bb173a01 | w02Bb173a01 | w03Bb173a01 | w04Bb173a01 | w05Bb173a01 | w06Bb173a01 | w07Bb173a01 | w08Bb173a01 | w09Bb173a01 | w10Bb173a01,응답자에게  도구적 일상활동수행(IADL) 수발 받은 가족의 이름: 어머니 | 응답자에게 도구적 일상활동수행(IADL) 수발을 받은 비동거가족_01 | 응답자에게 도구적 일상활동수행(IADL) 수발을 받은 비동거가족_01,1,10,"1,2,3,4,5,6,7,8,9,10",raw | structured | structured,21,2,normalized_label,needs_review,
KLoSA,high,KLoSA,w__Bb173a02,rw01Bb173a02 | w__Bb173a02,rw01Bb173a02 | w01Bb173a02 | w02Bb173a02 | w03Bb173a02 | w05Bb173a02 | w07Bb173a02 | w08Bb173a02 | w09Bb173a02 | w10Bb173a02,응답자에게  도구적 일상활동수행(IADL) 수발 받은 가족의 이름: 아버지 | 응답자에게 도구적 일상활동수행(IADL) 수발을 받은 비동거가족_02 | 응답자에게 도구적 일상활동수행(IADL) 수발을 받은 비동거가족_02,1,10,"1,2,3,5,7,8,9,10",raw | structured | structured,14,2,normalized_label,needs_review,
KLoSA,high,KLoSA,w__C003m08,w__C003m08 | w__C004m08,w01C004m08 | w02C004m08 | w03C004m08 | w04C004m08 | w05C004m08 | w06C004m08 | w07C004m08 | w08C004m08 | w09C004m08 | w10C004m08 | w08C003m08,판정받은 장애의 종류_⑧정신지체 | 판정받은 장애의 종류_⑧정신지체 | 판정받은 장애의 종류_⑧지적장애,1,10,"1,2,3,4,5,6,7,8,9,10",raw | raw | structured,21,2,normalized_label,needs_review,
KLoSA,high,KLoSA,w__C004m10,w__C004m10 | w__C088m15 | w__C114m05 | w__C115m05 | w__Cb33m36 | w__Cc21m38,w01C004m10 | w05C004m10 | w06C004m10 | w07C004m10 | w08C004m10 | w09C004m10 | w10C004m10 | w01C088m15 | w05C088m15 | w06C088m15 | w07C088m15 | w08C088m15 | w09C088m15 | w10C088m15 | w01C114m05 | w05C114m05 | w06C114m05 | w07C114m05 | w08C114m05 | w09C114m05 | w01C115m05 | w05C115m05 | w06C115m05 | w07C115m05 | w08C115m05 | w09C115m05 | w01Cb33m36 | w01Cc21m38,그저께 식사여부_응답거절 | 응답거부 | 어제 식사여부_응답거절 | 응답거부 | 응답거부 | 응답거부 | 판정받은 장애의 종류_응답거절 | 응답거부 | 현재 통증을 느끼는 부위_응답거절,1,10,"1,5,6,7,8,9,10",raw | structured,48,6,normalized_label,needs_review,
KLoSA,high,KLoSA,w__C004m11,w__C004m11 | w__C088m16 | w__C114m06 | w__C115m06 | w__Cb33m37 | w__Cc21m39,w01C004m11 | w05C004m11 | w06C004m11 | w07C004m11 | w08C004m11 | w09C004m11 | w10C004m11 | w01C088m16 | w05C088m16 | w06C088m16 | w07C088m16 | w08C088m16 | w09C088m16 | w10C088m16 | w01C114m06 | w05C114m06 | w06C114m06 | w07C114m06 | w08C114m06 | w09C114m06 | w01C115m06 | w05C115m06 | w06C115m06 | w07C115m06 | w08C115m06 | w09C115m06 | w01Cb33m37 | w01Cc21m39,그저께 식사여부_모름 | 모르겠음 | 모르겠음 | 모르겠음 | 어제 식사여부_모름 | 모르겠음 | 판정받은 장애의 종류_모름 | 모르겠음 | 현재 통증을 느끼는 부위_모름,1,10,"1,5,6,7,8,9,10",raw | structured,48,6,normalized_label,needs_review,
KLoSA,high,KLoSA,w__C006,w__C006 | w__chronic_a,w01C006 | w02C006 | w03C006 | w04C006 | w05C006 | w06C006 | w07C006 | w08C006 | w09C006 | w10C006 | w01chronic_a | w02chronic_a | w03chronic_a | w04chronic_a | w05chronic_a | w06chronic_a | w07chronic_a | w08chronic_a | w09chronic_a | w10chronic_a,고혈압  진단여부 | 고혈압 진단여부 | 고혈압  진단여부 | 고혈압_진단 여부 | 지난 기본조사 이후의 고혈압 진단여부,1,10,"1,2,3,4,5,6,7,8,9,10",light | structured | raw | structured,41,2,normalized_label,needs_review,
KLoSA,high,KLoSA,w__C011,w__C011 | w__chronic_b,w01C011 | w02C011 | w03C011 | w04C011 | w05C011 | w06C011 | w07C011 | w08C011 | w09C011 | w10C011 | w01chronic_b | w02chronic_b | w03chronic_b | w04chronic_b | w05chronic_b | w06chronic_b | w07chronic_b | w08chronic_b | w09chronic_b | w10chronic_b,당뇨병  진단여부 | 당뇨병 진단여부 | 당뇨병  진단여부 | 당뇨병_진단 여부 | 지난 기본조사 이후의 당뇨병 또는 고혈당 진단 여부,1,10,"1,2,3,4,5,6,7,8,9,10",light | structured | raw | structured,41,2,normalized_label,needs_review,
KLoSA,high,KLoSA,w__C016,w__C016 | w__chronic_c,w01C016 | w02C016 | w03C016 | w04C016 | w05C016 | w06C016 | w07C016 | w08C016 | w09C016 | w10C016 | w01chronic_c | w02chronic_c | w03chronic_c | w04chronic_c | w05chronic_c | w06chronic_c | w07chronic_c | w08chronic_c | w09chronic_c | w10chronic_c,암 또는 악성종양 진단 여부 | 암 및 악성종양  진단여부(경미한 피부암 등 제외) | 지난 기본조사 이후의 암 또는 악성종양 진단 여부 | 암 및 악성종양  진단여부(경미한 피부암 등 제외) | 암 및 악성종양 진단여부(경미한 피부암 등 제외),1,10,"1,2,3,4,5,6,7,8,9,10",light | structured | raw | structured,41,2,normalized_label,needs_review,
KLoSA,high,KLoSA,w__C023,w__C023 | w__chronic_d,w01C023 | w02C023 | w03C023 | w04C023 | w05C023 | w06C023 | w07C023 | w08C023 | w09C023 | w10C023 | w01chronic_d | w02chronic_d | w03chronic_d | w04chronic_d | w05chronic_d | w06chronic_d | w07chronic_d | w08chronic_d | w09chronic_d | w10chronic_d,만성 폐질환 진단여부 | 만성 폐질환 진단여부 | 지난 기본조사 이후의 만성 폐질환 진단여부 | 폐질환_진단 여부,1,10,"1,2,3,4,5,6,7,8,9,10",light | structured | raw | structured,41,2,normalized_label,needs_review,
KLoSA,high,KLoSA,w__C028,w__C028 | w__chronic_e,w01C028 | w02C028 | w03C028 | w04C028 | w05C028 | w06C028 | w07C028 | w08C028 | w09C028 | w10C028 | w01chronic_e | w02chronic_e | w03chronic_e | w04chronic_e | w05chronic_e | w06chronic_e | w07chronic_e | w08chronic_e | w09chronic_e | w10chronic_e,간질환 진단여부 | 간질환 진단여부(지방간 제외) | 간질환 진단여부(지방간 제외) | 간질환_진단 여부 | 지난 기본조사 이후의 간질환 진단여부,1,10,"1,2,3,4,5,6,7,8,9,10",light | structured | raw | structured,41,2,normalized_label,needs_review,
KLoSA,high,KLoSA,w__C033,w__C033 | w__chronic_f,w01C033 | w02C033 | w03C033 | w04C033 | w05C033 | w06C033 | w07C033 | w08C033 | w09C033 | w10C033 | w01chronic_f | w02chronic_f | w03chronic_f | w04chronic_f | w05chronic_f | w06chronic_f | w07chronic_f | w08chronic_f | w09chronic_f | w10chronic_f,심장질환 진단여부 | 심장질환 진단여부 | 심장질환_진단 여부 | 지난 기본조사 이후의 심장질환 진단여부,1,10,"1,2,3,4,5,6,7,8,9,10",light | structured | raw | structured,41,2,normalized_label,needs_review,
KLoSA,high,KLoSA,w__C038,w__C038 | w__chronic_g,w01C038 | w02C038 | w03C038 | w04C038 | w05C038 | w06C038 | w07C038 | w08C038 | w09C038 | w10C038 | w01chronic_g | w02chronic_g | w03chronic_g | w04chronic_g | w05chronic_g | w06chronic_g | w07chronic_g | w08chronic_g | w09chronic_g | w10chronic_g,뇌혈관질환 진단여부 | 뇌혈관질환 진단여부 | 뇌혈관질환_진단 여부 | 지난 기본조사 이후의 뇌혈관질환 진단여부,1,10,"1,2,3,4,5,6,7,8,9,10",light | structured | raw | structured,41,2,normalized_label,needs_review,
KLoSA,high,KLoSA,w__C043,w__C043 | w__chronic_h,w01C043 | w02C043 | w03C043 | w04C043 | w05C043 | w06C043 | w07C043 | w08C043 | w09C043 | w10C043 | w01chronic_h | w02chronic_h | w03chronic_h | w04chronic_h | w05chronic_h | w06chronic_h | w07chronic_h | w08chronic_h | w09chronic_h | w10chronic_h,정신과적 질환관련 진단여부 | 정신과적 질환관련 진단여부 | 정신질환_진단 여부 | 지난 기본조사 이후의 정신과적 질환관련 진단여부,1,10,"1,2,3,4,5,6,7,8,9,10",light | structured | raw | structured,41,2,normalized_label,needs_review,
KLoSA,high,KLoSA,w__C048,w__C048 | w__chronic_i,w01C048 | w02C048 | w03C048 | w04C048 | w05C048 | w06C048 | w07C048 | w08C048 | w09C048 | w10C048 | w01chronic_i | w02chronic_i | w03chronic_i | w04chronic_i | w05chronic_i | w06chronic_i | w07chronic_i | w08chronic_i | w09chronic_i | w10chronic_i,관절염 및 류마티스 진단여부 | 관절염 및 류마티스 진단여부 | 관절염류마티스_진단 여부 | 지난 기본조사 이후의 관절염 또는 류마티스 진단여부,1,10,"1,2,3,4,5,6,7,8,9,10",light | structured | raw | structured,41,2,normalized_label,needs_review,
KLoSA,high,KLoSA,w__C063,w__C063 | w__chronic_j,w01C063 | w02C063 | w03C063 | w04C063 | w05C063 | w06C063 | w07C063 | w08C063 | w09C063 | w10C063 | w01chronic_j | w02chronic_j | w03chronic_j | w04chronic_j | w05chronic_j | w06chronic_j | w07chronic_j | w08chronic_j | w09chronic_j | w10chronic_j,전립선질환 진단여부 | 전립선질환 진단여부 | 전립선질환_진단 여부 | 지난 기본조사 이후의 전립선 질환 진단여부,1,10,"1,2,3,4,5,6,7,8,9,10",light | structured | raw | structured,41,2,normalized_label,needs_review,
KLoSA,high,KLoSA,w__C072,w__C072,w01C072 | w02C072 | w05C072 | w06C072 | w07C072 | w08C072 | w09C072 | w10C072,요실금_지난 한달 동안 15일 이상 요실금 경험 여부 | 지난 1개월간 15일 이상 요실금 경험 여부 | 지난 1개월간 15일 이상 요실금 경험여부,1,10,"1,2,5,6,7,8,9,10",raw | structured,17,1,normalized_label,needs_review,
KLoSA,high,KLoSA,w__C074n,w__C074n | w__chronic_k,w05C074n | w06C074n | w07C074n | w08C074n | w09C074n | w10C074n | w05chronic_k | w06chronic_k | w07chronic_k | w08chronic_k | w09chronic_k | w10chronic_k,소화기계 질환 진단 여부 | 소화기계 질환 진단여부 | 소화기계 질환 진단 여부 | 지난 기본조사 이후소화기계 질환 진단 여부 | 지난 기본조사 이후의 소화기계 질환 진단 여부,5,10,"5,6,7,8,9,10",light | structured | raw | structured,25,2,normalized_label,needs_review,
KLoSA,high,KLoSA,w__C075m,w__C075m | w__C075mn,w05C075mn | w06C075mn | w07C075mn | w08C075mn | w09C075mn | w10C075mn | w08C075m,소화기계 질환 진단 시기(단위: 월2자리) | 소화기계 질환 진단 시기(단위: 월2자리) | 처음 소화기계 질환 진단 시기(단위: 월2자리) | 처음 소화기계 질환 진단을 받은 시기(단위: 월2자리),5,10,"5,6,7,8,9,10",light | raw | structured | raw,19,2,normalized_label,needs_review,
KLoSA,high,KLoSA,w__C075y,w__C075y | w__C075yn,w05C075yn | w06C075yn | w07C075yn | w08C075yn | w09C075yn | w10C075yn | w08C075y,소화기계 질환 진단 시기(단위: 년4자리) | 소화기계 질환 진단 시기(단위: 년4자리) | 처음 소화기계 질환 진단 시기(단위: 년4자리) | 처음 소화기계 질환 진단을 받은 시기(단위: 년4자리),5,10,"5,6,7,8,9,10",light | raw | structured | raw,19,2,normalized_label,needs_review,
KLoSA,high,KLoSA,w__C078n,w__C078n | w__chronic_l,w05C078n | w06C078n | w07C078n | w08C078n | w09C078n | w10C078n | w05chronic_l | w06chronic_l | w07chronic_l | w08chronic_l | w09chronic_l | w10chronic_l,디스크 진단 여부 | 디스크 진단여부 | 디스크 질환 진단 여부 | 디스크 진단 여부 | 지난 기본조사 이후 디스크 진단 여부 | 지난 기본조사 이후의 디스크 진단 여부,5,10,"5,6,7,8,9,10",light | structured | raw | structured,25,2,normalized_label,needs_review,
KLoSA,high,KLoSA,w__C079m,w__C079m | w__C079mn,w05C079mn | w06C079mn | w07C079mn | w08C079mn | w09C079mn | w10C079mn | w08C079m,디스크 진단 시기(단위: 월2자리) | 디스크 진단 시기(단위: 월2자리) | 처음 디스크 진단 시기(단위: 월2자리) | 처음 디스크 진단을 받은 시기(단위: 월2자리),5,10,"5,6,7,8,9,10",light | raw | structured | raw,19,2,normalized_label,needs_review,
KLoSA,high,KLoSA,w__C079y,w__C079y | w__C079yn,w05C079yn | w06C079yn | w07C079yn | w08C079yn | w09C079yn | w10C079yn | w08C079y,디스크 진단 시기(단위: 년4자리) | 디스크 진단 시기(단위: 년4자리) | 처음 디스크 진단 시기(단위: 년4자리) | 처음 디스크 진단을 받은 시기(단위: 년4자리),5,10,"5,6,7,8,9,10",light | raw | structured | raw,19,2,normalized_label,needs_review,
KLoSA,high,KLoSA,w__C104,w__C104 | w__c104,w01C104 | w04C104 | w05C104 | w08C104 | w09c104 | w10c104,기타 질병 | 기타 질병 내용 | 기타질병명 | 기타 질병 내용,1,10,"1,4,5,8,9,10",raw | raw | structured,9,2,normalized_label,needs_review,
KLoSA,high,KLoSA,w__C110,w__C110 | w__C315 | w__C505m07 | w__C506 | w__D004 | w__D008 | w__D124 | w__D174 | w__D203 | w__D302 | w__D359 | w__D402 | w__D451 | w__D506 | w__D508 | w__D510 | w__D618 | w__c506 | w__d_com003 | w__d_com105 | w__d_com144 | w__d_com148,w01C506 | w05C506 | w08C506 | w09C506 | w10C506 | w01D004 | w04D004 | w08D004 | w09D004 | w10D004 | w01D008 | w02D008 | w03D008 | w04D008 | w05D008 | w06D008 | w07D008 | w08D008 | w09D008 | w10D008 | w01D124 | w02D124 | w03D124 | w04D124 | w05D124 | w06D124 | w07D124 | w08D124 | w09D124 | w10D124 | w01D174 | w02D174 | w03D174 | w04D174 | w05D174 | w06D174 | w07D174 | w08D174 | w09D174 | w10D174 | w01D203 | w02D203 | w03D203 | w04D203 | w05D203 | w06D203 | w07D203 | w08D203 | w09D203 | w10D203 | w01D302 | w04D302 | w08D302 | w09D302 | w10D302 | w01D359 | w01D402 | w02D402 | w03D402 | w04D402 | w05D402 | w06D402 | w07D402 | w08D402 | w09D402 | w10D402 | w01D451 | w01D506 | w02D506 | w03D506 | w04D506 | w05D506 | w06D506 | w07D506 | w08D506 | w09D506 | w10D506 | w01D508 | w04D508 | w08D508 | w09D508 | w10D508 | w01D510 | w02D510 | w03D510 | w04D510 | w05D510 | w06D510 | w07D510 | w08D510 | w09D510 | w10D510 | w01D618 | w01d_com105 | w02d_com105 | w03d_com105 | w04d_com105 | w05d_com105 | w06d_com105 | w07d_com105 | w08d_com105 | w09d_com105 | w10d_com105 | w01d_com144 | w02d_com144 | w03d_com144 | w04d_com144 | w05d_com144 | w06d_com144 | w07d_com144 | w08d_com144 | w09d_com144 | w10d_com144 | w02d_com003 | w03d_com003 | w04d_com003 | w05d_com003 | w06d_com003 | w07d_com003 | w08d_com003 | w09d_com003 | w10d_com003 | w02d_com148 | w03d_com148 | w04d_com148 | w05d_com148 | w06d_com148 | w07d_com148 | w08d_com148 | w09d_com148 | w10d_com148 | w04C110 | w05C110 | w08C110 | w09C110 | w10C110 | w04C315 | w05C315 | w08C315 | w09C315 | w10C315 | w04c506 | w10C505m07,"(구직자)구직활동 여부(구직자/비근로자)_4주 기준 | 구직활동 여부(구직자/비근로자)_4주 기준 | (신규 자영)창업 당시 비용 또는 투자액 | 창업 당시 비용 또는 투자액(신규자영업자) | (신규은퇴자)은퇴 당시 배우자 유무 | 은퇴 당시 배우자 유무(신규은퇴자) | (은퇴자)은퇴 전후의 생활 비교 | 은퇴 전후의 생활 비교(은퇴자) | 구직활동 여부(구직자/비근로자)_4주 기준 | 기타 이유 | 규칙적으로 운동을 하지 못하는 가장 큰 이유 기타 | 기타 이유 | 기타 내용(신규은퇴자) | 기타이유 | 기타 이유 | 기타 이유 | 기타 이유(신규무급가족종사자) | 기타 이유 | 기타(악력측정 미시행 이유) | 악력측정을 못한이유 기타 | 기타 이유 | 무료 건강검진을 받지 않은 이유 기타 | 기타 이유 | 은퇴 전후의 생활 비교(은퇴자) | 기타 이유 | 주당 평균 근로시간이 18시간 미만인 이유 기타 | 기타 이유 | 현 일자리에서의 계속근로 의향(임금근로자) | 기타이유 | 기타이유 | 은퇴 당시 배우자 유무(신규은퇴자) | 기타이유 | 지난 1차 조사 당시 미취업상태 확인 | 지난 기본조사 당시 미취업상태 확인 | 지난 직업력조사 당시 미취업상태 확인 | 기타이유 | 창업 당시 비용 또는 투자액(신규자영업자) | 기타이유 | 현 일자리의 근로시간이 짧다고 생각할 경우, 소득이 늘어나는 경우 근로시간을 늘릴 | 현 일자리의 근로시간이 짧다고 생각할 경우, 소득이 늘어나는 경우 근로시간을 늘릴 의향이 있는가에 대한 의견(임금근로자) | 악력측정을 못한 이유_⑦기타",1,10,"1,2,3,4,5,6,7,8,9,10",light | structured | raw | raw | structured | structured,189,22,normalized_label | normalized_name,needs_review,
KLoSA,medium,KLoSA,w__C114a,w__C114a | w__C133a,w01C114a | w05C133a,총 음주 기간 | 총 음주기간,1,5,"1,5",raw | structured,4,2,normalized_label,needs_review,
KLoSA,medium,KLoSA,w__C124m,w__C124m,w01C124m | w02C124m | w03C124m | w04C124m | w05C124m | w06C124m | w07C124m | w08C124m | w09C124m | w10C124m,음주 시작 시기(단위: 월2자리) | 음주 시작시기(단위: 월2자리),1,10,"1,2,3,4,5,6,7,8,9,10",light | raw | structured,31,1,normalized_label,needs_review,
KLoSA,medium,KLoSA,w__C124y,w__C124y,w01C124y | w02C124y | w03C124y | w04C124y | w05C124y | w06C124y | w07C124y | w08C124y | w09C124y | w10C124y,음주 시작 시기(단위: 년4자리) | 음주 시작시기(단위: 년4자리),1,10,"1,2,3,4,5,6,7,8,9,10",light | raw | structured,31,1,normalized_label,needs_review,
KLoSA,medium,KLoSA,w__C153,w__C153 | w__C160,w04C153 | w05C160 | w06C160 | w07C160 | w08C160 | w09C160 | w10C160,C1 도움정도,4,10,"4,5,6,7,8,9,10",raw | structured,14,2,normalized_label,needs_review,
KLoSA,high,KLoSA,w__C154,w__C143a | w__C154 | w__C161,w01C143a | w04C154 | w05C161 | w06C161 | w07C161 | w08C161 | w09C161 | w10C161,C1 대리인관계,1,10,"1,4,5,6,7,8,9,10",raw | structured,16,3,normalized_label,needs_review,
KLoSA,medium,KLoSA,w__C225,w__C225 | w__c225,w04C225 | w05C225 | w06C225 | w07C225 | w08C225 | w09C225 | w10C225 | w06c225,C2 도움정도,4,10,"4,5,6,7,8,9,10",raw | structured | structured,15,2,normalized_label,needs_review,
KLoSA,medium,KLoSA,w__C226,w__C226 | w__c226,w04C226 | w05C226 | w06C226 | w07C226 | w08C226 | w09C226 | w10C226 | w06c226,C2 대리인관계,4,10,"4,5,6,7,8,9,10",raw | structured | structured,15,2,normalized_label,needs_review,
KLoSA,medium,KLoSA,w__C303,w__C303,w01C303 | w02C303 | w03C303 | w04C303 | w05C303 | w06C303 | w07C303 | w08C303 | w09C303 | w10C303,(직장가입자의 경우) 피보험자/피부양자 여부 | (직장가입자의 경우)피보험자/피부양자 여부,1,10,"1,2,3,4,5,6,7,8,9,10",light | raw | structured,31,1,normalized_label,needs_review,
KLoSA,medium,KLoSA,w__C304,w__C304,w01C304 | w02C304 | w03C304 | w04C304 | w05C304 | w06C304 | w07C304 | w08C304 | w09C304 | w10C304,(지역가입자의 경우) 세대주 여부 | (지역가입자의 경우)세대주 여부,1,10,"1,2,3,4,5,6,7,8,9,10",light | raw | structured,31,1,normalized_label,needs_review,
KLoSA,high,KLoSA,w__C314,w__C314,w01C314 | w02C314 | w03C314 | w04C314 | w05C314 | w06C314 | w07C314 | w08C314 | w09C314 | w10C314,무료 1차 건강검진을 받지 않은 이유 | 무료 건강검진을 받지 않은 이유 | 무료1차 건강검진을 받지 않은 이유,1,10,"1,2,3,4,5,6,7,8,9,10",raw | structured,21,1,normalized_label,needs_review,
KLoSA,medium,KLoSA,w__C322,w__C322 | w__C322n,w05C322n | w06C322n | w07C322n | w08C322n | w09C322 | w10C322,노인장기요양보험 미이용 이유_기타,5,10,"5,6,7,8,9,10",raw | structured,10,2,normalized_label,needs_review,
KLoSA,medium,KLoSA,w__C324_01,w__C324_01 | w__C342_01,w04C324_01 | w07C342_01 | w08C342_01 | w09C342_01 | w10C342_01,1번째 입원시 간병인 기타,4,10,"4,7,8,9,10",raw | raw | structured,9,2,normalized_label,needs_review,
KLoSA,medium,KLoSA,w__C324_02,w__C324_02 | w__C342_02,w04C324_02 | w07C342_02 | w08C342_02 | w09C342_02 | w10C342_02,2번째 입원시 간병인 기타,4,10,"4,7,8,9,10",raw | raw | structured,9,2,normalized_label,needs_review,
KLoSA,medium,KLoSA,w__C324_03,w__C324_03 | w__C342_03,w04C324_03 | w07C342_03 | w08C342_03 | w09C342_03 | w10C342_03,3번째 입원시 간병인 기타,4,10,"4,7,8,9,10",raw | raw | structured,9,2,normalized_label,needs_review,
KLoSA,medium,KLoSA,w__C326_08a1,w__C326_08a1 | w__C326_08a2,w02C326_08a1 | w10C326_08a1 | w06C326_08a2 | w09C326_08a2,8번째 입원시 1번째 간병인의 일일 간병시간(단위: 시간),2,10,"2,6,9,10",raw | structured,8,2,normalized_label,needs_review,
KLoSA,high,KLoSA,w__C333n,w__C333n | w__c333n,w05C333n | w08C333n | w09C333n | w10C333n | w06c333n,노인돌봄서비스사업 미이용 여부_기타 | 노인돌봄서비스사업 미이용 이유_기타 | 노인맞춤돌봄서비스사업 미이용 이유_기타 | 노인돌봄서비스사업 미이용 이유_기타,5,10,"5,6,8,9,10",raw | structured | structured,9,2,normalized_label,needs_review,
KLoSA,high,KLoSA,w__C342a,w__C342a | w__C345a,w01C342a | w02C342a | w03C342a | w04C342a | w05C342a | w06C342a | w07C342a | w08C342a | w09C342a | w10C342a | w01C345a | w02C345a | w03C345a | w04C345a | w05C345a | w06C345a | w07C345a | w08C345a | w09C345a | w10C345a,의료인 방문치료 부담액_본인부담금(단위: 만원) | 의료인 방문치료비의 부담액_본인부담금(단위: 만원) | 정기적 처방약값의 부담액_본인부담금(단위: 만원) | 정기적 처방약값의 부담액_본인부담금(단위: 만원),1,10,"1,2,3,4,5,6,7,8,9,10",raw | structured,42,2,normalized_label,needs_review,
KLoSA,high,KLoSA,w__C342b,w__C342b | w__C345b,w02C342b | w03C342b | w04C342b | w05C342b | w06C342b | w07C342b | w08C342b | w09C342b | w10C342b | w02C345b | w03C345b | w04C345b | w05C345b | w06C345b | w07C345b | w08C345b | w09C345b | w10C345b,의료인 방문치료비의 부담액_친인척 지원금(단위: 만원) | 정기적 처방약값의 부담액_친인척 지원금(단위: 만원) | 정기적 처방약값의 부담액_친인척 지원금(단위: 만원),2,10,"2,3,4,5,6,7,8,9,10",raw | structured,38,2,normalized_label,needs_review,
KLoSA,high,KLoSA,w__C342c,w__C342c | w__C345c,w02C342c | w03C342c | w04C342c | w05C342c | w06C342c | w07C342c | w08C342c | w09C342c | w10C342c | w02C345c | w03C345c | w04C345c | w05C345c | w06C345c | w07C345c | w08C345c | w09C345c | w10C345c,의료인 방문치료비의 부담액_민간의료보험 지원금(단위: 만원) | 정기적 처방약값의 부담액_민간의료보험 지원금(단위: 만원) | 정기적 처방약값의 부담액_민간의료보험 지원금(단위: 만원),2,10,"2,3,4,5,6,7,8,9,10",raw | structured,38,2,normalized_label,needs_review,
KLoSA,high,KLoSA,w__C346,w__C346,w01C346 | w02C346 | w03C346 | w04C346 | w05C346 | w06C346 | w07C346 | w08C346 | w09C346 | w10C346,지난 1년 중 치료용 의료보조기구(보호장구) 구입(대여) 여부 | 지난 1차 조사이후 치료용 의료보조기구(보호장구) 구입(대여) 여부 | 지난 기본조사 이후 치료용 의료보조기구(보호장구) 구입(대여) 여부 | 지난 기본조사이후 치료용 의료보조기구(보호장구) 구입(대여) 여부 | 지난1년간 치료용 의료보조기구(보호장구) 구입(대여) 여부,1,10,"1,2,3,4,5,6,7,8,9,10",light | raw | structured,31,1,normalized_label,needs_review,
KLoSA,high,KLoSA,w__C347,w__C347,w02C347 | w03C347 | w04C347 | w05C347 | w06C347 | w07C347 | w08C347 | w09C347 | w10C347,지난 1년 중 치료용 의료보조기구(보장구) 구입 총액(단위:만원) | 지난 1차 조사이후 치료용 의료보조기구(보장구) 구입 총액(단위:만원) | 지난 기본조사 이후 치료용 의료보조기구(보장구) 구입 총액(단위:만원) | 지난 기본조사이후 치료용 의료보조기구(보장구) 구입 총액(단위:만원),2,10,"2,3,4,5,6,7,8,9,10",raw | structured,19,1,normalized_label,needs_review,
KLoSA,medium,KLoSA,w__C349,w__C349 | w__C366,w04C349 | w06C349 | w07C349 | w08C349 | w09C349 | w10C349 | w05C366,C3 도움정도,4,10,"4,5,6,7,8,9,10",raw | structured,14,2,normalized_label,needs_review,
KLoSA,high,KLoSA,w__C450,w__C450 | w__C514 | w__C550,w01C550 | w02C550 | w03C550 | w04C550 | w05C550 | w06C550 | w07C550 | w08C550 | w09C550 | w10C550 | w08C450 | w09C514 | w10C514,응답자 확인(대리응답 여부) | 응답자 확인(대리응답 여부) | 응답자 확인(대리응답 여부) 1 | 응답자 확인(대리응답 여부) | 응답자 확인(대리응답 여부) 2,1,10,"1,2,3,4,5,6,7,8,9,10",light | raw | structured | raw,34,3,normalized_label,needs_review,
KLoSA,medium,KLoSA,w__C505,w__C505,w02C505 | w03C505 | w04C505 | w05C505 | w06C505 | w07C505 | w08C505 | w09C505,악력측정을 못한 이유 | 악력측정을 못한이유,2,9,"2,3,4,5,6,7,8,9",raw | structured,17,1,normalized_label,needs_review,
KLoSA,medium,KLoSA,w__C515,w__C515 | w__DC515,w05DC515 | w06DC515 | w07DC515 | w08DC515 | w09DC515 | w10DC515 | w09C515,업무능력상태 자가평가,5,10,"5,6,7,8,9,10",raw | structured | structured,13,2,normalized_label,needs_review,
KLoSA,medium,KLoSA,w__C516,w__C516 | w__DC516,w05DC516 | w06DC516 | w07DC516 | w08DC516 | w09DC516 | w10DC516 | w09C516,육체적 업무능력 자가평가,5,10,"5,6,7,8,9,10",raw | structured | structured,13,2,normalized_label,needs_review,
KLoSA,medium,KLoSA,w__C517,w__C517 | w__DC517,w05DC517 | w06DC517 | w07DC517 | w08DC517 | w09DC517 | w10DC517 | w09C517,정신적 업무능력 자가평가,5,10,"5,6,7,8,9,10",raw | structured | structured,13,2,normalized_label,needs_review,
KLoSA,high,KLoSA,w__Cadd_01,w__Cadd_01 | w__chronic_m,w07Cadd_01 | w08Cadd_01 | w09Cadd_01 | w10Cadd_01 | w07chronic_m | w08chronic_m | w09chronic_m | w10chronic_m,지난 기본조사 이후의 치매 진단여부 | 치매 진단여부 | 치매 진단 여부 | 치매 진단여부,7,10,"7,8,9,10",light | structured | raw | structured,16,2,normalized_label,needs_review,
KLoSA,high,KLoSA,w__D001,w__D001 | w__present_labor,w01D001 | w02D001 | w03D001 | w04D001 | w05D001 | w06D001 | w07D001 | w08D001 | w09D001 | w10D001 | w01present_labor | w02present_labor | w03present_labor | w04present_labor | w05present_labor | w06present_labor | w07present_labor | w08present_labor | w09present_labor | w10present_labor,(공통)현재 노동여부 | 현재 노동 여부 | 현재 노동 여부,1,10,"1,2,3,4,5,6,7,8,9,10",light | structured | raw,31,2,normalized_label,needs_review,
KLoSA,high,KLoSA,w__D009,w__D009 | w__labor_experience,w01D009 | w02D009 | w03D009 | w04D009 | w05D009 | w06D009 | w07D009 | w08D009 | w09D009 | w10D009 | w01labor_experience,수입목적의 노동경험 여부 | 수입목적의 노동경험 여부 | 지난 기본조사 당시의 취업형태(일자리 수정한 응답자) | 지난 직업력조사 당시의 취업형태,1,10,"1,2,3,4,5,6,7,8,9,10",raw | structured,11,2,normalized_label,needs_review,
KLoSA,high,KLoSA,w__D029_01,w__D029_01 | w__D029_01y,w02D029_01 | w03D029_01 | w04D029_01 | w05D029_01 | w06D029_01 | w07D029_01 | w08D029_01 | w09D029_01 | w10D029_01 | w02D029_01y | w03D029_01y | w04D029_01y | w05D029_01y | w06D029_01y | w07D029_01y | w08D029_01y | w09D029_01y | w10D029_01y,지난 1차 조사 이후 변경된 종사상지위 변화시기(임금근로자)_1번째(단위: 년4자리) | 지난 기본조사 이후 변경된 종사상지위 변화시기(임금근로자)_1번째(단위: 년4자리) | 지난 직업력조사 이후 변경된 종사상지위 변화시기(임금근로자)_1번째(단위: 년4자리) | 지난 1차 조사 이후 변경된 종사상지위 변화시기(임금근로자)_1번째(단위: 년4자리+월 | 지난 기본조사 이후 변경된 종사상지위 변화시기(임금근로자)_1번째(단위: 년4자리+월 | 지난 기본조사 이후 변경된 종사상지위 변화시기(임금근로자)_1번째(단위: 년4자리+월2자리) | 지난 직업력조사 이후 변경된 종사상지위 변화시기(임금근로자)_1번째(단위: 년4자리+,2,10,"2,3,4,5,6,7,8,9,10",raw,20,2,normalized_label,needs_review,
KLoSA,high,KLoSA,w__D032_01,w__D032_01,w02D032_01 | w03D032_01 | w04D032_01 | w05D032_01 | w06D032_01 | w07D032_01 | w08D032_01 | w09D032_01 | w10D032_01,지난 1차 조사 이후 근로시간형태 변화시기(임금근로자)_1번째(단위: 년4자리+월2자리 | 지난 기본조사 이후 근로시간형태 변화시기(임금근로자)_1번째(단위: 년4자리+월2자리 | 지난 기본조사 이후 근로시간형태 변화시기(임금근로자)_1번째(단위: 년4자리+월2자리) | 지난 직업력조사 이후 근로시간형태 변화시기(임금근로자)_1번째(단위: 년4자리+월2자,2,10,"2,3,4,5,6,7,8,9,10",raw,10,1,normalized_label,needs_review,
KLoSA,high,KLoSA,w__D032_02,w__D032_02,w02D032_02 | w04D032_02 | w05D032_02 | w07D032_02 | w09D032_02 | w10D032_02,지난 1차 조사 이후 근로시간형태 변화시기(임금근로자)_2번째 | 지난 기본조사 이후 근로시간형태 변화시기(임금근로자)_2번째(단위: 년4자리+월2자리 | 지난 기본조사 이후 근로시간형태 변화시기(임금근로자)_2번째(단위: 년4자리+월2자리),2,10,"2,4,5,7,9,10",raw,6,1,normalized_label,needs_review,
KLoSA,high,KLoSA,w__D032_02m,w__D032_02m | w__D032_02y,w02D032_02m | w04D032_02m | w05D032_02m | w09D032_02m | w10D032_02m | w02D032_02y | w04D032_02y | w05D032_02y | w09D032_02y | w10D032_02y,지난 1차 조사 이후 근로시간형태 변화시기(임금근로자)_2번째(단위: 년4자리) | 지난 기본조사 이후 근로시간형태 변화시기(임금근로자)_2번째(단위: 년4자리) | 지난 1차 조사 이후 근로시간형태 변화시기(임금근로자)_2번째(단위: 월2자리) | 지난 기본조사 이후 근로시간형태 변화시기(임금근로자)_2번째(단위: 년4자리) | 지난 기본조사 이후 근로시간형태 변화시기(임금근로자)_2번째(단위: 월2자리),2,10,"2,4,5,9,10",raw,10,2,normalized_label,needs_review,
KLoSA,high,KLoSA,w__D035_01,w__D035_01,w02D035_01 | w03D035_01 | w04D035_01 | w05D035_01 | w06D035_01 | w07D035_01 | w08D035_01 | w09D035_01 | w10D035_01,지난 1차 조사 이후 종사상지위 변화시기(비임금근로자)_1번째(단위: 년4자리+월2자리 | 지난 기본조사 이후 종사상지위 변화시기(비임금근로자)_1번째(단위: 년4자리+월2자리 | 지난 기본조사 이후 종사상지위 변화시기(비임금근로자)_1번째(단위: 년4자리+월2자리) | 지난 직업력조사 이후 종사상지위 변화시기(비임금근로자)_1번째(단위: 년4자리+월2자,2,10,"2,3,4,5,6,7,8,9,10",raw,10,1,normalized_label,needs_review,
KLoSA,medium,KLoSA,w__D035_02,w__D035_02,w03D035_02 | w04D035_02 | w05D035_02 | w06D035_02 | w07D035_02 | w09D035_02 | w10D035_02,지난 기본조사 이후 종사상지위 변화시기(비임금근로자)_2번째(단위: 년4자리+월2자리 | 지난 기본조사 이후 종사상지위 변화시기(비임금근로자)_2번째(단위: 년4자리+월2자리),3,10,"3,4,5,6,7,9,10",raw,7,1,normalized_label,needs_review,
KLoSA,medium,KLoSA,w__D035_03,w__D035_03,w03D035_03 | w04D035_03 | w09D035_03 | w10D035_03,지난 기본조사 이후 종사상지위 변화시기(비임금근로자)_3번째(단위: 년4자리+월2자리 | 지난 기본조사 이후 종사상지위 변화시기(비임금근로자)_3번째(단위: 년4자리+월2자리),3,10,"3,4,9,10",raw,4,1,normalized_label,needs_review,
KLoSA,medium,KLoSA,w__D035_04,w__D035_04,w03D035_04 | w09D035_04 | w10D035_04,지난 기본조사 이후 종사상지위 변화시기(비임금근로자)_4번째(단위: 년4자리+월2자리 | 지난 기본조사 이후 종사상지위 변화시기(비임금근로자)_4번째(단위: 년4자리+월2자리),3,10,"3,9,10",raw,3,1,normalized_label,needs_review,
KLoSA,high,KLoSA,w__D035_04m,w__D035_04m | w__D035_04y,w03D035_04m | w09D035_04m | w10D035_04m | w03D035_04y | w09D035_04y | w10D035_04y,지난 기본조사 이후 종사상지위 변화시기(비임금근로자)_4번째(단위: 년4자리) | 지난 기본조사 이후 종사상지위 변화시기(비임금근로자)_4번째(단위: 월2자리) | 지난 기본조사 이후 종사상지위 변화시기(비임금근로자)_4번째(단위: 월2자리),3,10,"3,9,10",raw,6,2,normalized_label,needs_review,
KLoSA,high,KLoSA,w__D064_01_01,w__D064_01_01 | w__D064_01_01m | w__D064_01_01y,w02D064_01_01 | w04D064_01_01 | w07D064_01_01 | w08D064_01_01 | w09D064_01_01 | w10D064_01_01 | w02D064_01_01m | w04D064_01_01m | w07D064_01_01m | w08D064_01_01m | w09D064_01_01m | w10D064_01_01m | w02D064_01_01y | w04D064_01_01y | w07D064_01_01y | w08D064_01_01y | w09D064_01_01y | w10D064_01_01y,지난 1차 조사 이후 1번째 새로운 일자리에서의 변동(임금근로자)_1번째 직위 변경시 | 지난 기본조사 이후 1번째 새로운 일자리에서의 변동(임금근로자)_1번째 직위 변경시 | 지난 기본조사 이후 1번째 새로운 일자리에서의 변동(임금근로자)_1번째 직위 변경시기(단위: 년4자리) | 지난 1차 조사 이후 1번째 새로운 일자리에서의 변동(임금근로자)_1번째 직위 변경시 | 지난 기본조사 이후 1번째 새로운 일자리에서의 변동(임금근로자)_1번째 직위 변경시 | 지난 기본조사 이후 1번째 새로운 일자리에서의 변동(임금근로자)_1번째 직위 변경시기(단위: 년4자리+월2자리) | 지난 1차 조사 이후 1번째 새로운 일자리에서의 변동(임금근로자)_1번째 직위 변경시 | 지난 기본조사 이후 1번째 새로운 일자리에서의 변동(임금근로자)_1번째 직위 변경시 | 지난 기본조사 이후 1번째 새로운 일자리에서의 변동(임금근로자)_1번째 직위 변경시기(단위: 월2자리),2,10,"2,4,7,8,9,10",raw,18,3,normalized_label,needs_review,
KLoSA,high,KLoSA,w__D064_02_01,w__D064_02_01 | w__D064_02_01m | w__D064_02_01y,w04D064_02_01 | w04D064_02_01m | w04D064_02_01y,지난 기본조사 이후 2번째 새로운 일자리에서의 변동(임금근로자)_1번째 직위 변경시,4,4,4,raw,3,3,normalized_label,needs_review,
KLoSA,high,KLoSA,w__D065_01_01,w__D065_01_01 | w__D065_01_02 | w__D067_01_01 | w__D067_01_01m | w__D067_01_01y | w__D067_01_02 | w__D067_01_02m | w__D067_01_02y,w02D065_01_01 | w03D065_01_01 | w04D065_01_01 | w06D065_01_01 | w07D065_01_01 | w08D065_01_01 | w09D065_01_01 | w10D065_01_01 | w04D065_01_02 | w06D065_01_02 | w07D065_01_02 | w10D065_01_02 | w04D067_01_01 | w06D067_01_01 | w07D067_01_01 | w10D067_01_01 | w04D067_01_01m | w06D067_01_01m | w07D067_01_01m | w10D067_01_01m | w04D067_01_01y | w06D067_01_01y | w07D067_01_01y | w10D067_01_01y | w04D067_01_02 | w04D067_01_02m | w04D067_01_02y,지난 1차 조사 이후 1번째 새로운 일자리에서의 변동(임금근로자)_1번째 종사상 지위 | 지난 기본조사 이후 1번째 새로운 일자리에서의 변동(임금근로자)_1번째 종사상 지위 | 지난 기본조사 이후 1번째 새로운 일자리에서의 변동(임금근로자)_1번째 종사상 지위 변경여부 | 지난 기본조사 이후 1번째 새로운 일자리에서의 변동(임금근로자)_1번째 종사상 지위 | 지난 기본조사 이후 1번째 새로운 일자리에서의 변동(임금근로자)_1번째 종사상지위 변경시점(단위: 년4자리) | 지난 기본조사 이후 1번째 새로운 일자리에서의 변동(임금근로자)_2번째 종사상 지위 | 지난 기본조사 이후 1번째 새로운 일자리에서의 변동(임금근로자)_1번째 종사상 지위 | 지난 기본조사 이후 1번째 새로운 일자리에서의 변동(임금근로자)_1번째 종사상지위 변경시점(단위: 년4자리+월2자리) | 지난 기본조사 이후 1번째 새로운 일자리에서의 변동(임금근로자)_1번째 종사상 지위 | 지난 기본조사 이후 1번째 새로운 일자리에서의 변동(임금근로자)_1번째 종사상지위 변경시점(단위: 월2자리) | 지난 기본조사 이후 1번째 새로운 일자리에서의 변동(임금근로자)_2번째 종사상 지위 | 지난 기본조사 이후 1번째 새로운 일자리에서의 변동(임금근로자)_2번째 종사상 지위 | 지난 기본조사 이후 1번째 새로운 일자리에서의 변동(임금근로자)_2번째 종사상 지위 | 지난 기본조사 이후 1번째 새로운 일자리에서의 변동(임금근로자)_2번째 종사상지위 변경여부,2,10,"2,3,4,6,7,8,9,10",raw,27,8,normalized_label,needs_review,
KLoSA,high,KLoSA,w__D065_02_01,w__D065_02_01 | w__D067_02_01 | w__D067_02_01m | w__D067_02_01y,w04D065_02_01 | w06D065_02_01 | w07D065_02_01 | w04D067_02_01 | w06D067_02_01 | w04D067_02_01m | w06D067_02_01m | w04D067_02_01y | w06D067_02_01y,지난 기본조사 이후 2번째 새로운 일자리에서의 변동(임금근로자)_1번째 종사상 지위,4,7,"4,6,7",raw,9,4,normalized_label,needs_review,
KLoSA,high,KLoSA,w__D065_03_01,w__D065_03_01 | w__D067_03_01 | w__D067_03_01m | w__D067_03_01y,w06D065_03_01 | w06D067_03_01 | w06D067_03_01m | w06D067_03_01y,지난 기본조사 이후 3번째 새로운 일자리에서의 변동(임금근로자)_1번째 종사상 지위,6,6,6,raw,4,4,normalized_label,needs_review,
KLoSA,high,KLoSA,w__D068_01_01,w__D068_01_01 | w__D070_01_01 | w__D070_01_01m | w__D070_01_01y,w02D068_01_01 | w03D068_01_01 | w04D068_01_01 | w06D068_01_01 | w07D068_01_01 | w08D068_01_01 | w09D068_01_01 | w10D068_01_01 | w04D070_01_01 | w10D070_01_01 | w04D070_01_01m | w10D070_01_01m | w04D070_01_01y | w10D070_01_01y,지난 1차 조사 이후 1번째 새로운 일자리에서의 변동(임금근로자)_1번째 근로시간 변 | 지난 기본조사 이후 1번째 새로운 일자리에서의 변동(임금근로자)_1번째 근로시간 형 | 지난 기본조사 이후 1번째 새로운 일자리에서의 변동(임금근로자)_1번째 근로시간 형태 변경여부 | 지난 기본조사 이후 1번째 새로운 일자리에서의 변동(임금근로자)_1번째 근로시간 형 | 지난 기본조사 이후 1번째 새로운 일자리에서의 변동(임금근로자)_1번째 근로시간형태 변경시점(단위: 년4자리) | 지난 기본조사 이후 1번째 새로운 일자리에서의 변동(임금근로자)_1번째 근로시간 형 | 지난 기본조사 이후 1번째 새로운 일자리에서의 변동(임금근로자)_1번째 근로시간형태 변경시점(단위: 년4자리+월2자리) | 지난 기본조사 이후 1번째 새로운 일자리에서의 변동(임금근로자)_1번째 근로시간 형 | 지난 기본조사 이후 1번째 새로운 일자리에서의 변동(임금근로자)_1번째 근로시간형태 변경시점(단위: 월2자리),2,10,"2,3,4,6,7,8,9,10",raw,14,4,normalized_label,needs_review,
KLoSA,high,KLoSA,w__D068_02_01,w__D068_02_01 | w__D070_02_01m | w__D070_02_01y,w04D068_02_01 | w06D068_02_01 | w07D068_02_01 | w04D070_02_01m | w04D070_02_01y,지난 기본조사 이후 2번째 새로운 일자리에서의 변동(임금근로자)_1번째 근로시간 형,4,7,"4,6,7",raw,5,3,normalized_label,needs_review,
KLoSA,high,KLoSA,w__D078_01_01,w__D078_01_01 | w__D080_01_01 | w__D080_01_01m | w__D080_01_01y,w02D078_01_01 | w03D078_01_01 | w04D078_01_01 | w05D078_01_01 | w06D078_01_01 | w07D078_01_01 | w08D078_01_01 | w09D078_01_01 | w10D078_01_01 | w03D080_01_01 | w04D080_01_01 | w06D080_01_01 | w07D080_01_01 | w08D080_01_01 | w09D080_01_01 | w10D080_01_01 | w03D080_01_01m | w04D080_01_01m | w06D080_01_01m | w07D080_01_01m | w08D080_01_01m | w09D080_01_01m | w10D080_01_01m | w03D080_01_01y | w04D080_01_01y | w06D080_01_01y | w07D080_01_01y | w08D080_01_01y | w09D080_01_01y | w10D080_01_01y,지난 기본조사 이후 1번째 새로운 일자리에서의 변동(비임금근로자)_1번째 종사상 지 | 지난 기본조사 이후 1번째 새로운 일자리에서의 변동(비임금근로자)_1번째 종사상 지위 변경 시기(단위: 년4자리) | 지난 기본조사 이후 1번째 새로운 일자리에서의 변동(비임금근로자)_1번째 직위변경 | 지난 기본조사 이후 1번째 새로운 일자리에서의 변동(비임금근로자)_1번째 직위변경 시기(단위: 년4자리) | 지난 기본조사 이후 1번째 새로운 일자리에서의 변동(비임금근로자)_1번째 종사상 지 | 지난 기본조사 이후 1번째 새로운 일자리에서의 변동(비임금근로자)_1번째 종사상 지위 변경 시기(단위: 년4자리+월2자리) | 지난 기본조사 이후 1번째 새로운 일자리에서의 변동(비임금근로자)_1번째 직위변경 | 지난 기본조사 이후 1번째 새로운 일자리에서의 변동(비임금근로자)_1번째 종사상 지 | 지난 기본조사 이후 1번째 새로운 일자리에서의 변동(비임금근로자)_1번째 종사상 지위 변경 시기(단위: 월2자리) | 지난 기본조사 이후 1번째 새로운 일자리에서의 변동(비임금근로자)_1번째 직위변경 | 지난 기본조사 이후 1번째 새로운 일자리에서의 변동(비임금근로자)_1번째 직위변경 시기(단위: 월2자리) | 지난 기본조사 이후 1번째 새로운 일자리에서의 변동(비임금근로자)_1번째 종사상 지 | 지난 기본조사 이후 1번째 새로운 일자리에서의 변동(비임금근로자)_1번째 종사상 지위 변경여부 | 지난 직업력조사 이후 1번째 새로운 일자리에서의 변동(비임금근로자)_1번째 종사상,2,10,"2,3,4,5,6,7,8,9,10",raw,31,4,normalized_label,needs_review,
KLoSA,high,KLoSA,w__D078_02_01,w__D078_02_01 | w__D080_02_01 | w__D080_02_01m | w__D080_02_01y,w02D078_02_01 | w04D078_02_01 | w06D078_02_01 | w07D078_02_01 | w08D078_02_01 | w09D078_02_01 | w10D078_02_01 | w04D080_02_01 | w06D080_02_01 | w04D080_02_01m | w06D080_02_01m | w04D080_02_01y | w06D080_02_01y,지난 1차 조사 이후 2번째 새로운 일자리에서의 변동(비임금근로자)_1번째 직위변경여 | 지난 기본조사 이후 2번째 새로운 일자리에서의 변동(비임금근로자)_1번째 종사상 지 | 지난 기본조사 이후 2번째 새로운 일자리에서의 변동(비임금근로자)_1번째 종사상 지위 변경여부 | 지난 기본조사 이후 2번째 새로운 일자리에서의 변동(비임금근로자)_1번째 종사상 지,2,10,"2,4,6,7,8,9,10",raw,13,4,normalized_label,needs_review,
KLoSA,high,KLoSA,w__D078_03_01,w__D078_03_01 | w__D080_03_01 | w__D080_03_01m | w__D080_03_01y,w06D078_03_01 | w08D078_03_01 | w06D080_03_01 | w06D080_03_01m | w06D080_03_01y,지난 기본조사 이후 3번째 새로운 일자리에서의 변동(비임금근로자)_1번째 종사상 지 | 지난 기본조사 이후 3번째 새로운 일자리에서의 변동(비임금근로자)_1번째 종사상 지 | 지난 기본조사 이후 3번째 새로운 일자리에서의 변동(비임금근로자)_1번째 종사상 지위 변경여부,6,8,"6,8",raw,5,4,normalized_label,needs_review,
KLoSA,high,KLoSA,w__D082_01m,w__D082_01m | w__D082_02m | w__D082_03m,w02D082_01m | w03D082_01m | w04D082_01m | w05D082_01m | w06D082_01m | w07D082_01m | w08D082_01m | w09D082_01m | w10D082_01m | w02D082_02m | w03D082_02m | w04D082_02m | w05D082_02m | w06D082_02m | w08D082_02m | w09D082_02m | w10D082_02m | w02D082_03m | w06D082_03m,지난 1차 조사 이후 1번째 새로운 일자리_퇴직시기(단위: 월2자리) | 지난 기본조사 이후 1번째 새로운 일자리_퇴직시기(단위: 월2자리) | 지난 기본조사 이후 2번째 새로운 일자리_퇴직시기(단위: 월2자리) | 지난 1차 조사 이후 1번째 새로운 일자리_퇴직시기(단위: 월2자리) | 지난 기본조사 이후 1번째 새로운 일자리_퇴직시기(단위: 월2자리) | 지난 직업력조사 이후 1번째 새로운 일자리_퇴직시기(단위: 월2자리) | 지난 1차 조사 이후 1번째 새로운 일자리_퇴직시기(단위: 월2자리) | 지난 기본조사 이후 3번째 새로운 일자리_퇴직시기(단위: 월2자리),2,10,"2,3,4,5,6,7,8,9,10",raw,20,3,normalized_label,needs_review,
KLoSA,high,KLoSA,w__D082_01y,w__D082_01y | w__D082_02y | w__D082_03y,w02D082_01y | w03D082_01y | w04D082_01y | w05D082_01y | w06D082_01y | w07D082_01y | w08D082_01y | w09D082_01y | w10D082_01y | w02D082_02y | w03D082_02y | w04D082_02y | w05D082_02y | w06D082_02y | w08D082_02y | w09D082_02y | w10D082_02y | w02D082_03y | w06D082_03y,지난 1차 조사 이후 1번째 새로운 일자리_퇴직시기(단위: 년4자리) | 지난 기본조사 이후 1번째 새로운 일자리_퇴직시기(단위: 년4자리) | 지난 기본조사 이후 2번째 새로운 일자리_퇴직시기(단위: 년4자리) | 지난 1차 조사 이후 1번째 새로운 일자리_퇴직시기(단위: 년4자리) | 지난 기본조사 이후 1번째 새로운 일자리_퇴직시기(단위: 년4자리) | 지난 직업력조사 이후 1번째 새로운 일자리_퇴직시기(단위: 년4자리) | 지난 1차 조사 이후 1번째 새로운 일자리_퇴직시기(단위: 년4자리) | 지난 기본조사 이후 3번째 새로운 일자리_퇴직시기(단위: 년4자리),2,10,"2,3,4,5,6,7,8,9,10",raw,20,3,normalized_label,needs_review,
KLoSA,high,KLoSA,w__D101,w__D101 | w__d_com014,w01d_com014 | w02d_com014 | w03d_com014 | w04d_com014 | w05d_com014 | w06d_com014 | w07d_com014 | w08d_com014 | w09d_com014 | w10d_com014 | w02D101 | w03D101 | w04D101 | w05D101 | w06D101 | w07D101 | w08D101 | w09D101 | w10D101,(신규 임금)현 일자리의 시작당시 근로계약기간 지정 여부 | 현 일자리의 시작당시 근로계약기간 지정 여부(신규임금근로자) | 현 일자리의 시작당시 근로계약기간 지정 여부(신규임금근로자),1,10,"1,2,3,4,5,6,7,8,9,10",light | structured | raw,30,2,normalized_label,needs_review,
KLoSA,high,KLoSA,w__D102,w__D102 | w__d_com015,w01D102 | w02D102 | w03D102 | w04D102 | w05D102 | w06D102 | w07D102 | w08D102 | w09D102 | w10D102 | w01d_com015 | w02d_com015 | w03d_com015 | w04d_com015 | w05d_com015 | w06d_com015 | w07d_com015 | w08d_com015 | w09d_com015 | w10d_com015,(신규 임금)현 일자리의 시작당시 근로계약기간(단위: 개월) | 현 일자리의 시작당시 근로계약기간(신규임금근로자)(단위: 개월) | 직장 주소(시(도)/구(군))(부록 참조) | 현 일자리의 시작당시 근로계약기간(신규임금근로자)(단위: 개월),1,10,"1,2,3,4,5,6,7,8,9,10",light | structured | raw,31,2,normalized_label,needs_review,
KLoSA,high,KLoSA,w__D103,w__D103 | w__d_com016,w01d_com016 | w02d_com016 | w03d_com016 | w04d_com016 | w05d_com016 | w06d_com016 | w07d_com016 | w08d_com016 | w09d_com016 | w10d_com016 | w02D103 | w03D103 | w04D103 | w05D103 | w06D103 | w07D103 | w08D103 | w09D103 | w10D103,(신규 임금)현 일자리에서의 근로계약기간 갱신 경험 여부 | 현 일자리에서의 근로계약기간 갱신 경험 여부(신규임금근로자) | 현 일자리에서의 근로계약기간 갱신 경험 여부(신규임금근로자),1,10,"1,2,3,4,5,6,7,8,9,10",raw | structured,20,2,normalized_label,needs_review,
KLoSA,high,KLoSA,w__D104,w__D104 | w__d_com017,w01D104 | w02D104 | w03D104 | w04D104 | w05D104 | w06D104 | w07D104 | w08D104 | w09D104 | w10D104 | w01d_com017 | w02d_com017 | w03d_com017 | w04d_com017 | w05d_com017 | w06d_com017 | w07d_com017 | w08d_com017 | w09d_com017 | w10d_com017,"(신규 임금)현 일자리의 단기근로기간 여부 | 현 일자리의 단기근로기간 여부(신규임금근로자) | 직장규모 (전체 종업원 총 수) *본사,지사,지점,공장,현장 등 모두 포함(단위 : 명) | 현 일자리의 단기근로기간 여부(신규임금근로자)",1,10,"1,2,3,4,5,6,7,8,9,10",raw | structured,21,2,normalized_label,needs_review,
KLoSA,high,KLoSA,w__D105,w__D105 | w__d_com018,w01D105 | w02D105 | w03D105 | w04D105 | w05D105 | w06D105 | w07D105 | w08D105 | w09D105 | w10D105 | w01d_com018 | w02d_com018 | w03d_com018 | w04d_com018 | w05d_com018 | w06d_com018 | w07d_com018 | w08d_com018 | w09d_com018 | w10d_com018,"(신규 임금)현 일자리의 근로계약서 지급 여부 | 현 일자리의 근로계약서 지급 여부(신규임금근로자) | 직장규모 (전체 종업원 총 수) *w01D104에서 -8. 응답거부, -9. 모르겠음으로 답했을 | 현 일자리의 근로계약서 지급 여부(신규임금근로자)",1,10,"1,2,3,4,5,6,7,8,9,10",raw | structured,21,2,normalized_label,needs_review,
KLoSA,high,KLoSA,w__D106,w__D106 | w__d_com019,w01D106 | w02D106 | w03D106 | w04D106 | w05D106 | w06D106 | w07D106 | w08D106 | w09D106 | w10D106 | w01d_com019 | w02d_com019 | w03d_com019 | w04d_com019 | w05d_com019 | w06d_com019 | w07d_com019 | w08d_com019 | w09d_com019 | w10d_com019,(신규 임금)현 일자리의 계속근로 가능성 여부 | 현 일자리의 계속근로 가능성 여부(신규임금근로자) | 직장규모(실제 근무지의 종업원 수)(단위 : 명) | 현 일자리의 계속근로 가능성 여부(신규임금근로자),1,10,"1,2,3,4,5,6,7,8,9,10",raw | structured,21,2,normalized_label,needs_review,
KLoSA,high,KLoSA,w__D107,w__D107 | w__d_com020,w01D107 | w02D107 | w03D107 | w04D107 | w05D107 | w06D107 | w07D107 | w08D107 | w09D107 | w10D107 | w01d_com020 | w02d_com020 | w03d_com020 | w04d_com020 | w05d_com020 | w06d_com020 | w07d_com020 | w08d_com020 | w09d_com020 | w10d_com020,"(신규 임금)현 일자리의 계속근로 기대 기간 | 현 일자리의 계속근로 기대 기간(신규임금근로자) | 직장규모(실제 근무지의 종업원 수)*w01D106에서 -8. 응답거부, -9. 모르겠음으로 답 | 현 일자리의 계속근로 기대 기간(신규임금근로자)",1,10,"1,2,3,4,5,6,7,8,9,10",raw | structured,21,2,normalized_label,needs_review,
KLoSA,high,KLoSA,w__D108,w__D108 | w__d_com021,w01D108 | w02D108 | w03D108 | w04D108 | w05D108 | w06D108 | w07D108 | w08D108 | w09D108 | w10D108 | w01d_com021 | w02d_com021 | w03d_com021 | w04d_com021 | w05d_com021 | w06d_com021 | w07d_com021 | w08d_com021 | w09d_com021 | w10d_com021,(신규 임금)현 일자리의 계속근로 기대 기간에 대한 이유 | 현 일자리의 계속근로 기대 기간에 대한 이유(신규임금근로자) | 취업시기(단위 : 년+월) 예: 200601 | 현 일자리의 계속근로 기대 기간에 대한 이유(신규임금근로자),1,10,"1,2,3,4,5,6,7,8,9,10",raw | structured,21,2,normalized_label,needs_review,
KLoSA,high,KLoSA,w__D110,w__D110 | w__d_com023,w01d_com023 | w02d_com023 | w03d_com023 | w04d_com023 | w05d_com023 | w06d_com023 | w07d_com023 | w08d_com023 | w09d_com023 | w10d_com023 | w02D110 | w03D110 | w04D110 | w05D110 | w06D110 | w07D110 | w08D110 | w09D110 | w10D110,(신규 임금)현 일자리의 임금 출처_ 간접고용 여부 | 현 일자리의 임금 출처(신규임금근로자) | 현 일자리의 임금 출처(신규임금근로자),1,10,"1,2,3,4,5,6,7,8,9,10",raw | structured,20,2,normalized_label,needs_review,
KLoSA,high,KLoSA,w__D111,w__D111 | w__d_com024,w01D111 | w02D111 | w03D111 | w04D111 | w05D111 | w06D111 | w07D111 | w08D111 | w09D111 | w10D111 | w01d_com024 | w02d_com024 | w03d_com024 | w04d_com024 | w05d_com024 | w06d_com024 | w07d_com024 | w08d_com024 | w09d_com024 | w10d_com024,(신규 임금)현 일자리의 공식적인 정년규정 여부 | 현 일자리의 공식적인 정년규정 여부(신규임금근로자) | 직위 및 직책 임명시기(단위 : 년+월) 예: 200601 | 현 일자리의 공식적인 정년규정 여부(신규임금근로자),1,10,"1,2,3,4,5,6,7,8,9,10",light | structured | raw,31,2,normalized_label,needs_review,
KLoSA,high,KLoSA,w__D112,w__D112 | w__d_com025,w01D112 | w02D112 | w03D112 | w04D112 | w05D112 | w06D112 | w07D112 | w08D112 | w09D112 | w10D112 | w01d_com025 | w02d_com025 | w03d_com025 | w04d_com025 | w05d_com025 | w06d_com025 | w07d_com025 | w08d_com025 | w09d_com025 | w10d_com025,(신규 임금)현 일자리의 공식적인 정년(단위: 세) | 현 일자리의 공식적인 정년(신규임금근로자)(단위: 세) | 관리자급 이상의 위치 | 현 일자리의 공식적인 정년(신규임금근로자)(단위: 세),1,10,"1,2,3,4,5,6,7,8,9,10",light | structured | raw,31,2,normalized_label,needs_review,
KLoSA,high,KLoSA,w__D113,w__D113 | w__d_com026,w01D113 | w02D113 | w03D113 | w04D113 | w05D113 | w06D113 | w07D113 | w08D113 | w09D113 | w10D113 | w01d_com026 | w02d_com026 | w03d_com026 | w04d_com026 | w05d_com026 | w06d_com026 | w07d_com026 | w08d_com026 | w09d_com026 | w10d_com026,(신규 임금)현 일자리의 연령에 따른 관행적 퇴직제 존재 여부 | 현 일자리의 연령에 따른 관행적 퇴직제 존재 여부(신규임금근로자) | 관리직원 수 | 현 일자리의 연령에 따른 관행적 퇴직제 존재 여부(신규임금근로자),1,10,"1,2,3,4,5,6,7,8,9,10",raw | structured,21,2,normalized_label,needs_review,
KLoSA,high,KLoSA,w__D114,w__D114 | w__d_com027,w01D114 | w02D114 | w03D114 | w04D114 | w05D114 | w06D114 | w07D114 | w08D114 | w09D114 | w10D114 | w01d_com027 | w02d_com027 | w03d_com027 | w04d_com027 | w05d_com027 | w06d_com027 | w07d_com027 | w08d_com027 | w09d_com027 | w10d_com027,(신규 임금)현 일자리의 관행적 퇴직 만연령(단위: 세) | 현 일자리의 관행적 퇴직 만연령(신규임금근로자)(단위: 세) | 고용형태 | 현 일자리의 관행적 퇴직 만연령(신규임금근로자)(단위: 세),1,10,"1,2,3,4,5,6,7,8,9,10",raw | structured,21,2,normalized_label,needs_review,
KLoSA,high,KLoSA,w__D115,w__D115 | w__d_com028,w01D115 | w02D115 | w03D115 | w04D115 | w05D115 | w06D115 | w07D115 | w08D115 | w09D115 | w10D115 | w02d_com028 | w03d_com028 | w04d_com028 | w05d_com028 | w06d_com028 | w07d_com028 | w08d_com028 | w09d_com028 | w10d_com028,(임금)현 일자리에서의 관리직 여부 | 현 일자리에서의 관리직 여부(임금근로자) | 근로시간형태 | 현 일자리에서의 관리직 여부(임금근로자),1,10,"1,2,3,4,5,6,7,8,9,10",light | structured | raw,29,2,normalized_label,needs_review,
KLoSA,high,KLoSA,w__D116,w__D116 | w__d_com029,w01D116 | w02D116 | w03D116 | w04D116 | w05D116 | w06D116 | w07D116 | w08D116 | w09D116 | w10D116 | w02d_com029 | w03d_com029 | w04d_com029 | w05d_com029 | w06d_com029 | w07d_com029 | w08d_com029 | w09d_com029 | w10d_com029,(임금)현 일자리에서 관리하는 직원의 수 | 현 일자리에서 관리하는 직원의 수(임금근로자) | 근로계약기간의 지정 | 현 일자리에서 관리하는 직원의 수(임금근로자),1,10,"1,2,3,4,5,6,7,8,9,10",raw | structured,20,2,normalized_label,needs_review,
KLoSA,high,KLoSA,w__D128,w__D128 | w__d_com046,w01D128 | w02D128 | w03D128 | w04D128 | w05D128 | w06D128 | w07D128 | w08D128 | w09D128 | w10D128 | w01d_com046 | w02d_com046 | w03d_com046 | w04d_com046 | w05d_com046 | w06d_com046 | w07d_com046 | w08d_com046 | w09d_com046 | w10d_com046,(임금)현 일자리의 금년도 유급휴가일 수(단위: 일) | 현 일자리의 금년도 유급휴가일 수(임금근로자)(단위: 일) | 연령에 따른 관행적 퇴직 여부 | 현 일자리의 금년도 유급휴가일 수(임금근로자)(단위: 일),1,10,"1,2,3,4,5,6,7,8,9,10",raw | structured,21,2,normalized_label,needs_review,
KLoSA,high,KLoSA,w__D129,w__D129 | w__d_com047,w01D129 | w02D129 | w03D129 | w04D129 | w05D129 | w06D129 | w07D129 | w08D129 | w09D129 | w10D129 | w01d_com047 | w02d_com047 | w03d_com047 | w04d_com047 | w05d_com047 | w06d_com047 | w07d_com047 | w08d_com047 | w09d_com047 | w10d_com047,(임금)현 일자리의 금년도 유급병가일 수(단위: 일) | 현 일자리의 금년도 유급병가일 수(임금근로자)(단위: 일) | 관행적 퇴직 연령(w01D128=①의 경우)(단위 : 세) | 현 일자리의 금년도 유급병가일 수(임금근로자)(단위: 일),1,10,"1,2,3,4,5,6,7,8,9,10",raw | structured,21,2,normalized_label,needs_review,
KLoSA,high,KLoSA,w__D131,w__D131 | w__d_com049,w01D131 | w02D131 | w03D131 | w04D131 | w05D131 | w06D131 | w07D131 | w08D131 | w09D131 | w10D131 | w01d_com049 | w02d_com049 | w03d_com049 | w04d_com049 | w05d_com049 | w06d_com049 | w07d_com049 | w08d_com049 | w09d_com049 | w10d_com049,(임금)현 일자리의 임금결정방식 | 현 일자리의 임금결정방식(임금근로자) | 주당 노동일 수(단위 : 일/주) | 현 일자리의 임금결정방식(임금근로자),1,10,"1,2,3,4,5,6,7,8,9,10",light | structured | raw,31,2,normalized_label,needs_review,
KLoSA,high,KLoSA,w__D133,w__D133 | w__D318 | w__D417 | w__d_com051 | w__d_com120,w01D133 | w02D133 | w03D133 | w04D133 | w05D133 | w06D133 | w07D133 | w08D133 | w09D133 | w10D133 | w01D318 | w02D318 | w03D318 | w04D318 | w05D318 | w06D318 | w07D318 | w08D318 | w09D318 | w10D318 | w01D417 | w02D417 | w03D417 | w04D417 | w05D417 | w06D417 | w07D417 | w08D417 | w09D417 | w10D417 | w01d_com051 | w02d_com051 | w03d_com051 | w04d_com051 | w05d_com051 | w06d_com051 | w07d_com051 | w08d_com051 | w09d_com051 | w10d_com051 | w01d_com120 | w02d_com120 | w03d_com120 | w04d_com120 | w05d_com120 | w06d_com120 | w07d_com120 | w08d_com120 | w09d_com120 | w10d_com120,(구직자)구직경로_2순위 | 구직경로(구직자)_2순위 | (임금)현 일자리의 경력/호봉에 따른 자동 임금인상 여부 | 현 일자리의 경력/호봉에 따른 자동 임금인상 여부(임금근로자) | 구직경로(구직자)_2순위 | 현재 근로시간에 대한 생각 | 현 사업장에서 작년 한해동안 건강상의 이유로 결근한 총 일수(무급가족종사자)(단위: | 현 사업장에서 작년 한해동안 건강상의 이유로 결근한 총 일수(무급가족종사자)(단위: 일/년) | 현재 근로시간에 대한 생각 | 현 일자리의 경력/호봉에 따른 자동 임금인상 여부(임금근로자) | 현재근로시간에 대한 생각,1,10,"1,2,3,4,5,6,7,8,9,10",raw | structured,53,5,normalized_label,needs_review,
KLoSA,high,KLoSA,w__D134,w__D134 | w__d_com052,w01D134 | w02D134 | w03D134 | w04D134 | w05D134 | w06D134 | w07D134 | w08D134 | w09D134 | w10D134 | w01d_com052 | w02d_com052 | w03d_com052 | w04d_com052 | w05d_com052 | w06d_com052 | w07d_com052 | w08d_com052 | w09d_com052 | w10d_com052,"(임금)현 일자리의 월평균 임금(단위: 만원) | 현 일자리의 월평균 임금(임금근로자)(단위: 만원) | [세후]현 일자리의 월평균 임금(임금근로자)(단위: 만원) | w01D133=①선택 경우, 소득이 줄더라도 근로시간을 줄이고 싶다는 생각 | 현 일자리의 월평균 임금(임금근로자)(단위: 만원)",1,10,"1,2,3,4,5,6,7,8,9,10",light | structured | raw,31,2,normalized_label,needs_review,
KLoSA,high,KLoSA,w__D134_01,w__D134_01 | w__d_com052_1,w04D134_01 | w05D134_01 | w06D134_01 | w07D134_01 | w08D134_01 | w09D134_01 | w10D134_01 | w04d_com052_1 | w05d_com052_1 | w06d_com052_1 | w07d_com052_1 | w08d_com052_1 | w09d_com052_1 | w10d_com052_1,(임금)[세전]현 일자리의 월평균 임금(단위: 만원) | [세전]현 일자리의 월평균 임금(임금근로자)(단위: 만원) | [세전]현 일자리의 월평균 임금(임금근로자)(단위: 만원),4,10,"4,5,6,7,8,9,10",light | structured | raw,22,2,normalized_label,needs_review,
KLoSA,high,KLoSA,w__D135,w__D135 | w__d_com053,w01D135 | w02D135 | w03D135 | w04D135 | w05D135 | w06D135 | w07D135 | w08D135 | w09D135 | w10D135 | w01d_com053 | w02d_com053 | w03d_com053 | w04d_com053 | w05d_com053 | w06d_com053 | w07d_com053 | w08d_com053 | w09d_com053 | w10d_com053,(임금)현 일자리에서의 공적연금 가입여부 | 현 일자리에서의 공적연금 가입여부(임금근로자) | 근로시간의 감축형태 | 현 일자리에서의 공적연금 가입여부(임금근로자),1,10,"1,2,3,4,5,6,7,8,9,10",light | structured | raw,31,2,normalized_label,needs_review,
KLoSA,high,KLoSA,w__D136,w__D136 | w__d_com054,w01D136 | w02D136 | w03D136 | w04D136 | w05D136 | w06D136 | w07D136 | w08D136 | w09D136 | w10D136 | w01d_com054 | w02d_com054 | w03d_com054 | w04d_com054 | w05d_com054 | w06d_com054 | w07d_com054 | w08d_com054 | w09d_com054 | w10d_com054,(임금)현 일자리에서의 건강보험(의료보험) 가입여부 | 현 일자리에서의 건강보험(의료보험) 가입여부(임금근로자) | 주당 희망 단축시간(단위 : 시간) | 현 일자리에서의 건강보험(의료보험) 가입여부(임금근로자),1,10,"1,2,3,4,5,6,7,8,9,10",light | structured | raw,31,2,normalized_label,needs_review,
KLoSA,high,KLoSA,w__D137,w__D137 | w__d_com055,w01D137 | w02D137 | w03D137 | w04D137 | w05D137 | w06D137 | w07D137 | w08D137 | w09D137 | w10D137 | w01d_com055 | w02d_com055 | w03d_com055 | w04d_com055 | w05d_com055 | w06d_com055 | w07d_com055 | w08d_com055 | w09d_com055 | w10d_com055,(임금)현 일자리에서의 고용보험 가입여부 | 현 일자리에서의 고용보험 가입여부(임금근로자) | 현 일자리에서의 고용보험 가입여부(임금근로자) | 희망 근로 단축시간의 (단위 : %),1,10,"1,2,3,4,5,6,7,8,9,10",light | structured | raw,31,2,normalized_label,needs_review,
KLoSA,high,KLoSA,w__D138,w__D138 | w__d_com056,w01D138 | w02D138 | w03D138 | w04D138 | w05D138 | w06D138 | w07D138 | w08D138 | w09D138 | w10D138 | w01d_com056 | w02d_com056 | w03d_com056 | w04d_com056 | w05d_com056 | w06d_com056 | w07d_com056 | w08d_com056 | w09d_com056 | w10d_com056,(임금)현 일자리에서의 산재보험 가입여부 | 현 일자리에서의 산재보험 가입여부(임금근로자) | 근로시간 감축에 따른 소득 감소 수용정도 | 현 일자리에서의 산재보험 가입여부(임금근로자),1,10,"1,2,3,4,5,6,7,8,9,10",light | structured | raw,31,2,normalized_label,needs_review,
KLoSA,high,KLoSA,w__D139,w__D139 | w__d_com057,w01D139 | w02D139 | w03D139 | w04D139 | w05D139 | w06D139 | w07D139 | w08D139 | w09D139 | w10D139 | w01d_com057 | w02d_com057 | w03d_com057 | w04d_com057 | w05d_com057 | w06d_com057 | w07d_com057 | w08d_com057 | w09d_com057 | w10d_com057,(임금)현 일자리에서 적용되는 법정퇴직금제도 | 현 일자리에서 적용되는 법정퇴직금제도(임금근로자) | 수용가능한 주당 소득감소정도(단위 : 만원) | 현 일자리에서 적용되는 법정퇴직금제도(임금근로자),1,10,"1,2,3,4,5,6,7,8,9,10",light | structured | raw,31,2,normalized_label,needs_review,
KLoSA,high,KLoSA,w__D140,w__D140 | w__d_com058,w01D140 | w02D140 | w03D140 | w04D140 | w05D140 | w06D140 | w07D140 | w08D140 | w09D140 | w10D140 | w01d_com058 | w02d_com058 | w03d_com058 | w04d_com058 | w05d_com058 | w06d_com058 | w07d_com058 | w08d_com058 | w09d_com058 | w10d_com058,(임금)현 일자리에서 퇴직금 중간정산 경험 여부 | 현 일자리에서 퇴직금 중간정산 경험 여부(임금근로자) | 수용가능한 소득감소 (단위 : %) | 현 일자리에서 퇴직금 중간정산 경험 여부(임금근로자),1,10,"1,2,3,4,5,6,7,8,9,10",raw | structured,21,2,normalized_label,needs_review,
KLoSA,high,KLoSA,w__D141,w__D141 | w__d_com059,w01D141 | w02D141 | w03D141 | w04D141 | w05D141 | w06D141 | w07D141 | w08D141 | w09D141 | w10D141 | w01d_com059 | w02d_com059 | w03d_com059 | w04d_com059 | w05d_com059 | w06d_com059 | w07d_com059 | w08d_com059 | w09d_com059 | w10d_com059,"(임금)현 일자리에서 퇴직금 중간정산 시기(단위: 년4자리+월2자리) | 현 일자리에서 퇴직금 중간정산 시기(임금근로자) (단위: 년4자리+월2자리) | w01D133=⑤의 경우, 근로시간 및 기간의 연장에 대한 생각 | 현 일자리에서 퇴직금 중간정산 시기(임금근로자) (단위: 년4자리+월2자리)",1,10,"1,2,3,4,5,6,7,8,9,10",raw | structured,21,2,normalized_label,needs_review,
KLoSA,high,KLoSA,w__D141m,w__D141m | w__d_com059m,w01d_com059m | w02d_com059m | w03d_com059m | w04d_com059m | w05d_com059m | w06d_com059m | w07d_com059m | w08d_com059m | w09d_com059m | w10d_com059m | w02D141m | w03D141m | w04D141m | w05D141m | w06D141m | w07D141m | w08D141m | w09D141m | w10D141m,(임금)현 일자리에서 퇴직금 중간정산 시기(단위: 월2자리) | 현 일자리에서 퇴직금 중간정산 시기(임금근로자) (단위: 월2자리) | 현 일자리에서 퇴직금 중간정산 시기(임금근로자) (단위: 월2자리),1,10,"1,2,3,4,5,6,7,8,9,10",raw | structured,20,2,normalized_label,needs_review,
KLoSA,high,KLoSA,w__D141y,w__D141y | w__d_com059y,w01d_com059y | w02d_com059y | w03d_com059y | w04d_com059y | w05d_com059y | w06d_com059y | w07d_com059y | w08d_com059y | w09d_com059y | w10d_com059y | w02D141y | w03D141y | w04D141y | w05D141y | w06D141y | w07D141y | w08D141y | w09D141y | w10D141y,(임금)현 일자리에서 퇴직금 중간정산 시기(단위: 년4자리) | 현 일자리에서 퇴직금 중간정산 시기(임금근로자) (단위: 년4자리) | 현 일자리에서 퇴직금 중간정산 시기(임금근로자) (단위: 년4자리),1,10,"1,2,3,4,5,6,7,8,9,10",raw | structured,20,2,normalized_label,needs_review,
KLoSA,high,KLoSA,w__D142,w__D142 | w__d_com060,w01D142 | w02D142 | w03D142 | w04D142 | w05D142 | w06D142 | w07D142 | w08D142 | w09D142 | w10D142 | w01d_com060 | w02d_com060 | w03d_com060 | w04d_com060 | w05d_com060 | w06d_com060 | w07d_com060 | w08d_com060 | w09d_com060 | w10d_com060,(임금)현 일자리의 퇴직연금 종류 | 현 일자리의 퇴직연금 종류(임금근로자) | 근로시간의 연장형태 | 현 일자리의 퇴직연금 종류(임금근로자),1,10,"1,2,3,4,5,6,7,8,9,10",light | structured | raw,31,2,normalized_label,needs_review,
KLoSA,high,KLoSA,w__D143,w__D143 | w__d_com061,w01D143 | w02D143 | w03D143 | w04D143 | w05D143 | w06D143 | w07D143 | w08D143 | w09D143 | w10D143 | w01d_com061 | w02d_com061 | w03d_com061 | w04d_com061 | w05d_com061 | w06d_com061 | w07d_com061 | w08d_com061 | w09d_com061 | w10d_com061,(임금)현 일자리에서 제공되는 복리후생_식비보조 | 현 일자리에서 제공되는 복리후생_식비보조(임금근로자) | 주당 희망 연장시간(단위 : 시간) | 현 일자리에서 제공되는 복리후생_식비보조(임금근로자),1,10,"1,2,3,4,5,6,7,8,9,10",raw | structured,21,2,normalized_label,needs_review,
KLoSA,high,KLoSA,w__D144,w__D144 | w__d_com062,w01D144 | w02D144 | w03D144 | w04D144 | w05D144 | w06D144 | w07D144 | w08D144 | w09D144 | w10D144 | w01d_com062 | w02d_com062 | w03d_com062 | w04d_com062 | w05d_com062 | w06d_com062 | w07d_com062 | w08d_com062 | w09d_com062 | w10d_com062,(임금)현 일자리에서 제공되는 복리후생_자녀학비 보조 | 현 일자리에서 제공되는 복리후생_자녀학비 보조(임금근로자) | 현 일자리에서 제공되는 복리후생_자녀학비 보조(임금근로자) | 희망 근로 연장시간의 (단위 : %),1,10,"1,2,3,4,5,6,7,8,9,10",raw | structured,21,2,normalized_label,needs_review,
KLoSA,high,KLoSA,w__D145,w__D145 | w__D330 | w__d_com063,w01D145 | w02D145 | w03D145 | w04D145 | w05D145 | w06D145 | w07D145 | w08D145 | w09D145 | w10D145 | w01D330 | w02D330 | w03D330 | w04D330 | w05D330 | w06D330 | w07D330 | w08D330 | w09D330 | w10D330 | w01d_com063 | w02d_com063 | w03d_com063 | w04d_com063 | w05d_com063 | w06d_com063 | w07d_com063 | w08d_com063 | w09d_com063 | w10d_com063,"""근로연장시간에 따른 희망 소득증액형태"" | 현 사업장에 대한 전반적인 만족도(무급가족종사자) | (임금)현 일자리에서 제공되는 복리후생_주택자금 융자 | 현 일자리에서 제공되는 복리후생_주택자금 융자(임금근로자) | 근로연장시간에 따른 희망 소득증액형태 | 현 일자리에서 제공되는 복리후생_주택자금 융자(임금근로자)",1,10,"1,2,3,4,5,6,7,8,9,10",raw | structured,32,3,normalized_label,needs_review,
KLoSA,high,KLoSA,w__D146,w__D146 | w__D331 | w__d_com064 | w__d_com103,w01D146 | w02D146 | w03D146 | w04D146 | w05D146 | w06D146 | w07D146 | w08D146 | w09D146 | w10D146 | w01D331 | w02D331 | w03D331 | w04D331 | w05D331 | w06D331 | w07D331 | w08D331 | w09D331 | w10D331 | w01d_com064 | w02d_com064 | w03d_com064 | w04d_com064 | w05d_com064 | w06d_com064 | w07d_com064 | w08d_com064 | w09d_com064 | w10d_com064 | w01d_com103 | w02d_com103 | w03d_com103 | w04d_com103 | w05d_com103 | w06d_com103 | w07d_com103 | w08d_com103 | w09d_com103 | w10d_com103,(무급가족)가계 수입 기여도 | 가계 수입 기여도(무급가족종사자) | (임금)현 일자리에서 제공되는 복리후생_휴업보상비 제공 | 현 일자리에서 제공되는 복리후생_휴업보상비 제공(임금근로자) | 가계 수입 기여도(무급가족종사자) | 주당 희망 증액(단위 : 만원) | 주당 희망 증액(단위 : 만원) | 현 일자리에서 제공되는 복리후생_휴업보상비 제공(임금근로자),1,10,"1,2,3,4,5,6,7,8,9,10",raw | structured,42,4,normalized_label,needs_review,
KLoSA,high,KLoSA,w__D147,w__D147 | w__D332 | w__d_com065,w01D147 | w02D147 | w03D147 | w04D147 | w05D147 | w06D147 | w07D147 | w08D147 | w09D147 | w10D147 | w01D332 | w02D332 | w03D332 | w04D332 | w05D332 | w06D332 | w07D332 | w08D332 | w09D332 | w10D332 | w01d_com065 | w02d_com065 | w03d_com065 | w04d_com065 | w05d_com065 | w06d_com065 | w07d_com065 | w08d_com065 | w09d_com065 | w10d_com065,(임금)현 일자리에서 제공되는 복리후생_개인연금 보험료 지원 | 현 일자리에서 제공되는 복리후생_개인연금 보험료 지원(임금근로자) | 근로소득의 (단위 : %) | 현 사업장의 적합도(무급가족종사자)_교육수준 | 근로소득의 (단위 : %) | 현 일자리에서 제공되는 복리후생_개인연금 보험료 지원(임금근로자),1,10,"1,2,3,4,5,6,7,8,9,10",raw | structured,32,3,normalized_label,needs_review,
KLoSA,high,KLoSA,w__D148,w__D148 | w__d_com066,w01D148 | w02D148 | w03D148 | w04D148 | w05D148 | w06D148 | w07D148 | w08D148 | w09D148 | w10D148 | w01d_com066 | w02d_com066 | w03d_com066 | w04d_com066 | w05d_com066 | w06d_com066 | w07d_com066 | w08d_com066 | w09d_com066 | w10d_com066,(임금)현 일자리의 노동조합 유무 | 현 일자리의 노동조합 유무(임금근로자) | 지정 정기휴무일 여부 | 현 일자리의 노동조합 유무(임금근로자),1,10,"1,2,3,4,5,6,7,8,9,10",light | structured | raw,31,2,normalized_label,needs_review,
KLoSA,high,KLoSA,w__D149,w__D149 | w__d_com067,w01D149 | w02D149 | w03D149 | w04D149 | w05D149 | w06D149 | w07D149 | w08D149 | w09D149 | w10D149 | w01d_com067 | w02d_com067 | w03d_com067 | w04d_com067 | w05d_com067 | w06d_com067 | w07d_com067 | w08d_com067 | w09d_com067 | w10d_com067,(임금)현 일자리에서의 노동조합 가입자격 여부 | 현 일자리에서의 노동조합 가입자격 여부(임금근로자) | 한 해 유급으로 주어지는 총 휴가일(단위 : 일/년) *유급 휴가일이 없는 경우 0으로 | 현 일자리에서의 노동조합 가입자격 여부(임금근로자),1,10,"1,2,3,4,5,6,7,8,9,10",raw | structured,21,2,normalized_label,needs_review,
KLoSA,high,KLoSA,w__D150,w__D150 | w__d_com068,w01D150 | w02D150 | w03D150 | w04D150 | w05D150 | w06D150 | w07D150 | w08D150 | w09D150 | w10D150 | w01d_com068 | w02d_com068 | w03d_com068 | w04d_com068 | w05d_com068 | w06d_com068 | w07d_com068 | w08d_com068 | w09d_com068 | w10d_com068,(임금)현 일자리에서 노동조합 가입 여부 | 현 일자리에서 노동조합 가입 여부(임금근로자) | 한 해 사용가능한 유급 병가일 수(단위 : 일/년) | 현 일자리에서 노동조합 가입 여부(임금근로자),1,10,"1,2,3,4,5,6,7,8,9,10",light | structured | raw,31,2,normalized_label,needs_review,
KLoSA,high,KLoSA,w__D151,w__D151 | w__d_com069,w01D151 | w02D151 | w03D151 | w04D151 | w05D151 | w06D151 | w07D151 | w08D151 | w09D151 | w10D151 | w01d_com069 | w02d_com069 | w03d_com069 | w04d_com069 | w05d_com069 | w06d_com069 | w07d_com069 | w08d_com069 | w09d_com069 | w10d_com069,(임금)현 일자리에서 노동조합 가입시 의무적 가입여부 | 현 일자리에서 노동조합 가입시 의무적 가입여부(임금근로자) | 건강이유로 인한 결근 총 일수 (단위 : 일/년) | 현 일자리에서 노동조합 가입시 의무적 가입여부(임금근로자),1,10,"1,2,3,4,5,6,7,8,9,10",raw | structured,21,2,normalized_label,needs_review,
KLoSA,high,KLoSA,w__D152,w__D152 | w__d_com070,w01D152 | w02D152 | w03D152 | w04D152 | w05D152 | w06D152 | w07D152 | w08D152 | w09D152 | w10D152 | w01d_com070 | w02d_com070 | w03d_com070 | w04d_com070 | w05d_com070 | w06d_com070 | w07d_com070 | w08d_com070 | w09d_com070 | w10d_com070,(임금)현 일자리에서 노동조합에 가입하지 않은 이유 | 현 일자리에서 노동조합에 가입하지 않은 이유(임금근로자) | 임금결정 방식 | 현 일자리에서 노동조합에 가입하지 않은 이유(임금근로자),1,10,"1,2,3,4,5,6,7,8,9,10",raw | structured,21,2,normalized_label,needs_review,
KLoSA,high,KLoSA,w__D154,w__D154 | w__d_com072,w01D154 | w02D154 | w03D154 | w04D154 | w05D154 | w06D154 | w07D154 | w08D154 | w09D154 | w10D154 | w01d_com072 | w02d_com072 | w03d_com072 | w04d_com072 | w05d_com072 | w06d_com072 | w07d_com072 | w08d_com072 | w09d_com072 | w10d_com072,(임금)현 일자리에 노동조합이 있을 경우 가입 의사 여부 | 현 일자리에 노동조합이 있을 경우 가입 의사 여부(임금근로자) | 경력 및 호봉에 따른 자동 임금인상 | 현 일자리에 노동조합이 있을 경우 가입 의사 여부(임금근로자),1,10,"1,2,3,4,5,6,7,8,9,10",raw | structured,21,2,normalized_label,needs_review,
KLoSA,high,KLoSA,w__D163,w__D163 | w__d_com081,w01D163 | w02D163 | w03D163 | w04D163 | w05D163 | w06D163 | w07D163 | w08D163 | w09D163 | w10D163 | w01d_com081 | w02d_com081 | w03d_com081 | w04d_com081 | w05d_com081 | w06d_com081 | w07d_com081 | w08d_com081 | w09d_com081 | w10d_com081,(임금)현 일자리의 승진시 연공서열 중시정도 | 현 일자리의 승진시 연공서열 중시정도(임금근로자) | 적용되는 퇴직연금 종류 | 현 일자리의 승진시 연공서열 중시정도(임금근로자),1,10,"1,2,3,4,5,6,7,8,9,10",light | structured | raw,31,2,normalized_label,needs_review,
KLoSA,high,KLoSA,w__D164,w__D164 | w__d_com082,w01D164 | w02D164 | w03D164 | w04D164 | w05D164 | w06D164 | w07D164 | w08D164 | w09D164 | w10D164 | w01d_com082 | w02d_com082 | w03d_com082 | w04d_com082 | w05d_com082 | w06d_com082 | w07d_com082 | w08d_com082 | w09d_com082 | w10d_com082,(임금)현 일자리 동료들의 고령자 조기은퇴 분위기 조성정도 | 현 일자리 동료들의 고령자 조기은퇴 분위기 조성정도(임금근로자) | 식비보조 | 현 일자리 동료들의 고령자 조기은퇴 분위기 조성정도(임금근로자),1,10,"1,2,3,4,5,6,7,8,9,10",light | structured | raw,31,2,normalized_label,needs_review,
KLoSA,high,KLoSA,w__D165,w__D165 | w__d_com083,w01D165 | w02D165 | w03D165 | w04D165 | w05D165 | w06D165 | w07D165 | w08D165 | w09D165 | w10D165 | w01d_com083 | w02d_com083 | w03d_com083 | w04d_com083 | w05d_com083 | w06d_com083 | w07d_com083 | w08d_com083 | w09d_com083 | w10d_com083,(임금)현 일자리 고용주의 임금 및 업무조정에 대한 고령자 요구 수용정도 | 현 일자리 고용주의 임금 및 업무조정에 대한 고령자 요구 수용정도(임금근로자) | 자녀학비보조 | 현 일자리 고용주의 임금 및 업무조정에 대한 고령자 요구 수용정도(임금근로자),1,10,"1,2,3,4,5,6,7,8,9,10",raw | structured,21,2,normalized_label,needs_review,
KLoSA,high,KLoSA,w__D176,w__D176 | w__D335 | w__D428 | w__d_com131,w01D176 | w02D176 | w03D176 | w04D176 | w05D176 | w06D176 | w07D176 | w08D176 | w09D176 | w10D176 | w01D335 | w02D335 | w03D335 | w04D335 | w05D335 | w06D335 | w07D335 | w08D335 | w09D335 | w10D335 | w01D428 | w02D428 | w03D428 | w04D428 | w05D428 | w06D428 | w07D428 | w08D428 | w09D428 | w10D428 | w01d_com131 | w02d_com131 | w03d_com131 | w04d_com131 | w05d_com131 | w06d_com131 | w07d_com131 | w08d_com131 | w09d_com131 | w10d_com131,(구직자)구직시 어려움_일자리 부족 | 구직시 어려움(구직자)_일자리 부족 | 구직시 어려움(구직자)_일자리 부족 | 업무수행에 육체적 힘이 많이 필요 | 업무수행에 육체적 힘이 많이 필요 | 희망하는 일자리(무급가족종사자)_고용형태 | 업무수행에 육체적 힘이 많이 필요 | 희망하는 일자리(임금근로자)_직종,1,10,"1,2,3,4,5,6,7,8,9,10",raw | structured,43,4,normalized_label,needs_review,
KLoSA,high,KLoSA,w__D177,w__D177 | w__D336 | w__D429 | w__d_com132,w01D177 | w02D177 | w03D177 | w04D177 | w05D177 | w06D177 | w07D177 | w08D177 | w09D177 | w10D177 | w01D336 | w02D336 | w03D336 | w04D336 | w05D336 | w06D336 | w07D336 | w08D336 | w09D336 | w10D336 | w01D429 | w02D429 | w03D429 | w04D429 | w05D429 | w06D429 | w07D429 | w08D429 | w09D429 | w10D429 | w01d_com132 | w02d_com132 | w03d_com132 | w04d_com132 | w05d_com132 | w06d_com132 | w07d_com132 | w08d_com132 | w09d_com132 | w10d_com132,(구직자)구직시 어려움_취업 정보 부족 | 구직시 어려움(구직자)_취업 정보 부족 | 구직시 어려움(구직자)_취업 정보 부족 | 무거운 짐을 드는 것이 필요 | 무거운 짐을 드는 것이 필요 | 희망하는 일자리(무급가족종사자)_직종 | 무거운 짐을 드는 것이 필요 | 희망하는 일자리(임금근로자)_최소 월평균 임금 또는 소득,1,10,"1,2,3,4,5,6,7,8,9,10",raw | structured,43,4,normalized_label,needs_review,
KLoSA,high,KLoSA,w__D178,w__D178 | w__D337 | w__D430 | w__d_com133,w01D178 | w02D178 | w03D178 | w04D178 | w05D178 | w06D178 | w07D178 | w08D178 | w09D178 | w10D178 | w01D337 | w02D337 | w03D337 | w04D337 | w05D337 | w06D337 | w07D337 | w08D337 | w09D337 | w10D337 | w01D430 | w02D430 | w03D430 | w04D430 | w05D430 | w06D430 | w07D430 | w08D430 | w09D430 | w10D430 | w01d_com133 | w02d_com133 | w03d_com133 | w04d_com133 | w05d_com133 | w06d_com133 | w07d_com133 | w08d_com133 | w09d_com133 | w10d_com133,"(구직자)구직시 어려움_학력, 기술, 기능의 취약 | 구직시 어려움(구직자)_학력, 기술, 기능의 취약 | 구직시 어려움(구직자)_학력, 기술, 기능의 취약 | 상체굽히기/무릎꿇기/쭈그리고 않기등의 자세필요 | 상체굽히기/무릎꿇기/쭈그리고 않기등의 자세필요 | 은퇴 계획 (만)연령(임금근로자)(단위: 세) | 상체굽히기/무릎꿇기/쭈그리고 않기등의 자세필요 | 희망하는 일자리(무급가족종사자)_최소 월평균 임금 또는 소득",1,10,"1,2,3,4,5,6,7,8,9,10",raw | structured,43,4,normalized_label,needs_review,
KLoSA,high,KLoSA,w__D179,w__D179 | w__D338 | w__D431 | w__d_com134,w01D179 | w02D179 | w03D179 | w04D179 | w05D179 | w06D179 | w07D179 | w08D179 | w09D179 | w10D179 | w01D338 | w02D338 | w03D338 | w04D338 | w05D338 | w06D338 | w07D338 | w08D338 | w09D338 | w10D338 | w01D431 | w02D431 | w03D431 | w04D431 | w05D431 | w06D431 | w07D431 | w08D431 | w09D431 | w10D431 | w01d_com134 | w02d_com134 | w03d_com134 | w04d_com134 | w05d_com134 | w06d_com134 | w07d_com134 | w08d_com134 | w09d_com134 | w10d_com134,(구직자)구직시 어려움_경험 부족 | 구직시 어려움(구직자)_경험 부족 | 구직시 어려움(구직자)_경험 부족 | 좋은 시력이 필요 | 은퇴 계획 (만)연령(무급가족종사자)(단위: 세) | 좋은 시력이 필요 | 좋은 시력이 필요 | 현재의 주된 일자리 이외 부업/아르바이트 여부(임금근로자),1,10,"1,2,3,4,5,6,7,8,9,10",raw | structured,43,4,normalized_label,needs_review,
KLoSA,high,KLoSA,w__D180,w__D180 | w__D339 | w__D432 | w__d_com135,w01D180 | w02D180 | w03D180 | w04D180 | w05D180 | w06D180 | w07D180 | w08D180 | w09D180 | w10D180 | w01D339 | w02D339 | w03D339 | w04D339 | w05D339 | w06D339 | w07D339 | w08D339 | w09D339 | w10D339 | w01D432 | w02D432 | w03D432 | w04D432 | w05D432 | w06D432 | w07D432 | w08D432 | w09D432 | w10D432 | w01d_com135 | w02d_com135 | w03d_com135 | w04d_com135 | w05d_com135 | w06d_com135 | w07d_com135 | w08d_com135 | w09d_com135 | w10d_com135,(구직자)구직시 어려움_제시되는 일자리의 적은 수입 | 구직시 어려움(구직자)_제시되는 일자리의 적은 수입 | 구직시 어려움(구직자)_제시되는 일자리의 적은 수입 | 높은 집중력 및 주의 필요 | 높은 집중력 및 주의 필요 | 현재 주된 일자리를 포함한 일자리 수(임금근로자)(단위: 개) | 높은 집중력 및 주의 필요 | 현재의 주된 일자리 이외 부업/아르바이트 여부(무급가족종사자),1,10,"1,2,3,4,5,6,7,8,9,10",raw | structured,43,4,normalized_label,needs_review,
KLoSA,high,KLoSA,w__D181,w__D181 | w__D340 | w__D433 | w__d_com136,w01D181 | w02D181 | w03D181 | w04D181 | w05D181 | w06D181 | w07D181 | w08D181 | w09D181 | w10D181 | w01D340 | w02D340 | w03D340 | w04D340 | w05D340 | w06D340 | w07D340 | w08D340 | w09D340 | w10D340 | w01D433 | w02D433 | w03D433 | w04D433 | w05D433 | w06D433 | w07D433 | w08D433 | w09D433 | w10D433 | w01d_com136 | w02d_com136 | w03d_com136 | w04d_com136 | w05d_com136 | w06d_com136 | w07d_com136 | w08d_com136 | w09d_com136 | w10d_com136,(구직자)구직시 어려움_근로환경 또는 근로시간의 부적합성 | 구직시 어려움(구직자)_근로환경 또는 근로시간의 부적합성 | 구직시 어려움(구직자)_근로환경 또는 근로시간의 부적합성 | 리더쉽 필요 | 리더쉽 필요 | 주된 일자리 이외 부업/아르바이트를 하는 이유(임금근로자) | 리더쉽 필요 | 현재 주된 일자리를 포함한 일자리 수(무급가족종사자)(단위: 개),1,10,"1,2,3,4,5,6,7,8,9,10",raw | structured,43,4,normalized_label,needs_review,
KLoSA,high,KLoSA,w__D182,w__D182 | w__D341 | w__D434 | w__d_com137,w01D182 | w04D182 | w08D182 | w09D182 | w10D182 | w01D341 | w02D341 | w03D341 | w04D341 | w05D341 | w06D341 | w07D341 | w08D341 | w09D341 | w10D341 | w01D434 | w02D434 | w03D434 | w04D434 | w05D434 | w06D434 | w07D434 | w08D434 | w09D434 | w10D434 | w01d_com137 | w02d_com137 | w03d_com137 | w04d_com137 | w05d_com137 | w06d_com137 | w07d_com137 | w08d_com137 | w09d_com137 | w10d_com137,(구직자)구직시 어려움_고령에 따른 취업제한 | 구직시 어려움(구직자)_고령에 따른 취업제한 | 구직시 어려움(구직자)_고령에 따른 취업제한 | 컴퓨터 활용능력 필요 | 기타 이유(임금근로자) | 컴퓨터 활용능력 필요 | 주된 일자리 이외 부업/아르바이트를 하는 이유(무급가족종사자) | 컴퓨터 활용능력 필요,1,10,"1,2,3,4,5,6,7,8,9,10",light | structured | raw,47,4,normalized_label,needs_review,
KLoSA,high,KLoSA,w__D183,w__D183 | w__D342 | w__D435 | w__d_com138,w01D183 | w02D183 | w03D183 | w04D183 | w05D183 | w06D183 | w07D183 | w08D183 | w09D183 | w10D183 | w01D342 | w04D342 | w08D342 | w09D342 | w10D342 | w01D435 | w02D435 | w03D435 | w04D435 | w05D435 | w06D435 | w07D435 | w08D435 | w09D435 | w10D435 | w01d_com138 | w02d_com138 | w03d_com138 | w04d_com138 | w05d_com138 | w06d_com138 | w07d_com138 | w08d_com138 | w09d_com138 | w10d_com138,(여성구직자)구직시 어려움_여성에 대한 취업제한 | 구직시 어려움(여성구직자)_여성에 대한 취업제한 | 구직시 어려움(여성구직자)_여성에 대한 취업제한 | 예전보다 더 어려운 업무 요구 | 기타 이유(무급가족종사자) | 예전보다 더 어려운 업무 요구 | 부업/아르바이트의 주당 평균 근로시간(임금근로자) | 예전보다 더 어려운 업무 요구,1,10,"1,2,3,4,5,6,7,8,9,10",light | structured | raw,47,4,normalized_label,needs_review,
KLoSA,high,KLoSA,w__D184_04_2nd,w__D184_04_2nd | w__D255_02_2nd | w__D344_02_2nd,w06D255_02_2nd | w07D255_02_2nd | w08D255_02_2nd | w09D255_02_2nd | w10D255_02_2nd | w08D184_04_2nd | w09D184_04_2nd | w10D184_04_2nd | w08D344_02_2nd | w09D344_02_2nd | w10D344_02_2nd,근로 지속 이유(2순위)_기타 | 근로 지속 이유(2순위)_기타 | 근로 지속 이유(2순위)_기타(임금근로자) | 근로 지속 이유(2순위)_기타 | 근로 지속 이유(2순위)_기타(자영업자),6,10,"6,7,8,9,10",raw,11,3,normalized_label,needs_review,
KLoSA,high,KLoSA,w__D184_05,w__D184_05 | w__D255_03 | w__D344_03 | w__D436_01 | w__D611_01 | w__d_com163,w06D184_05 | w07D184_05 | w08D184_05 | w09D184_05 | w10D184_05 | w06D255_03 | w07D255_03 | w08D255_03 | w09D255_03 | w10D255_03 | w06D344_03 | w07D344_03 | w08D344_03 | w09D344_03 | w10D344_03 | w06D436_01 | w07D436_01 | w08D436_01 | w09D436_01 | w10D436_01 | w06D611_01 | w07D611_01 | w08D611_01 | w09D611_01 | w10D611_01 | w06d_com163 | w07d_com163 | w08d_com163 | w09d_com163 | w10d_com163,작년 한해 공공 일자리 사업 참여 여부 | 작년 한해 공공 일자리 사업 참여 여부 | 작년 한해 공공 일자리 사업 참여 여부(구직자) | 작년 한해 공공 일자리 사업 참여 여부 | 작년 한해 공공 일자리 사업 참여 여부(무급가족종사자) | 작년 한해 공공 일자리 사업 참여 여부 | 작년 한해 공공 일자리 사업 참여 여부(소일거리) | 작년 한해 공공 일자리 사업 참여 여부 | 작년 한해 공공 일자리 사업 참여 여부(임금근로자) | 작년 한해 공공 일자리 사업 참여 여부 | 작년 한해 공공 일자리 사업 참여 여부(자영업자),6,10,"6,7,8,9,10",raw | structured,30,6,normalized_label,needs_review,
KLoSA,high,KLoSA,w__D184_06,w__D184_06 | w__D255_04 | w__D344_04 | w__D436_02 | w__D611_02 | w__d_com164,w06D184_06 | w07D184_06 | w08D184_06 | w09D184_06 | w10D184_06 | w06D255_04 | w07D255_04 | w08D255_04 | w09D255_04 | w10D255_04 | w06D344_04 | w07D344_04 | w08D344_04 | w09D344_04 | w10D344_04 | w06D436_02 | w07D436_02 | w08D436_02 | w09D436_02 | w10D436_02 | w06D611_02 | w07D611_02 | w08D611_02 | w09D611_02 | w10D611_02 | w06d_com164 | w07d_com164 | w08d_com164 | w09d_com164 | w10d_com164,작년 한해 공공 일자리 참여사업 종류 | 작년 한해 공공 일자리 참여사업 종류 | 작년 한해 공공 일자리 참여사업 종류(구직자) | 작년 한해 공공 일자리 참여사업 종류 | 작년 한해 공공 일자리 참여사업 종류(무급가족종사자) | 작년 한해 공공 일자리 참여사업 종류 | 작년 한해 공공 일자리 참여사업 종류(소일거리) | 작년 한해 공공 일자리 참여사업 종류 | 작년 한해 공공 일자리 참여사업 종류(임금근로자) | 작년 한해 공공 일자리 참여사업 종류 | 작년 한해 공공 일자리 참여사업 종류(자영업자),6,10,"6,7,8,9,10",raw | structured,30,6,normalized_label,needs_review,
KLoSA,high,KLoSA,w__D184_07,w__D184_07 | w__D255_05 | w__D344_05 | w__D436_03 | w__D611_03,w07D255_05 | w08D255_05 | w09D255_05 | w10D255_05 | w07D436_03 | w08D436_03 | w09D436_03 | w10D436_03 | w07D611_03 | w08D611_03 | w09D611_03 | w10D611_03 | w08D184_07 | w09D184_07 | w10D184_07 | w08D344_05 | w09D344_05 | w10D344_05,작년 한해 공공 일자리 참여사업 종류_기타 | 작년 한해 공공 일자리 참여사업 종류_기타(구직자) | 작년 한해 공공 일자리 참여사업 종류_기타 | 작년 한해 공공 일자리 참여사업 종류_기타(무급가족종사자) | 작년 한해 공공 일자리 참여사업 종류_기타 | 작년 한해 공공 일자리 참여사업 종류_기타(소일거리) | 작년 한해 공공 일자리 참여사업 종류_기타 | 작년 한해 공공 일자리 참여사업 종류_기타(임금근로자) | 작년 한해 공공 일자리 참여사업 종류_기타 | 작년 한해 공공 일자리 참여사업 종류_기타(자영업자),7,10,"7,8,9,10",raw,18,5,normalized_label,needs_review,
KLoSA,high,KLoSA,w__D189,w__D189 | w__D345 | w__D436,w01D189 | w01D345 | w02D345 | w04D345 | w06D345 | w07D345 | w08D345 | w09D345 | w10D345 | w01D436 | w02D436 | w03D436 | w04D436 | w05D436 | w06D436 | w07D436 | w08D436 | w09D436 | w10D436,D3 도움정도 | 근무환경 만족도 | 근무환경 만족도 | 근무환경 만족도 | 은퇴계획연령(구직자),1,10,"1,2,3,4,5,6,7,8,9,10",raw | raw | structured,23,3,normalized_label,needs_review,
KLoSA,high,KLoSA,w__D190,w__D190 | w__D346 | w__D437,w01D190 | w01D346 | w02D346 | w04D346 | w06D346 | w07D346 | w08D346 | w09D346 | w10D346 | w01D437 | w02D437 | w04D437 | w06D437 | w07D437 | w08D437 | w09D437 | w10D437,D3 대리인관계 | 업무내용 만족도 | D4 도움정도 | 업무내용 만족도 | 업무내용 만족도,1,10,"1,2,4,6,7,8,9,10",raw | raw | structured,23,3,normalized_label,needs_review,
KLoSA,high,KLoSA,w__D191,w__D191 | w__D347 | w__D438,w01D191 | w01D347 | w01D438 | w02D438 | w04D438 | w06D438 | w07D438 | w08D438 | w09D438 | w10D438,D4 대리인관계 | 현재 일자리에 대한 스트레스 정도 | 현재 일자리에 대한 스트레스 정도,1,10,"1,2,4,6,7,8,9,10",raw | raw | structured,13,3,normalized_label,needs_review,
KLoSA,high,KLoSA,w__D192,w__D192 | w__D348 | w__D439,w01D192 | w01D348 | w01D439,현재 일자리에 대한 만족도,1,1,1,raw,3,3,normalized_label,needs_review,
KLoSA,high,KLoSA,w__D193,w__D193 | w__D349 | w__D441,w01D193 | w01D349 | w01D441,교육수준과 비교한 현재 일의 수준,1,1,1,raw,3,3,normalized_label,needs_review,
KLoSA,high,KLoSA,w__D194,w__D194 | w__D350 | w__D442,w01D194 | w01D350 | w01D442,기술(능)수준과 비교한 일의 수준,1,1,1,raw,3,3,normalized_label,needs_review,
KLoSA,high,KLoSA,w__D195,w__D195 | w__D351 | w__D443,w01D195 | w01D351 | w01D443,현재 일자리 지속 여부,1,1,1,raw,3,3,normalized_label,needs_review,
KLoSA,medium,KLoSA,w__D196,w__D196 | w__D352,w01D196 | w01D352,희망하는 고용형태,1,1,1,raw,2,2,normalized_label,needs_review,
KLoSA,medium,KLoSA,w__D198,w__D198 | w__D354,w01D198 | w01D354,희망 임금 및 소득 (단위 : 만원) *상관없다의 경우에는 0으로 입력 | 희망 임금 및 소득(단위 : 만원) *상관없다의 경우에는 0으로 입력,1,1,1,raw,2,2,normalized_label,needs_review,
KLoSA,high,KLoSA,w__D199,w__D199 | w__D355 | w__D447,w01D199 | w01D355 | w01D447,희망 은퇴 연령(단위 : 세),1,1,1,raw,3,3,normalized_label,needs_review,
KLoSA,high,KLoSA,w__D200,w__D200 | w__D356 | w__D448,w01D200 | w01D356 | w01D448,주업 외 부업/아르바이트 여부,1,1,1,raw,3,3,normalized_label,needs_review,
KLoSA,high,KLoSA,w__D201,w__D201 | w__D357 | w__D449,w01D201 | w02D201 | w03D201 | w04D201 | w05D201 | w06D201 | w07D201 | w08D201 | w09D201 | w10D201 | w01D357 | w01D449,임금근로 대신 자영업을 선택한 이유(신규자영업자) | 주업을 포함한 일자리 수(단위 : 개) | 주업을 포함한 일자리 수(단위 : 개),1,10,"1,2,3,4,5,6,7,8,9,10",raw,13,3,normalized_label,needs_review,
KLoSA,high,KLoSA,w__D202,w__D202 | w__D358 | w__D450,w01D202 | w04D202 | w08D202 | w09D202 | w10D202 | w01D358 | w01D450,기타 이유(신규자영업자) | 부업/아르바이트를 하는 이유 | 부업/아르바이트를 하는 이유,1,10,"1,4,8,9,10",raw,7,3,normalized_label,needs_review,
KLoSA,high,KLoSA,w__D204,w__D204 | w__D360 | w__d_com004,w01D204 | w02D204 | w03D204 | w04D204 | w05D204 | w06D204 | w07D204 | w08D204 | w09D204 | w10D204 | w01D360 | w02d_com004 | w03d_com004 | w04d_com004 | w05d_com004 | w06d_com004 | w07d_com004 | w08d_com004 | w09d_com004 | w10d_com004,(신규 자영)신규창업시 창업비용이 필요하지 않았던 이유 | 신규창업시 창업비용이 필요하지 않았던 이유(신규자영업자) | 부업/아르바이트의 주당 평균 근로시간(단위 : 시간/1주) | 부업/아르바이트의 주당 평균 근로시간(단위 : 시간/1주) | 신규창업시 창업비용이 필요하지 않았던 이유(신규자영업자),1,10,"1,2,3,4,5,6,7,8,9,10",raw | structured,21,3,normalized_label,needs_review,
KLoSA,medium,KLoSA,w__D205,w__D205 | w__D361,w01D205 | w01D361,주업 외 일을 통한 월 평균 소득액(단위 : 만원/월),1,1,1,raw,2,2,normalized_label,needs_review,
KLoSA,high,KLoSA,w__D205a,w__D205a | w__d_com005a,w02D205a | w03D205a | w04D205a | w05D205a | w06D205a | w07D205a | w08D205a | w09D205a | w10D205a | w02d_com005a | w03d_com005a | w04d_com005a | w05d_com005a | w06d_com005a | w07d_com005a | w08d_com005a | w09d_com005a | w10d_com005a,(신규 자영)창업비용 조달방법 중 비율_①본인/배우자의 저축 | 창업비용 조달방법 중 비율(신규자영업자)_①본인/배우자의 저축 | 창업비용 조달방법 중 비율(신규자영업자)_①본인/배우자의 저축,2,10,"2,3,4,5,6,7,8,9,10",raw | structured,19,2,normalized_label,needs_review,
KLoSA,high,KLoSA,w__D205b,w__D205b | w__d_com005b,w02D205b | w03D205b | w04D205b | w05D205b | w06D205b | w07D205b | w08D205b | w09D205b | w10D205b | w02d_com005b | w03d_com005b | w04d_com005b | w05d_com005b | w06d_com005b | w07d_com005b | w08d_com005b | w09d_com005b | w10d_com005b,(신규 자영)창업비용 조달방법 중 비율_②본인/배우자의 부모 도움 | 창업비용 조달방법 중 비율(신규자영업자)_②본인/배우자의 부모 도움 | 창업비용 조달방법 중 비율(신규자영업자)_②본인/배우자의 부모 도움,2,10,"2,3,4,5,6,7,8,9,10",raw | structured,19,2,normalized_label,needs_review,
KLoSA,high,KLoSA,w__D205c,w__D205c | w__d_com005c,w02D205c | w03D205c | w04D205c | w05D205c | w06D205c | w07D205c | w08D205c | w09D205c | w10D205c | w02d_com005c | w03d_com005c | w04d_com005c | w05d_com005c | w06d_com005c | w07d_com005c | w08d_com005c | w09d_com005c | w10d_com005c,(신규 자영)창업비용 조달방법 중 비율_③자녀/손자녀의 도움 | 창업비용 조달방법 중 비율(신규자영업자)_③자녀/손자녀의 도움 | 창업비용 조달방법 중 비율(신규자영업자)_③자녀/손자녀의 도움,2,10,"2,3,4,5,6,7,8,9,10",raw | structured,19,2,normalized_label,needs_review,
KLoSA,high,KLoSA,w__D205d,w__D205d | w__d_com005d,w02D205d | w03D205d | w04D205d | w05D205d | w06D205d | w07D205d | w08D205d | w09D205d | w10D205d | w02d_com005d | w03d_com005d | w04d_com005d | w05d_com005d | w06d_com005d | w07d_com005d | w08d_com005d | w09d_com005d | w10d_com005d,(신규 자영)창업비용 조달방법 중 비율_④본인/배우자의 친인척에게 빌림 | 창업비용 조달방법 중 비율(신규자영업자)_④본인/배우자의 친인척에게 빌림 | 창업비용 조달방법 중 비율(신규자영업자)_④본인/배우자의 친인척에게 빌림,2,10,"2,3,4,5,6,7,8,9,10",raw | structured,19,2,normalized_label,needs_review,
KLoSA,high,KLoSA,w__D205e,w__D205e | w__d_com005e,w02D205e | w03D205e | w04D205e | w05D205e | w06D205e | w07D205e | w08D205e | w09D205e | w10D205e | w02d_com005e | w03d_com005e | w04d_com005e | w05d_com005e | w06d_com005e | w07d_com005e | w08d_com005e | w09d_com005e | w10d_com005e,(신규 자영)창업비용 조달방법 중 비율_⑤다른 개인에게 빌림 | 창업비용 조달방법 중 비율(신규자영업자)_⑤다른 개인에게 빌림 | 창업비용 조달방법 중 비율(신규자영업자)_⑤다른 개인에게 빌림,2,10,"2,3,4,5,6,7,8,9,10",raw | structured,19,2,normalized_label,needs_review,
KLoSA,high,KLoSA,w__D205f,w__D205f | w__d_com005f,w02D205f | w03D205f | w04D205f | w05D205f | w06D205f | w07D205f | w08D205f | w09D205f | w10D205f | w02d_com005f | w03d_com005f | w04d_com005f | w05d_com005f | w06d_com005f | w07d_com005f | w08d_com005f | w09d_com005f | w10d_com005f,(신규 자영)창업비용 조달방법 중 비율_⑥동업자 | 창업비용 조달방법 중 비율(신규자영업자)_⑥동업자 | 창업비용 조달방법 중 비율(신규자영업자)_⑥동업자,2,10,"2,3,4,5,6,7,8,9,10",raw | structured,19,2,normalized_label,needs_review,
KLoSA,high,KLoSA,w__D205g,w__D205g | w__d_com005g,w02D205g | w03D205g | w04D205g | w05D205g | w06D205g | w07D205g | w08D205g | w09D205g | w10D205g | w02d_com005g | w03d_com005g | w04d_com005g | w05d_com005g | w06d_com005g | w07d_com005g | w08d_com005g | w09d_com005g | w10d_com005g,(신규 자영)창업비용 조달방법 중 비율_⑦은행 등 금융기관 융자 | 창업비용 조달방법 중 비율(신규자영업자)_⑦은행 등 금융기관 융자 | 창업비용 조달방법 중 비율(신규자영업자)_⑦은행 등 금융기관 융자,2,10,"2,3,4,5,6,7,8,9,10",raw | structured,19,2,normalized_label,needs_review,
KLoSA,high,KLoSA,w__D205h,w__D205h | w__d_com005h,w02D205h | w03D205h | w04D205h | w05D205h | w06D205h | w07D205h | w08D205h | w09D205h | w10D205h | w02d_com005h | w03d_com005h | w04d_com005h | w05d_com005h | w06d_com005h | w07d_com005h | w08d_com005h | w09d_com005h | w10d_com005h,(신규 자영)창업비용 조달방법 중 비율_⑧정부 보조 | 창업비용 조달방법 중 비율(신규자영업자)_⑧정부 보조 | 창업비용 조달방법 중 비율(신규자영업자)_⑧정부 보조,2,10,"2,3,4,5,6,7,8,9,10",raw | structured,19,2,normalized_label,needs_review,
KLoSA,high,KLoSA,w__D205i,w__D205i | w__d_com005i,w02D205i | w03D205i | w04D205i | w05D205i | w06D205i | w07D205i | w08D205i | w09D205i | w10D205i | w02d_com005i | w03d_com005i | w04d_com005i | w05d_com005i | w06d_com005i | w07d_com005i | w08d_com005i | w09d_com005i | w10d_com005i,(신규 자영)창업비용 조달방법 중 비율_⑨기타 | 창업비용 조달방법 중 비율(신규자영업자)_⑨기타 | 창업비용 조달방법 중 비율(신규자영업자)_⑨기타,2,10,"2,3,4,5,6,7,8,9,10",raw | structured,19,2,normalized_label,needs_review,
KLoSA,high,KLoSA,w__D206,w__D206 | w__d_com006,w02D206 | w03D206 | w04D206 | w05D206 | w06D206 | w07D206 | w08D206 | w09D206 | w10D206 | w02d_com006 | w03d_com006 | w04d_com006 | w05d_com006 | w06d_com006 | w07d_com006 | w08d_com006 | w09d_com006 | w10d_com006,(신규 자영)창업시 겪은 어려움_충분한 자금확보 | 창업시 겪은 어려움(신규자영업자)_충분한 자금확보 | 창업시 겪은 어려움(신규자영업자)_충분한 자금확보,2,10,"2,3,4,5,6,7,8,9,10",raw | structured,19,2,normalized_label,needs_review,
KLoSA,high,KLoSA,w__D207,w__D207 | w__d_com007,w02D207 | w03D207 | w04D207 | w05D207 | w06D207 | w07D207 | w08D207 | w09D207 | w10D207 | w02d_com007 | w03d_com007 | w04d_com007 | w05d_com007 | w06d_com007 | w07d_com007 | w08d_com007 | w09d_com007 | w10d_com007,(신규 자영)창업시 겪은 어려움_기술확보 | 창업시 겪은 어려움(신규자영업자)_기술확보 | 창업시 겪은 어려움(신규자영업자)_기술확보,2,10,"2,3,4,5,6,7,8,9,10",raw | structured,19,2,normalized_label,needs_review,
KLoSA,high,KLoSA,w__D208,w__D208 | w__d_com008,w02D208 | w03D208 | w04D208 | w05D208 | w06D208 | w07D208 | w08D208 | w09D208 | w10D208 | w02d_com008 | w03d_com008 | w04d_com008 | w05d_com008 | w06d_com008 | w07d_com008 | w08d_com008 | w09d_com008 | w10d_com008,(신규 자영)창업시 겪은 어려움_적당한 인력 확보 | 창업시 겪은 어려움(신규자영업자)_적당한 인력 확보 | 창업시 겪은 어려움(신규자영업자)_적당한 인력 확보,2,10,"2,3,4,5,6,7,8,9,10",raw | structured,19,2,normalized_label,needs_review,
KLoSA,high,KLoSA,w__D209,w__D209 | w__d_com009,w02D209 | w03D209 | w04D209 | w05D209 | w06D209 | w07D209 | w08D209 | w09D209 | w10D209 | w02d_com009 | w03d_com009 | w04d_com009 | w05d_com009 | w06d_com009 | w07d_com009 | w08d_com009 | w09d_com009 | w10d_com009,"(신규 자영)창업시 겪은 어려움_행정(인허가, 창원지원 등) 절차 | 창업시 겪은 어려움(신규자영업자)_행정(인허가, 창원지원 등) 절차 | 창업시 겪은 어려움(신규자영업자)_행정(인허가, 창원지원 등) 절차",2,10,"2,3,4,5,6,7,8,9,10",raw | structured,19,2,normalized_label,needs_review,
KLoSA,high,KLoSA,w__D210,w__D210 | w__d_com010,w02D210 | w03D210 | w04D210 | w05D210 | w06D210 | w07D210 | w08D210 | w09D210 | w10D210 | w02d_com010 | w03d_com010 | w04d_com010 | w05d_com010 | w06d_com010 | w07d_com010 | w08d_com010 | w09d_com010 | w10d_com010,(신규 자영)창업시 겪은 어려움_업종 선정 | 창업시 겪은 어려움(신규자영업자)_업종 선정 | 창업시 겪은 어려움(신규자영업자)_업종 선정,2,10,"2,3,4,5,6,7,8,9,10",raw | structured,19,2,normalized_label,needs_review,
KLoSA,high,KLoSA,w__D211,w__D211 | w__d_com011,w02D211 | w03D211 | w04D211 | w05D211 | w06D211 | w07D211 | w08D211 | w09D211 | w10D211 | w02d_com011 | w03d_com011 | w04d_com011 | w05d_com011 | w06d_com011 | w07d_com011 | w08d_com011 | w09d_com011 | w10d_com011,(신규 자영)창업시 겪은 어려움_사업장 위치 선정 | 창업시 겪은 어려움(신규자영업자)_사업장 위치 선정 | 창업시 겪은 어려움(신규자영업자)_사업장 위치 선정,2,10,"2,3,4,5,6,7,8,9,10",raw | structured,19,2,normalized_label,needs_review,
KLoSA,high,KLoSA,w__D214,w__D214 | w__d_com037,w01d_com037 | w02d_com037 | w03d_com037 | w04d_com037 | w05d_com037 | w06d_com037 | w07d_com037 | w08d_com037 | w09d_com037 | w10d_com037 | w02D214 | w03D214 | w04D214 | w05D214 | w06D214 | w07D214 | w08D214 | w09D214 | w10D214,(자영)현 사업장의 월평균 순소득(단위: 만원) | 현 사업장의 월평균 순소득(자영업자)(단위: 만원) | 현 사업장의 월평균 순소득(자영업자)(단위: 만원),1,10,"1,2,3,4,5,6,7,8,9,10",light | structured | raw,30,2,normalized_label,needs_review,
KLoSA,medium,KLoSA,w__D228,w__D228,w02D228 | w03D228 | w04D228 | w05D228 | w06D228 | w07D228 | w08D228 | w09D228 | w10D228,현 사업장에서 작년 한해동안 건강상의 이유로 결근한 총 일수(자영업자)(단위: 일/년 | 현 사업장에서 작년 한해동안 건강상의 이유로 결근한 총 일수(자영업자)(단위: 일/년),2,10,"2,3,4,5,6,7,8,9,10",raw,10,1,normalized_label,needs_review,
KLoSA,high,KLoSA,w__D303,w__D303 | w__d_com012,w02D303 | w03D303 | w04D303 | w05D303 | w06D303 | w07D303 | w08D303 | w09D303 | w10D303 | w02d_com012 | w03d_com012 | w04d_com012 | w05d_com012 | w06d_com012 | w07d_com012 | w08d_com012 | w09d_com012 | w10d_com012,(신규 무급가족)현 사업장 대표자와의 관계(무급가족종사자) | 현 사업장 대표자와의 관계(무급가족종사자) | 현 사업장 대표자와의 관계(무급가족종사자),2,10,"2,3,4,5,6,7,8,9,10",light | structured | raw,28,2,normalized_label,needs_review,
KLoSA,high,KLoSA,w__D307,w__D307 | w__D404 | w__d_com107,w01D307 | w02D307 | w03D307 | w04D307 | w05D307 | w06D307 | w07D307 | w08D307 | w09D307 | w10D307 | w01D404 | w02D404 | w03D404 | w04D404 | w05D404 | w06D404 | w07D404 | w08D404 | w09D404 | w10D404 | w01d_com107 | w02d_com107 | w03d_com107 | w04d_com107 | w05d_com107 | w06d_com107 | w07d_com107 | w08d_com107 | w09d_com107 | w10d_com107,(구직자)취업의사 여부(구직자/비근로자)_지난주 적합한 일자리가 있을 경우 | 취업의사 여부(구직자/비근로자)_지난주 적합한 일자리가 있을 경우 | 일자리 소재지(시(도)/구(군)) (부록참조) | 취업의사 여부(구직자/비근로자)_지난주 적합한 일자리가 있을 경우 | 일자리 소재지(시(도)/구(군))(부록참조) | 현 사업장의 주당 평균 근로시간(무급가족종사자)(단위: 시간/주),1,10,"1,2,3,4,5,6,7,8,9,10",light | structured | raw,42,3,normalized_label,needs_review,
KLoSA,high,KLoSA,w__D321,w__D321 | w__D420 | w__d_com123,w01D321 | w02D321 | w03D321 | w04D321 | w05D321 | w06D321 | w07D321 | w08D321 | w09D321 | w10D321 | w01D420 | w02D420 | w03D420 | w04D420 | w05D420 | w06D420 | w07D420 | w08D420 | w09D420 | w10D420 | w02d_com123 | w03d_com123 | w04d_com123 | w05d_com123 | w06d_com123 | w07d_com123 | w08d_com123 | w09d_com123 | w10d_com123,"(구직자)일자리를 찾거나 제의를 받았으나 취업하지 않은 이유 | 일자리를 찾거나 제의를 받았으나 취업하지 않은 이유(구직자) | 일자리를 찾거나 제의를 받았으나 취업하지 않은 이유(구직자) | 희망 단축 시간 수준(단위 : 시간/1주) | 현 사업장의 업무수행시 필요사항(무급가족종사자)_상체굽히기, 무릎꿇기, 쭈그리고 | 현 사업장의 업무수행시 필요사항(무급가족종사자)_상체굽히기, 무릎꿇기, 쭈그리고 앉기 | 희망 단축 시간 수준(단위 : 시간/1주)",1,10,"1,2,3,4,5,6,7,8,9,10",raw | structured,31,3,normalized_label,needs_review,
KLoSA,high,KLoSA,w__D333,w__D333 | w__D426 | w__d_com129,w01D333 | w02D333 | w03D333 | w04D333 | w05D333 | w06D333 | w07D333 | w08D333 | w09D333 | w10D333 | w01D426 | w02D426 | w03D426 | w04D426 | w05D426 | w06D426 | w07D426 | w08D426 | w09D426 | w10D426 | w02d_com129 | w03d_com129 | w04d_com129 | w05d_com129 | w06d_com129 | w07d_com129 | w08d_com129 | w09d_com129 | w10d_com129,(구직자)희망하는 일자리_직종 | 희망하는 일자리(구직자)_직종 | 정기휴무일 | 현 사업장의 적합도(무급가족종사자)_기술(기능)수준 | 정기휴무일 | 희망하는 일자리(구직자)_직종,1,10,"1,2,3,4,5,6,7,8,9,10",light | structured | raw,40,3,normalized_label,needs_review,
KLoSA,high,KLoSA,w__D334,w__D334 | w__D427 | w__d_com130,w01D334 | w02D334 | w03D334 | w04D334 | w05D334 | w06D334 | w07D334 | w08D334 | w09D334 | w10D334 | w01D427 | w02D427 | w03D427 | w04D427 | w05D427 | w06D427 | w07D427 | w08D427 | w09D427 | w10D427 | w01d_com130 | w02d_com130 | w03d_com130 | w04d_com130 | w05d_com130 | w06d_com130 | w07d_com130 | w08d_com130 | w09d_com130 | w10d_com130,(구직자)희망하는 일자리_최소 월평균 임금 또는 소득 | 희망하는 일자리(구직자)_최소 월평균 임금 또는 소득 | 건강상의 이유로 인한 휴업일 수(단위 : 일) | 현 사업장의 계속근로 의향(무급가족종사자) | 건강상의 이유로 인한 휴업일 수(단위 : 일) | 희망하는 일자리(구직자)_최소 월평균 임금 또는 소득,1,10,"1,2,3,4,5,6,7,8,9,10",light | structured | raw,42,3,normalized_label,needs_review,
KLoSA,high,KLoSA,w__D401,w__D401 | w__d_com104,w01D401 | w02D401 | w03D401 | w04D401 | w05D401 | w06D401 | w07D401 | w08D401 | w09D401 | w10D401 | w01d_com104 | w02d_com104 | w03d_com104 | w04d_com104 | w05d_com104 | w06d_com104 | w07d_com104 | w08d_com104 | w09d_com104 | w10d_com104,(구직자)구직활동 여부(구직자/비근로자)_1주 기준 | 구직활동 여부(구직자/비근로자)_1주 기준 | 구직활동 여부(구직자/비근로자)_1주 기준 | 직장근로 대신 주당 18시간 이상 가족이나 친척의 일(무급가족종사)을 돕는 이유,1,10,"1,2,3,4,5,6,7,8,9,10",light | structured | raw,31,2,normalized_label,needs_review,
KLoSA,high,KLoSA,w__D403,w__D403 | w__d_com106,w01d_com106 | w02d_com106 | w03d_com106 | w04d_com106 | w05d_com106 | w06d_com106 | w07d_com106 | w08d_com106 | w09d_com106 | w10d_com106 | w02D403 | w03D403 | w04D403 | w05D403 | w06D403 | w07D403 | w08D403 | w09D403 | w10D403,(구직자)취업가능성 여부(구직자/비근로자)_지난주 적합한 일자리가 있을 경우 | 취업가능성 여부(구직자/비근로자)_지난주 적합한 일자리가 있을 경우 | 취업가능성 여부(구직자/비근로자)_지난주 적합한 일자리가 있을 경우,1,10,"1,2,3,4,5,6,7,8,9,10",light | structured | raw,30,2,normalized_label,needs_review,
KLoSA,high,KLoSA,w__D405,w__D405 | w__d_com108,w01d_com108 | w02d_com108 | w03d_com108 | w04d_com108 | w05d_com108 | w06d_com108 | w07d_com108 | w08d_com108 | w09d_com108 | w10d_com108 | w02D405 | w03D405 | w04D405 | w05D405 | w06D405 | w07D405 | w08D405 | w09D405 | w10D405,(구직자)일자리가 있더라도 일하지 않는 이유(구직자/비근로자) | 일자리가 있더라도 일하지 않는 이유(구직자/비근로자) | 일자리가 있더라도 일하지 않는 이유(구직자/비근로자),1,10,"1,2,3,4,5,6,7,8,9,10",light | structured | raw,30,2,normalized_label,needs_review,
KLoSA,high,KLoSA,w__D406,w__D406 | w__D408,w01D406 | w04D406 | w08D406 | w09D406 | w10D406 | w01D408 | w04D408 | w08D408 | w09D408 | w10D408,근무 시작 시점(단위 : 년+월) 예: 200601 | 기타 이유(구직자/비근로자) | 일자리가 있더라도 일하지 않는 이유 기타(구직자/비근로자) | 기타 이유(구직자/비근로자) | 정규 임금을 지급받는 종업원 존재 | 취업을 원하면서 구직하지 않는 이유 기타(구직자/비근로자),1,10,"1,4,8,9,10",raw,10,2,normalized_label,needs_review,
KLoSA,high,KLoSA,w__D407,w__D407 | w__d_com110,w01d_com110 | w02d_com110 | w03d_com110 | w04d_com110 | w05d_com110 | w06d_com110 | w07d_com110 | w08d_com110 | w09d_com110 | w10d_com110 | w02D407 | w03D407 | w04D407 | w05D407 | w06D407 | w07D407 | w08D407 | w09D407 | w10D407,(구직자)취업을 원하면서 구직하지 않는 이유(구직자/비근로자) | 취업을 원하면서 구직하지 않는 이유(구직자/비근로자) | 취업을 원하면서 구직하지 않는 이유(구직자/비근로자),1,10,"1,2,3,4,5,6,7,8,9,10",light | structured | raw,30,2,normalized_label,needs_review,
KLoSA,high,KLoSA,w__D409,w__D409 | w__d_com112,w01D409 | w02D409 | w03D409 | w04D409 | w05D409 | w06D409 | w07D409 | w08D409 | w09D409 | w10D409 | w02d_com112 | w03d_com112 | w04d_com112 | w05d_com112 | w06d_com112 | w07d_com112 | w08d_com112 | w09d_com112 | w10d_com112,(구직자)구직활동 여부(구직자/비근로자)_4주 이전 | 구직활동 여부(구직자/비근로자)_4주 이전 | 고용된 종업원 수 (단위 : 명) | 구직활동 여부(구직자/비근로자)_4주 이전,1,10,"1,2,3,4,5,6,7,8,9,10",light | structured | raw,29,2,normalized_label,needs_review,
KLoSA,high,KLoSA,w__D409_01,w__D409_01 | w__d_com112_1,w04D409_01 | w05D409_01 | w06D409_01 | w07D409_01 | w08D409_01 | w09D409_01 | w10D409_01 | w04d_com112_1 | w05d_com112_1 | w06d_com112_1 | w07d_com112_1 | w08d_com112_1 | w09d_com112_1 | w10d_com112_1,(구직자)지난 기본조사 이후 구직활동 회수 | 지난 기본조사 이후 구직활동 회수 | 지난 기본조사 이후 구직활동 회수 | 지난 직업력조사 이후 구직활동 회수,4,10,"4,5,6,7,8,9,10",light | structured | raw,22,2,normalized_label,needs_review,
KLoSA,high,KLoSA,w__D410,w__D410 | w__d_com113,w01D410 | w02D410 | w03D410 | w04D410 | w05D410 | w06D410 | w07D410 | w08D410 | w09D410 | w10D410 | w01d_com113 | w02d_com113 | w03d_com113 | w04d_com113 | w05d_com113 | w06d_com113 | w07d_com113 | w08d_com113 | w09d_com113 | w10d_com113,(구직자)주된 구직 사유 | 주된 구직 사유(구직자) | 고용된 종업원 수 | 주된 구직 사유(구직자),1,10,"1,2,3,4,5,6,7,8,9,10",raw | structured,21,2,normalized_label,needs_review,
KLoSA,high,KLoSA,w__D412,w__D412 | w__d_com115,w01D412 | w02D412 | w03D412 | w04D412 | w05D412 | w06D412 | w07D412 | w08D412 | w09D412 | w10D412 | w02d_com115 | w03d_com115 | w04d_com115 | w05d_com115 | w06d_com115 | w07d_com115 | w08d_com115 | w09d_com115 | w10d_com115,(구직자)지난 기본조사 이후 구직활동 시작시기 1회 (단위: 년4자리+월2자리) | 지난 기본조사 이후 구직활동 시작시기 1회 (구직자) (단위: 년4자리+월2자리) | 사업장 대표자 및 응답자와의 관계 | 지난 1차 기본조사 이후 구직활동 시작시기(구직자) (단위: 년4자리+월2자리) | 지난 기본조사 이후 구직활동 시작시기 1회 (구직자) (단위: 년4자리+월2자리) | 지난 직업력조사 이후 구직활동 시작시기(구직자) (단위: 년4자리+월2자리),1,10,"1,2,3,4,5,6,7,8,9,10",raw | structured,20,2,normalized_label,needs_review,
KLoSA,high,KLoSA,w__D412_01,w__D412_01 | w__d_com115_1,w04D412_01 | w05D412_01 | w06D412_01 | w07D412_01 | w08D412_01 | w09D412_01 | w10D412_01 | w04d_com115_1 | w05d_com115_1 | w06d_com115_1 | w07d_com115_1 | w08d_com115_1 | w09d_com115_1 | w10d_com115_1,(구직자)지난 기본조사 이후 구직활동 시작시기 2회 이상 (단위: 년4자리+월2자리) | 지난 기본조사 이후 구직활동 시작시기 2회 이상 (구직자) (단위: 년4자리+월2자리) | 지난 기본조사 이후 구직활동 시작시기 2회 이상 (구직자) (단위: 년4자리+월2자리) | 지난 직업력조사 이후 구직활동 시작시기 2회 이상 (구직자) (단위: 년4자리+월2자리),4,10,"4,5,6,7,8,9,10",raw | structured,15,2,normalized_label,needs_review,
KLoSA,high,KLoSA,w__D412_01m,w__D412_01m | w__d_com115_1m,w04D412_01m | w05D412_01m | w06D412_01m | w07D412_01m | w08D412_01m | w09D412_01m | w10D412_01m | w04d_com115_1m | w05d_com115_1m | w06d_com115_1m | w07d_com115_1m | w08d_com115_1m | w09d_com115_1m | w10d_com115_1m,(구직자)지난 기본조사 이후 구직활동 시작시기(구직자) 2회 이상 (단위: 월2자리) | 지난 기본조사 이후 구직활동 시작시기 2회 이상 (구직자) (단위: 월2자리) | 지난 기본조사 이후 구직활동 시작시기 2회 이상 (구직자) (단위: 월2자리) | 지난 기본조사 이후 구직활동 시작시기(구직자) 2회 이상 (단위: 월2자리) | 지난 직업력조사 이후 구직활동 시작시기(구직자) 2회 이상 (단위: 월2자리),4,10,"4,5,6,7,8,9,10",raw | structured,15,2,normalized_label,needs_review,
KLoSA,high,KLoSA,w__D412_01y,w__D412_01y | w__d_com115_1y,w04D412_01y | w05D412_01y | w06D412_01y | w07D412_01y | w08D412_01y | w09D412_01y | w10D412_01y | w04d_com115_1y | w05d_com115_1y | w06d_com115_1y | w07d_com115_1y | w08d_com115_1y | w09d_com115_1y | w10d_com115_1y,(구직자)지난 기본조사 이후 구직활동 시작시기(구직자) 2회 이상 (단위: 년4자리) | 지난 기본조사 이후 구직활동 시작시기 2회 이상 (구직자) (단위: 년4자리) | 지난 기본조사 이후 구직활동 시작시기 2회 이상 (구직자) (단위: 년4자리) | 지난 기본조사 이후 구직활동 시작시기(구직자) 2회 이상 (단위: 년4자리) | 지난 직업력조사 이후 구직활동 시작시기(구직자) 2회 이상 (단위: 년4자리),4,10,"4,5,6,7,8,9,10",raw | structured,15,2,normalized_label,needs_review,
KLoSA,high,KLoSA,w__D412m,w__D412m | w__d_com115m,w02D412m | w03D412m | w04D412m | w05D412m | w06D412m | w07D412m | w08D412m | w09D412m | w10D412m | w02d_com115m | w03d_com115m | w04d_com115m | w05d_com115m | w06d_com115m | w07d_com115m | w08d_com115m | w09d_com115m | w10d_com115m,(구직자)지난 기본조사 이후 구직활동 시작시기 1회 (단위: 월2자리) | 지난 기본조사 이후 구직활동 시작시기 1회 (구직자) (단위: 월2자리) | 지난 1차 기본조사 이후 구직활동 시작시기(구직자) (단위: 월2자리) | 지난 기본조사 이후 구직활동 시작시기 1회 (구직자) (단위: 월2자리) | 지난 기본조사 이후 구직활동 시작시기(구직자) 1회 (단위: 월2자리) | 지난 직업력조사 이후 구직활동 시작시기(구직자) 1회 (단위: 월2자리),2,10,"2,3,4,5,6,7,8,9,10",raw | structured,19,2,normalized_label,needs_review,
KLoSA,high,KLoSA,w__D412y,w__D412y | w__d_com115y,w02D412y | w03D412y | w04D412y | w05D412y | w06D412y | w07D412y | w08D412y | w09D412y | w10D412y | w02d_com115y | w03d_com115y | w04d_com115y | w05d_com115y | w06d_com115y | w07d_com115y | w08d_com115y | w09d_com115y | w10d_com115y,(구직자)지난 기본조사 이후 구직활동 시작시기 1회 (단위: 년4자리) | 지난 기본조사 이후 구직활동 시작시기 1회 (구직자) (단위: 년4자리) | 지난 1차 기본조사 이후 구직활동 시작시기(구직자) (단위: 년4자리) | 지난 기본조사 이후 구직활동 시작시기 1회 (구직자) (단위: 년4자리) | 지난 기본조사 이후 구직활동 시작시기(구직자) 1회 (단위: 년4자리) | 지난 직업력조사 이후 구직활동 시작시기(구직자) 1회 (단위: 년4자리),2,10,"2,3,4,5,6,7,8,9,10",raw | structured,19,2,normalized_label,needs_review,
KLoSA,high,KLoSA,w__D413,w__D413 | w__d_com116,w01D413 | w02D413 | w03D413 | w04D413 | w05D413 | w06D413 | w07D413 | w08D413 | w09D413 | w10D413 | w02d_com116 | w03d_com116 | w04d_com116 | w05d_com116 | w06d_com116 | w07d_com116 | w08d_com116 | w09d_com116 | w10d_com116,(구직자)지난 기본조사 이후 구직활동 종료시기 (단위: 년4자리+월2자리) | 지난 기본조사 이후 구직활동 종료시기(구직자) (단위: 년4자리+월2자리) | 사업장의 작년 한 해 매출액(단위 : 만원) | 지난 1차 기본조사 이후 구직활동 종료시기(구직자) (단위: 년4자리+월2자리) | 지난 기본조사 이후 구직활동 종료시기(구직자) (단위: 년4자리+월2자리) | 지난 직업력조사 이후 구직활동 종료시기(구직자) (단위: 년4자리+월2자리),1,10,"1,2,3,4,5,6,7,8,9,10",raw | structured,20,2,normalized_label,needs_review,
KLoSA,high,KLoSA,w__D413m,w__D413m | w__d_com116m,w02D413m | w03D413m | w04D413m | w05D413m | w06D413m | w07D413m | w08D413m | w09D413m | w10D413m | w02d_com116m | w03d_com116m | w04d_com116m | w05d_com116m | w06d_com116m | w07d_com116m | w08d_com116m | w09d_com116m | w10d_com116m,(구직자)지난 기본조사 이후 구직활동 종료시기 (단위: 월2자리) | 지난 기본조사 이후 구직활동 종료시기(구직자) (단위: 월2자리) | 지난 1차 기본조사 이후 구직활동 종료시기(구직자) (단위: 월2자리) | 지난 기본조사 이후 구직활동 종료시기(구직자) (단위: 월2자리),2,10,"2,3,4,5,6,7,8,9,10",raw | structured,19,2,normalized_label,needs_review,
KLoSA,high,KLoSA,w__D413y,w__D413y | w__d_com116y,w02D413y | w03D413y | w04D413y | w05D413y | w06D413y | w07D413y | w08D413y | w09D413y | w10D413y | w02d_com116y | w03d_com116y | w04d_com116y | w05d_com116y | w06d_com116y | w07d_com116y | w08d_com116y | w09d_com116y | w10d_com116y,(구직자)지난 기본조사 이후 구직활동 종료시기 (단위: 년4자리) | 지난 기본조사 이후 구직활동 종료시기(구직자) (단위: 년4자리) | 지난 1차 기본조사 이후 구직활동 종료시기(구직자) (단위: 년4자리) | 지난 기본조사 이후 구직활동 종료시기(구직자) (단위: 년4자리),2,10,"2,3,4,5,6,7,8,9,10",raw | structured,19,2,normalized_label,needs_review,
KLoSA,high,KLoSA,w__D414,w__D414 | w__d_com117,w01D414 | w02D414 | w03D414 | w04D414 | w05D414 | w06D414 | w07D414 | w08D414 | w09D414 | w10D414 | w02d_com117 | w03d_com117 | w04d_com117 | w05d_com117 | w06d_com117 | w07d_com117 | w08d_com117 | w09d_com117 | w10d_com117,(구직자)주당 평균 구직시간 | 주당 평균 구직시간(구직자) | 사업장의 작년 한 해 매출액 | 주당 평균 구직시간(구직자),1,10,"1,2,3,4,5,6,7,8,9,10",raw | structured,20,2,normalized_label,needs_review,
KLoSA,high,KLoSA,w__D415,w__D415 | w__d_com118,w01D415 | w02D415 | w03D415 | w04D415 | w05D415 | w06D415 | w07D415 | w08D415 | w09D415 | w10D415 | w01d_com118 | w02d_com118 | w03d_com118 | w04d_com118 | w05d_com118 | w06d_com118 | w07d_com118 | w08d_com118 | w09d_com118 | w10d_com118,(구직자)구직경로_1순위 | 구직경로(구직자)_1순위 | 구직경로(구직자)_1순위 | 주당 근무시간(단위 : 시간/1주),1,10,"1,2,3,4,5,6,7,8,9,10",light | structured | raw,31,2,normalized_label,needs_review,
KLoSA,high,KLoSA,w__D419,w__D419 | w__d_com122,w01D419 | w02D419 | w03D419 | w04D419 | w05D419 | w06D419 | w07D419 | w08D419 | w09D419 | w10D419 | w02d_com122 | w03d_com122 | w04d_com122 | w05d_com122 | w06d_com122 | w07d_com122 | w08d_com122 | w09d_com122 | w10d_com122,"(구직자)구직활동기간 동안 일자리를 찾거나 제의받은 경험 횟수 | 구직활동기간 동안 일자리를 찾거나 제의받은 경험 횟수(구직자) | w01D418=①경우, 단축 수준 | 구직활동기간 동안 일자리를 찾거나 제의받은 경험 횟수(구직자)",1,10,"1,2,3,4,5,6,7,8,9,10",raw | structured,20,2,normalized_label,needs_review,
KLoSA,high,KLoSA,w__D421,w__D421 | w__D424,w01D421 | w04D421 | w08D421 | w09D421 | w10D421 | w01D424 | w04D424 | w08D424 | w09D424 | w10D424,기타 이유(구직자) | 시간제 임금근무를 희망하는 이유 기타(구직자) | 희망 연장 시간 수준(단위 : 시간/1주) | 기타 이유(구직자) | 일자리를 찾거나 제의를 받았으나 취업하지 않은 이유 기타(구직자) | 전체근로시간에 대한 단축 시간 수준(단위 : 전체의 %),1,10,"1,4,8,9,10",raw,10,2,normalized_label,needs_review,
KLoSA,high,KLoSA,w__D422,w__D422 | w__d_com125,w01D422 | w02D422 | w03D422 | w04D422 | w05D422 | w06D422 | w07D422 | w08D422 | w09D422 | w10D422 | w01d_com125 | w02d_com125 | w03d_com125 | w04d_com125 | w05d_com125 | w06d_com125 | w07d_com125 | w08d_com125 | w09d_com125 | w10d_com125,"(구직자)희망하는 일자리_고용형태 | 희망하는 일자리(구직자)_고용형태 | w01D417=⑤경우, 근로시간을 늘리고 싶은 생각 | 희망하는 일자리(구직자)_고용형태",1,10,"1,2,3,4,5,6,7,8,9,10",light | structured | raw,31,2,normalized_label,needs_review,
KLoSA,high,KLoSA,w__D423,w__D423 | w__d_com126,w01D423 | w02D423 | w03D423 | w04D423 | w05D423 | w06D423 | w07D423 | w08D423 | w09D423 | w10D423 | w02d_com126 | w03d_com126 | w04d_com126 | w05d_com126 | w06d_com126 | w07d_com126 | w08d_com126 | w09d_com126 | w10d_com126,"(구직자)시간제 임금근무를 희망하는 이유 | 시간제 임금근무를 희망하는 이유(구직자) | w01D422=①경우, 연장 수준 | 시간제 임금근무를 희망하는 이유(구직자)",1,10,"1,2,3,4,5,6,7,8,9,10",raw | structured,20,2,normalized_label,needs_review,
KLoSA,high,KLoSA,w__D425,w__D425 | w__d_com128,w01D425 | w02D425 | w03D425 | w04D425 | w05D425 | w06D425 | w07D425 | w08D425 | w09D425 | w10D425 | w02d_com128 | w03d_com128 | w04d_com128 | w05d_com128 | w06d_com128 | w07d_com128 | w08d_com128 | w09d_com128 | w10d_com128,(구직자)희망하는 일자리_산업 | 희망하는 일자리(구직자)_산업 | 전체근로시간에 대한 연장 시간 수준(단위 : 전체의 %) | 희망하는 일자리(구직자)_산업,1,10,"1,2,3,4,5,6,7,8,9,10",light | structured | raw,29,2,normalized_label,needs_review,
KLoSA,high,KLoSA,w__D501,w__D501 | w__d_com139,w01D501 | w02D501 | w03D501 | w04D501 | w05D501 | w06D501 | w07D501 | w08D501 | w09D501 | w10D501 | w01d_com139 | w02d_com139 | w03d_com139 | w04d_com139 | w05d_com139 | w06d_com139 | w07d_com139 | w08d_com139 | w09d_com139 | w10d_com139,(신규은퇴자)지난 기본조사 이후의 은퇴시기 (단위: 년4자리+월2자리) | 지난 기본조사 이후의 은퇴시기(신규은퇴자) (단위: 년4자리+월2자리) | 지난 1주간 수입목적의 구직활동 | 지난 1차 조사 이후의 은퇴시기(신규은퇴자) (단위: 년4자리+월2자리) | 지난 기본조사 이후의 은퇴시기(신규은퇴자) (단위: 년4자리+월2자리) | 지난 직업력조사 이후의 은퇴시기(신규은퇴자) (단위: 년4자리+월2자리),1,10,"1,2,3,4,5,6,7,8,9,10",raw | structured,21,2,normalized_label,needs_review,
KLoSA,high,KLoSA,w__D501m,w__D501m | w__d_com139m,w01d_com139m | w02d_com139m | w03d_com139m | w04d_com139m | w05d_com139m | w06d_com139m | w07d_com139m | w08d_com139m | w09d_com139m | w10d_com139m | w02D501m | w03D501m | w04D501m | w05D501m | w06D501m | w07D501m | w08D501m | w09D501m | w10D501m,(신규은퇴자)지난 기본조사 이후의 은퇴시기 (단위: 월2자리) | 지난 기본조사 이후의 은퇴시기(신규은퇴자) (단위: 월2자리) | 지난 1차 조사 이후의 은퇴시기(신규은퇴자) (단위: 월2자리) | 지난 기본조사 이후의 은퇴시기(신규은퇴자) (단위: 월2자리) | 지난 직업력조사 이후의 은퇴시기(신규은퇴자) (단위: 월2자리),1,10,"1,2,3,4,5,6,7,8,9,10",light | structured | raw,30,2,normalized_label,needs_review,
KLoSA,high,KLoSA,w__D501y,w__D501y | w__d_com139y,w01d_com139y | w02d_com139y | w03d_com139y | w04d_com139y | w05d_com139y | w06d_com139y | w07d_com139y | w08d_com139y | w09d_com139y | w10d_com139y | w02D501y | w03D501y | w04D501y | w05D501y | w06D501y | w07D501y | w08D501y | w09D501y | w10D501y,(신규은퇴자)지난 기본조사 이후의 은퇴시기 (단위: 년4자리) | 지난 기본조사 이후의 은퇴시기(신규은퇴자) (단위: 년4자리) | 지난 1차 조사 이후의 은퇴시기(신규은퇴자) (단위: 년4자리) | 지난 기본조사 이후의 은퇴시기(신규은퇴자) (단위: 년4자리) | 지난 직업력조사 이후의 은퇴시기(신규은퇴자) (단위: 년4자리),1,10,"1,2,3,4,5,6,7,8,9,10",light | structured | raw,30,2,normalized_label,needs_review,
KLoSA,high,KLoSA,w__D502,w__D502 | w__d_com140,w01D502 | w02D502 | w03D502 | w04D502 | w05D502 | w06D502 | w07D502 | w08D502 | w09D502 | w10D502 | w01d_com140 | w02d_com140 | w03d_com140 | w04d_com140 | w05d_com140 | w06d_com140 | w07d_com140 | w08d_com140 | w09d_com140 | w10d_com140,(신규은퇴자)은퇴사유_1순위 | 은퇴사유(신규은퇴자)_1순위 | 은퇴사유(신규은퇴자)_1순위 | 지난 4주간 수입목적의 구직활동,1,10,"1,2,3,4,5,6,7,8,9,10",light | structured | raw,31,2,normalized_label,needs_review,
KLoSA,high,KLoSA,w__D504,w__D504 | w__D604 | w__d_com142,w01D504 | w02D504 | w03D504 | w04D504 | w05D504 | w06D504 | w07D504 | w08D504 | w09D504 | w10D504 | w01D604 | w02D604 | w03D604 | w04D604 | w05D604 | w06D604 | w07D604 | w08D604 | w09D604 | w10D604 | w01d_com142 | w02d_com142 | w03d_com142 | w04d_com142 | w05d_com142 | w06d_com142 | w07d_com142 | w08d_com142 | w09d_com142 | w10d_com142,(신규은퇴자)은퇴사유_2순위 | 은퇴 사유(2순위) | 은퇴사유(신규은퇴자)_2순위 | 소일거리의 주당 평균근로일수 | 은퇴 사유(2순위) | 알맞은 일자리가 생길 경우 근로가능여부 | 은퇴사유(신규은퇴자)_2순위,1,10,"1,2,3,4,5,6,7,8,9,10",light | structured | raw,41,3,normalized_label,needs_review,
KLoSA,high,KLoSA,w__D507,w__D507 | w__d_com145,w01D507 | w02D507 | w03D507 | w04D507 | w05D507 | w06D507 | w07D507 | w08D507 | w09D507 | w10D507 | w01d_com145 | w02d_com145 | w03d_com145 | w04d_com145 | w05d_com145 | w06d_com145 | w07d_com145 | w08d_com145 | w09d_com145 | w10d_com145,(신규은퇴자)은퇴 당시 배우자의 경제활동 상태 | 은퇴 당시 배우자의 경제활동 상태(신규은퇴자) | 은퇴 당시 배우자의 경제활동 상태(신규은퇴자) | 일자리가 있더라도 일하지 않는이유,1,10,"1,2,3,4,5,6,7,8,9,10",light | structured | raw,31,2,normalized_label,needs_review,
KLoSA,high,KLoSA,w__D509,w__D509 | w__d_com147,w01D509 | w02D509 | w03D509 | w04D509 | w05D509 | w06D509 | w07D509 | w08D509 | w09D509 | w10D509 | w02d_com147 | w03d_com147 | w04d_com147 | w05d_com147 | w06d_com147 | w07d_com147 | w08d_com147 | w09d_com147 | w10d_com147,(은퇴자)은퇴에 대한 만족도 | 은퇴에 대한 만족도(은퇴자) | 은퇴에 대한 만족도(은퇴자) | 주요 구직이유,1,10,"1,2,3,4,5,6,7,8,9,10",light | structured | raw,29,2,normalized_label,needs_review,
KLoSA,medium,KLoSA,w__D512,w__D512 | w__D514,w01D512 | w01D514,기타 구직방법,1,1,1,raw,2,2,normalized_label,needs_review,
KLoSA,high,KLoSA,w__D607,w__D607 | w__D616,w01D607 | w02D607 | w03D607 | w04D607 | w05D607 | w06D607 | w07D607 | w08D607 | w09D607 | w10D607 | w01D616,은퇴 당시 배우자의 경제활동 상태 | 은퇴와 상관없이 수입을 위한 노동참여_희망 여부 | 은퇴와 상관없이 수입을 위한 노동 참여 희망여부,1,10,"1,2,3,4,5,6,7,8,9,10",raw,12,2,normalized_label,needs_review,
KLoSA,high,KLoSA,w__D702_01,w__D702_01 | w__D702_01y,w02D702_01 | w03D702_01 | w04D702_01 | w05D702_01 | w06D702_01 | w07D702_01 | w08D702_01 | w09D702_01 | w10D702_01 | w02D702_01y | w03D702_01y | w04D702_01y | w05D702_01y | w06D702_01y | w07D702_01y | w08D702_01y | w09D702_01y | w10D702_01y,지난 1차 조사 이후 동일일자리내 사업장이동시기(임금근로자)_1번째(단위: 년4자리) | 지난 기본조사 이후 동일일자리내 사업장이동시기(임금근로자)_1번째(단위: 년4자리) | 지난 직업력조사 이후 동일일자리내 사업장이동시기(임금근로자)_1번째(단위: 년4자리 | 지난 1차 조사 이후 동일일자리내 사업장이동시기(임금근로자)_1번째(단위: 년4자리+ | 지난 기본조사 이후 동일일자리내 사업장이동시기(임금근로자)_1번째(단위: 년4자리+ | 지난 기본조사 이후 동일일자리내 사업장이동시기(임금근로자)_1번째(단위: 년4자리+월2자리) | 지난 직업력조사 이후 동일일자리내 사업장이동시기(임금근로자)_1번째(단위: 년4자리,2,10,"2,3,4,5,6,7,8,9,10",raw,20,2,normalized_label,needs_review,
KLoSA,high,KLoSA,w__D702_02,w__D702_02 | w__D702_02y,w02D702_02 | w03D702_02 | w04D702_02 | w05D702_02 | w06D702_02 | w07D702_02 | w09D702_02 | w10D702_02 | w02D702_02y | w03D702_02y | w04D702_02y | w05D702_02y | w06D702_02y | w07D702_02y | w10D702_02y,지난 1차 조사 이후 동일일자리내 사업장이동시기(임금근로자)_2번째 | 지난 기본조사 이후 동일일자리내 사업장이동시기(임금근로자)_2번째(단위: 년4자리+ | 지난 기본조사 이후 동일일자리내 사업장이동시기(임금근로자)_2번째(단위: 년4자리+월2자리) | 지난 1차 조사 이후 동일일자리내 사업장이동시기(임금근로자)_2번째(단위: 년4자리) | 지난 기본조사 이후 동일일자리내 사업장이동시기(임금근로자)_2번째(단위: 년4자리),2,10,"2,3,4,5,6,7,9,10",raw,15,2,normalized_label,needs_review,
KLoSA,high,KLoSA,w__D702_03,w__D702_03 | w__D702_03y,w02D702_03 | w04D702_03 | w07D702_03 | w02D702_03y | w04D702_03y,지난 1차 조사 이후 동일일자리내 사업장이동시기(임금근로자)_3번째 | 지난 기본조사 이후 동일일자리내 사업장이동시기(임금근로자)_3번째(단위: 년4자리+ | 지난 1차 조사 이후 동일일자리내 사업장이동시기(임금근로자)_3번째(단위: 년4자리) | 지난 기본조사 이후 동일일자리내 사업장이동시기(임금근로자)_3번째(단위: 년4자리),2,7,"2,4,7",raw,5,2,normalized_label,needs_review,
KLoSA,high,KLoSA,w__D702_04,w__D702_04 | w__D702_04y,w02D702_04 | w04D702_04 | w02D702_04y | w04D702_04y,지난 1차 조사 이후 동일일자리내 사업장이동시기(임금근로자)_4번째 | 지난 기본조사 이후 동일일자리내 사업장이동시기(임금근로자)_4번째(단위: 년4자리+ | 지난 1차 조사 이후 동일일자리내 사업장이동시기(임금근로자)_4번째(단위: 년4자리) | 지난 기본조사 이후 동일일자리내 사업장이동시기(임금근로자)_4번째(단위: 년4자리),2,4,"2,4",raw,4,2,normalized_label,needs_review,
KLoSA,high,KLoSA,w__D731_01_01,w__D731_01_01 | w__D732_01_01 | w__D732_01_01m | w__D732_01_01y | w__D733_01_01 | w__D734_01_01,w02D731_01_01 | w03D731_01_01 | w04D731_01_01 | w06D731_01_01 | w07D731_01_01 | w08D731_01_01 | w09D731_01_01 | w10D731_01_01 | w03D732_01_01 | w04D732_01_01 | w07D732_01_01 | w10D732_01_01 | w03D732_01_01m | w04D732_01_01m | w07D732_01_01m | w10D732_01_01m | w03D732_01_01y | w04D732_01_01y | w07D732_01_01y | w10D732_01_01y | w03D733_01_01 | w04D733_01_01 | w07D733_01_01 | w10D733_01_01 | w03D734_01_01 | w04D734_01_01 | w07D734_01_01 | w10D734_01_01,지난 1차 조사 이후 1번째 새로운 일자리에서의 변동(임금근로자)_1번째 내부이동 여 | 지난 기본조사 이후 1번째 새로운 일자리에서의 변동(임금근로자)_1번째 사업장 내부 | 지난 기본조사 이후 1번째 새로운 일자리에서의 변동(임금근로자)_1번째 사업장 내부이동 여부 | 지난 기본조사 이후 1번째 새로운 일자리에서의 변동(임금근로자)_1번째 사업장 이동여부 | 지난 기본조사 이후 1번째 새로운 일자리에서의 변동(임금근로자)_1번째 사업장 내부 | 지난 기본조사 이후 1번째 새로운 일자리에서의 변동(임금근로자)_1번째 사업장 이동시점(단위: 년4자리) | 지난 기본조사 이후 1번째 새로운 일자리에서의 변동(임금근로자)_1번째 사업장 내부 | 지난 기본조사 이후 1번째 새로운 일자리에서의 변동(임금근로자)_1번째 사업장 이동시점(단위: 년4자리+월2자리) | 지난 기본조사 이후 1번째 새로운 일자리에서의 변동(임금근로자)_1번째 사업장 내부 | 지난 기본조사 이후 1번째 새로운 일자리에서의 변동(임금근로자)_1번째 사업장 이동시점(단위: 월2자리) | 지난 기본조사 이후 1번째 새로운 일자리에서의 변동(임금근로자)_1번째 사업장 내부 | 지난 기본조사 이후 1번째 새로운 일자리에서의 변동(임금근로자)_1번째 이동사업장 종업원수 | 지난 기본조사 이후 1번째 새로운 일자리에서의 변동(임금근로자)_1번째 사업장 내부 | 지난 기본조사 이후 1번째 새로운 일자리에서의 변동(임금근로자)_1번째 이동사업장 종업원수(범위),2,10,"2,3,4,6,7,8,9,10",raw,28,6,normalized_label,needs_review,
KLoSA,high,KLoSA,w__D731_02_01,w__D731_02_01 | w__D732_02_01 | w__D732_02_01m | w__D732_02_01y | w__D733_02_01 | w__D734_02_01,w04D731_02_01 | w06D731_02_01 | w07D731_02_01 | w04D732_02_01 | w04D732_02_01m | w04D732_02_01y | w04D733_02_01 | w04D734_02_01,지난 기본조사 이후 2번째 새로운 일자리에서의 변동(임금근로자)_1번째 사업장 내부,4,7,"4,6,7",raw,8,6,normalized_label,needs_review,
KLoSA,high,KLoSA,w__D742_01_01,w__D742_01_01 | w__D743_01_01 | w__D744_01_01 | w__D745_01_01 | w__D746_01_01 | w__D747_01_01 | w__D747_01_01m | w__D747_01_01y,w04D742_01_01 | w06D742_01_01 | w07D742_01_01 | w10D742_01_01 | w04D743_01_01 | w06D743_01_01 | w10D743_01_01 | w04D744_01_01 | w06D744_01_01 | w10D744_01_01 | w04D745_01_01 | w06D745_01_01 | w10D745_01_01 | w04D746_01_01 | w06D746_01_01 | w07D746_01_01 | w10D746_01_01 | w04D747_01_01 | w06D747_01_01 | w07D747_01_01 | w10D747_01_01 | w04D747_01_01m | w06D747_01_01m | w07D747_01_01m | w10D747_01_01m | w04D747_01_01y | w06D747_01_01y | w07D747_01_01y | w10D747_01_01y,지난 기본조사 이후 1번째 새로운 일자리에서의 변동(비임금근로자)_1번째 변경직종 | 지난 기본조사 이후 1번째 새로운 일자리에서의 변동_1번째 변경직종 시점(단위: 년4자리) | 지난 기본조사 이후 1번째 새로운 일자리에서의 변동(비임금근로자)_1번째 변경직종 | 지난 기본조사 이후 1번째 새로운 일자리에서의 변동_1번째 변경직종 시점(단위: 년4자리+월2자리) | 지난 기본조사 이후 1번째 새로운 일자리에서의 변동(비임금근로자)_1번째 변경직종 | 지난 기본조사 이후 1번째 새로운 일자리에서의 변동_1번째 변경직종 시점(단위: 월2자리) | 지난 기본조사 이후 1번째 새로운 일자리에서의 변동(비임금근로자)_1번째 변경직종 | 지난 기본조사 이후 1번째 새로운 일자리에서의 변동_1번째 변경직종(대분류) | 지난 기본조사 이후 1번째 새로운 일자리에서의 변동(비임금근로자)_1번째 변경직종( | 지난 기본조사 이후 1번째 새로운 일자리에서의 변동_1번째 변경직종(중분류)_농림어업숙련근로자 | 지난 기본조사 이후 1번째 새로운 일자리에서의 변동(비임금근로자)_1번째 변경직종( | 지난 기본조사 이후 1번째 새로운 일자리에서의 변동_1번째 변경직종(중분류)_단순노무종사자 | 지난 기본조사 이후 1번째 새로운 일자리에서의 변동(비임금근로자)_1번째 변경직종( | 지난 기본조사 이후 1번째 새로운 일자리에서의 변동_1번째 변경직종(중분류)_사무직 | 지난 기본조사 이후 1번째 새로운 일자리에서의 변동(비임금근로자)_1번째 변경직종( | 지난 기본조사 이후 1번째 새로운 일자리에서의 변동_1번째 변경직종(중분류)_서비스근로자,4,10,"4,6,7,10",raw,29,8,normalized_label,needs_review,
KLoSA,high,KLoSA,w__D742_01_02,w__D742_01_02 | w__D743_01_02 | w__D744_01_02 | w__D745_01_02 | w__D746_01_02 | w__D747_01_02 | w__D747_01_02m | w__D747_01_02y,w06D742_01_02 | w06D743_01_02 | w06D744_01_02 | w06D745_01_02 | w06D746_01_02 | w06D747_01_02 | w06D747_01_02m | w06D747_01_02y,지난 기본조사 이후 1번째 새로운 일자리에서의 변동(비임금근로자)_2번째 변경직종 | 지난 기본조사 이후 1번째 새로운 일자리에서의 변동(비임금근로자)_2번째 변경직종(,6,6,6,raw,8,8,normalized_label,needs_review,
KLoSA,high,KLoSA,w__D742_02_01,w__D742_02_01 | w__D743_02_01 | w__D744_02_01 | w__D745_02_01 | w__D746_02_01 | w__D747_02_01 | w__D747_02_01m | w__D747_02_01y,w04D742_02_01 | w06D742_02_01 | w04D743_02_01 | w06D743_02_01 | w04D744_02_01 | w06D744_02_01 | w04D745_02_01 | w06D745_02_01 | w04D746_02_01 | w06D746_02_01 | w04D747_02_01 | w06D747_02_01 | w04D747_02_01m | w06D747_02_01m | w04D747_02_01y | w06D747_02_01y,지난 기본조사 이후 2번째 새로운 일자리에서의 변동(비임금근로자)_1번째 변경직종 | 지난 기본조사 이후 2번째 새로운 일자리에서의 변동(비임금근로자)_1번째 변경직종(,4,6,"4,6",raw,16,8,normalized_label,needs_review,
KLoSA,high,KLoSA,w__D742_02_02,w__D742_02_02 | w__D743_02_02 | w__D744_02_02 | w__D745_02_02 | w__D746_02_02 | w__D747_02_02 | w__D747_02_02m | w__D747_02_02y,w06D742_02_02 | w06D743_02_02 | w06D744_02_02 | w06D745_02_02 | w06D746_02_02 | w06D747_02_02 | w06D747_02_02m | w06D747_02_02y,지난 기본조사 이후 2번째 새로운 일자리에서의 변동(비임금근로자)_2번째 변경직종 | 지난 기본조사 이후 2번째 새로운 일자리에서의 변동(비임금근로자)_2번째 변경직종(,6,6,6,raw,8,8,normalized_label,needs_review,
KLoSA,high,KLoSA,w__D742_03_01,w__D742_03_01 | w__D743_03_01 | w__D744_03_01 | w__D745_03_01 | w__D746_03_01 | w__D747_03_01 | w__D747_03_01m | w__D747_03_01y,w06D742_03_01 | w08D742_03_01 | w06D743_03_01 | w06D744_03_01 | w06D745_03_01 | w06D746_03_01 | w06D747_03_01 | w08D747_03_01 | w06D747_03_01m | w08D747_03_01m | w06D747_03_01y | w08D747_03_01y,지난 기본조사 이후 3번째 새로운 일자리에서의 변동(비임금근로자)_1번째 변경직종 | 지난 기본조사 이후 3번째 새로운 일자리에서의 변동(비임금근로자)_1번째 변경직종 시기(단위: 년4자리) | 지난 기본조사 이후 3번째 새로운 일자리에서의 변동(비임금근로자)_1번째 변경직종 | 지난 기본조사 이후 3번째 새로운 일자리에서의 변동(비임금근로자)_1번째 변경직종 시기(단위: 월2자리) | 지난 기본조사 이후 3번째 새로운 일자리에서의 변동(비임금근로자)_1번째 변경직종 | 지난 기본조사 이후 3번째 새로운 일자리에서의 변동_1번째 변경직종 | 지난 기본조사 이후 3번째 새로운 일자리에서의 변동(비임금근로자)_1번째 변경직종 | 지난 기본조사 이후 3번째 새로운 일자리에서의 변동_1번째 변경직종 시기(단위: 년4자리+월2자리) | 지난 기본조사 이후 3번째 새로운 일자리에서의 변동(비임금근로자)_1번째 변경직종(,6,8,"6,8",raw,12,8,normalized_label,needs_review,
KLoSA,high,KLoSA,w__D742_03_02,w__D742_03_02 | w__D743_03_02 | w__D744_03_02 | w__D745_03_02 | w__D746_03_02 | w__D747_03_02 | w__D747_03_02m | w__D747_03_02y,w06D742_03_02 | w06D743_03_02 | w06D744_03_02 | w06D745_03_02 | w06D746_03_02 | w06D747_03_02 | w06D747_03_02m | w06D747_03_02y,지난 기본조사 이후 3번째 새로운 일자리에서의 변동(비임금근로자)_2번째 변경직종 | 지난 기본조사 이후 3번째 새로운 일자리에서의 변동(비임금근로자)_2번째 변경직종(,6,6,6,raw,8,8,normalized_label,needs_review,
KLoSA,high,KLoSA,w__Dadd8_02,w__Dadd8_02,w08Dadd8_02 | w09Dadd8_02 | w10Dadd8_02,직전 직장의 임금피크제 시행 여부(임금/자영/ 무급/구직자/은퇴자) | 직전 직장의 임금피크제 시행 여부(임금/자영/무급/구직자/은퇴자) | 현 직장/직전 직장의 임금피크제 시행 여부(임금/자영/무급/비근로),8,10,"8,9,10",structured,3,1,normalized_label,needs_review,
KLoSA,high,KLoSA,w__Dadd8_04,w__Dadd8_04,w08Dadd8_04 | w09Dadd8_04 | w10Dadd8_04,직전 직장의 임금피크제 적용의 선택가능 여부(임금/자영/무급/구직자/은퇴자 | 직전 직장의 임금피크제 적용의 선택가능 여부(임금/자영/무급/구직자/은퇴자) | 현 직장/직전 직장의 임금피크제 적용의 선택가능 여부(임금/자영/무급/비근로),8,10,"8,9,10",structured,3,1,normalized_label,needs_review,
KLoSA,high,KLoSA,w__Dadd8_17,w__Dadd8_17,w08Dadd8_17 | w09Dadd8_17 | w10Dadd8_17,직전 직장에서의 정년 이후 계속고용 또는 재고용 근로 여부(임금/자영/무급/구직자/은퇴자 | 직전 직장에서의 정년 이후 계속고용 또는 재고용 근로 여부(임금/자영/무급/구직자/은퇴자) | 현 직장/직전 직장에서의 정년 이후 계속고용 또는 재고용 근로 여부(임금/자영/무급/비근로),8,10,"8,9,10",structured,3,1,normalized_label,needs_review,
KLoSA,high,KLoSA,w__Dadd8_29,w__Dadd8_29,w08Dadd8_29 | w09Dadd8_29 | w10Dadd8_29,교육훈련 프로그램 이용에 대한 불만족 이유(임금/자영/무급/구직자/은 퇴자) | 교육훈련 프로그램 이용에 대한 불만족 이유(임금/자영/무급/구직자/은퇴자) | 교육훈련 프로그램 이용에 대한 불만족 이유(임금/자영/무급/비근로),8,10,"8,9,10",structured,3,1,normalized_label,needs_review,
KLoSA,high,KLoSA,w__Dadd8m02_05,w__Dadd8am02_05 | w__Dadd8m02_05,w08Dadd8am02_05 | w09Dadd8am02_05 | w10Dadd8am02_05 | w08Dadd8m02_05 | w09Dadd8m02_05 | w10Dadd8m02_05,직전 직장의 임금피크제 형태_②정년연장형(임금/자영/무급/구직자/은퇴자) | 현 직장/직전 직장의 임금피크제 형태_②정년연장형(임금/자영/무급/비근로) | 현 직장의 임금피크제 형태_②정년연장형(임금근로자) | 현 직장의 임금피크제 형태_②정년연장형(임금근로자),8,10,"8,9,10",raw | structured,6,2,normalized_label,needs_review,
KLoSA,high,KLoSA,w__Dadd8m05_05,w__Dadd8bm05_05 | w__Dadd8cm05_05 | w__Dadd8dm05_05 | w__Dadd8em05_05 | w__Dadd8m05_05,w08Dadd8bm05_05 | w08Dadd8cm05_05 | w08Dadd8dm05_05 | w08Dadd8em05_05 | w08Dadd8m05_05,직전 직장의 임금피크제 형태_응답거부,8,8,8,raw | structured,5,5,normalized_label,needs_review,
KLoSA,high,KLoSA,w__Dadd8m05_16,w__Dadd8bm05_16 | w__Dadd8cm05_16 | w__Dadd8dm05_16 | w__Dadd8em05_16 | w__Dadd8m05_16,w08Dadd8bm05_16 | w09Dadd8bm05_16 | w08Dadd8cm05_16 | w09Dadd8cm05_16 | w08Dadd8dm05_16 | w09Dadd8dm05_16 | w08Dadd8em05_16 | w09Dadd8em05_16 | w08Dadd8m05_16,직전 직장의 정년 이후 계속고용 또는 재고용시 근로 가능한 고용형태_응답거부 | 직전 직장의 정년 이후 계속고용 또는 재고용시 근로 가능한 고용형태_응답거부 | 직전 직장의 정년 이후 재고용시 근로 가능한 고용형태_응답거부,8,9,"8,9",raw | structured,9,5,normalized_label,needs_review,
KLoSA,high,KLoSA,w__Dadd8m06_05,w__Dadd8bm06_05 | w__Dadd8cm06_05 | w__Dadd8dm06_05 | w__Dadd8em06_05 | w__Dadd8m06_05,w08Dadd8bm06_05 | w08Dadd8cm06_05 | w08Dadd8dm06_05 | w08Dadd8em06_05 | w08Dadd8m06_05,직전 직장의 임금피크제 형태_모르겠음,8,8,8,raw | structured,5,5,normalized_label,needs_review,
KLoSA,high,KLoSA,w__Dadd8m06_16,w__Dadd8bm06_16 | w__Dadd8cm06_16 | w__Dadd8dm06_16 | w__Dadd8em06_16 | w__Dadd8m06_16,w08Dadd8bm06_16 | w09Dadd8bm06_16 | w08Dadd8cm06_16 | w09Dadd8cm06_16 | w08Dadd8dm06_16 | w09Dadd8dm06_16 | w08Dadd8em06_16 | w09Dadd8em06_16 | w08Dadd8m06_16,직전 직장의 정년 이후 계속고용 또는 재고용시 근로 가능한 고용형태_모르겠음 | 직전 직장의 정년 이후 계속고용 또는 재고용시 근로 가능한 고용형태_모르겠음 | 직전 직장의 정년 이후 재고용시 근로 가능한 고용형태_모르겠음,8,9,"8,9",raw | structured,9,5,normalized_label,needs_review,
KLoSA,medium,KLoSA,w__E002,w__E002 | w__e002,w01e002 | w02e002 | w03e002 | w04e002 | w05E002 | w06E002 | w07E002 | w08E002 | w09E002 | w10E002,지난해 소득 개월수(임금소득),1,10,"1,2,3,4,5,6,7,8,9,10",raw | structured | structured,17,2,normalized_label,needs_review,
KLoSA,medium,KLoSA,w__E011,w__E011 | w__e011,w01e011 | w02e011 | w03e011 | w04e011 | w05E011 | w06E011 | w07E011 | w08E011 | w09E011 | w10E011,지난해 소득 개월수(자영업/사업체소득),1,10,"1,2,3,4,5,6,7,8,9,10",raw | structured | structured,17,2,normalized_label,needs_review,
KLoSA,medium,KLoSA,w__E034,w__E034 | w__e034,w01e034 | w02e034 | w03e034 | w04e034 | w05E034 | w06E034 | w07E034 | w08E034 | w09E034 | w10E034,지난해 소득 개월수(국민연금소득),1,10,"1,2,3,4,5,6,7,8,9,10",raw | structured | structured,17,2,normalized_label,needs_review,
KLoSA,medium,KLoSA,w__E043,w__E043 | w__national_start,w01E043 | w02E043 | w03E043 | w04E043 | w05E043 | w06E043 | w07E043 | w08E043 | w09E043 | w10E043 | w07national_start | w08national_start | w09national_start | w10national_start,국민연금 최초 수급시기(단위: 년4자리+월2자리),1,10,"1,2,3,4,5,6,7,8,9,10",raw | structured | structured,21,2,normalized_label,needs_review,
KLoSA,medium,KLoSA,w__E043m,w__E043m | w__national_startm,w01E043m | w02E043m | w03E043m | w04E043m | w05E043m | w06E043m | w07E043m | w08E043m | w09E043m | w10E043m | w07national_startm | w08national_startm | w09national_startm | w10national_startm,국민연금 최초 수급시기(단위: 월2자리),1,10,"1,2,3,4,5,6,7,8,9,10",raw | structured | structured,21,2,normalized_label,needs_review,
KLoSA,medium,KLoSA,w__E043y,w__E043y | w__national_starty,w01E043y | w02E043y | w03E043y | w04E043y | w05E043y | w06E043y | w07E043y | w08E043y | w09E043y | w10E043y | w07national_starty | w08national_starty | w09national_starty | w10national_starty,국민연금 최초 수급시기(단위: 년4자리),1,10,"1,2,3,4,5,6,7,8,9,10",raw | structured | structured,21,2,normalized_label,needs_review,
KLoSA,medium,KLoSA,w__E045,w__E045 | w__e045,w01e045 | w02e045 | w03e045 | w04e045 | w05E045 | w06E045 | w07E045 | w08E045 | w09E045 | w10E045,지난해 소득 개월수(특수직역연금소득),1,10,"1,2,3,4,5,6,7,8,9,10",raw | structured | structured,17,2,normalized_label,needs_review,
KLoSA,medium,KLoSA,w__E054,w__E054 | w__particular_start,w01E054 | w02E054 | w03E054 | w04E054 | w05E054 | w06E054 | w07E054 | w08E054 | w09E054 | w10E054 | w07particular_start | w08particular_start | w09particular_start | w10particular_start,특수직역연금 최초 수급시기(단위: 년4자리+월2자리),1,10,"1,2,3,4,5,6,7,8,9,10",raw | structured | structured,21,2,normalized_label,needs_review,
KLoSA,medium,KLoSA,w__E054m,w__E054m | w__particular_startm,w01E054m | w02E054m | w03E054m | w04E054m | w05E054m | w06E054m | w07E054m | w08E054m | w09E054m | w10E054m | w07particular_startm | w08particular_startm | w09particular_startm | w10particular_startm,특수직역연금 최초 수급시기(단위: 월2자리),1,10,"1,2,3,4,5,6,7,8,9,10",raw | structured | structured,21,2,normalized_label,needs_review,
KLoSA,medium,KLoSA,w__E054y,w__E054y | w__particular_starty,w01E054y | w02E054y | w03E054y | w04E054y | w05E054y | w06E054y | w07E054y | w08E054y | w09E054y | w10E054y | w07particular_starty | w08particular_starty | w09particular_starty | w10particular_starty,특수직역연금 최초 수급시기(단위: 년4자리),1,10,"1,2,3,4,5,6,7,8,9,10",raw | structured | structured,21,2,normalized_label,needs_review,
KLoSA,medium,KLoSA,w__E056,w__E056 | w__e056,w01e056 | w02e056 | w03e056 | w04e056 | w05E056 | w06E056 | w07E056 | w08E056 | w09E056 | w10E056,지난해 소득 개월수(개인연금소득),1,10,"1,2,3,4,5,6,7,8,9,10",raw | structured | structured,17,2,normalized_label,needs_review,
KLoSA,medium,KLoSA,w__E065,w__E065 | w__personal_start,w01E065 | w02E065 | w03E065 | w04E065 | w05E065 | w06E065 | w07E065 | w08E065 | w09E065 | w10E065 | w07personal_start | w08personal_start | w09personal_start | w10personal_start,개인연금 최초 수급시기(단위: 년4자리+월2자리),1,10,"1,2,3,4,5,6,7,8,9,10",raw | structured | structured,21,2,normalized_label,needs_review,
KLoSA,medium,KLoSA,w__E065m,w__E065m | w__personal_startm,w01E065m | w02E065m | w03E065m | w04E065m | w05E065m | w06E065m | w07E065m | w08E065m | w09E065m | w10E065m | w07personal_startm | w08personal_startm | w09personal_startm | w10personal_startm,개인연금 최초 수급시기(단위: 월2자리),1,10,"1,2,3,4,5,6,7,8,9,10",raw | structured | structured,21,2,normalized_label,needs_review,
KLoSA,medium,KLoSA,w__E065y,w__E065y | w__personal_starty,w01E065y | w02E065y | w03E065y | w04E065y | w05E065y | w06E065y | w07E065y | w08E065y | w09E065y | w10E065y | w07personal_starty | w08personal_starty | w09personal_starty | w10personal_starty,개인연금 최초 수급시기(단위: 년4자리),1,10,"1,2,3,4,5,6,7,8,9,10",raw | structured | structured,21,2,normalized_label,needs_review,
KLoSA,medium,KLoSA,w__E070m1,w__E070m01 | w__E070m1,w01E070m01 | w02E070m01 | w03E070m01 | w04E070m01 | w09E070m01 | w10E070m01 | w05E070m1 | w06E070m1 | w07E070m1 | w08E070m1,지난해 사회보장소득의 수급여부_01(실업급여) | 지난해 사회보장소득의 수급여부_실업급여,1,10,"1,2,3,4,5,6,7,8,9,10",raw | structured,21,2,normalized_label,needs_review,
KLoSA,medium,KLoSA,w__E070m2,w__E070m02 | w__E070m2,w01E070m02 | w02E070m02 | w03E070m02 | w04E070m02 | w09E070m02 | w10E070m02 | w05E070m2 | w06E070m2 | w07E070m2 | w08E070m2,지난해 사회보장소득의 수급여부_02(산재급여) | 지난해 사회보장소득의 수급여부_산재급여,1,10,"1,2,3,4,5,6,7,8,9,10",raw | structured,21,2,normalized_label,needs_review,
KLoSA,medium,KLoSA,w__E070m3,w__E070m03 | w__E070m3,w01E070m03 | w02E070m03 | w03E070m03 | w04E070m03 | w09E070m03 | w10E070m03 | w05E070m3 | w06E070m3 | w07E070m3 | w08E070m3,지난해 사회보장소득의 수급여부_03(국민기초생활보장) | 지난해 사회보장소득의 수급여부_국민기초생활대상자 급여,1,10,"1,2,3,4,5,6,7,8,9,10",raw | structured,21,2,normalized_label,needs_review,
KLoSA,medium,KLoSA,w__E070m4,w__E070m04 | w__E070m4,w01E070m04 | w02E070m04 | w03E070m04 | w04E070m04 | w09E070m04 | w10E070m04 | w05E070m4 | w06E070m4 | w07E070m4 | w08E070m4,지난해 사회보장소득의 수급여부_04(보훈연금) | 지난해 사회보장소득의 수급여부_보훈연금 급여,1,10,"1,2,3,4,5,6,7,8,9,10",raw | structured,21,2,normalized_label,needs_review,
KLoSA,high,KLoSA,w__E070m5,w__E070m05 | w__E070m06 | w__E070m07 | w__E070m08 | w__E070m09 | w__E070m10 | w__E070m11 | w__E070m5 | w__E070m6 | w__E070m7 | w__E070m8 | w__E070m9,w01E070m05 | w02E070m05 | w03E070m05 | w04E070m05 | w09E070m05 | w10E070m05 | w01E070m06 | w02E070m06 | w03E070m06 | w04E070m06 | w09E070m06 | w10E070m06 | w01E070m07 | w02E070m07 | w03E070m07 | w04E070m07 | w09E070m07 | w10E070m07 | w01E070m08 | w02E070m08 | w03E070m08 | w04E070m08 | w09E070m08 | w10E070m08 | w05E070m10 | w06E070m10 | w07E070m10 | w08E070m10 | w09E070m10 | w10E070m10 | w05E070m5 | w06E070m5 | w07E070m5 | w08E070m5 | w05E070m6 | w06E070m6 | w07E070m6 | w08E070m6 | w05E070m7 | w06E070m7 | w07E070m7 | w08E070m7 | w05E070m8 | w06E070m8 | w07E070m8 | w08E070m8 | w05E070m9 | w06E070m9 | w07E070m9 | w08E070m9 | w06E070m11 | w07E070m11 | w08E070m11 | w09E070m11 | w10E070m11 | w09E070m09 | w10E070m09,지난해 사회보장소득의 수급여부_05(기초연금) | 지난해 사회보장소득의 수급여부_기초노령연금 | 지난해 사회보장소득의 수급여부_05(기초연금) | 지난해 사회보장소득의 수급여부_기타 사회복지수당 | 지난해 사회보장소득의 수급여부_06(장애인연금) | 지난해 사회보장소득의 수급여부_없음 | 지난해 사회보장소득의 수급여부_06(장애인연금) | 지난해 사회보장소득의 수급여부_장애인연금 | 지난해 사회보장소득의 수급여부_07(기타 사회복지수당) | 지난해 사회보장소득의 수급여부_기타 사회복지수당 | 지난해 사회보장소득의 수급여부_07(기타 사회복지수당) | 지난해 사회보장소득의 수급여부_응답거부 | 지난해 사회보장소득의 수급여부_08(근로장려금) | 지난해 사회보장소득의 수급여부_모르겠음 | 지난해 사회보장소득의 수급여부_08(근로장려금) | 지난해 사회보장소득의 수급여부_없음 | 지난해 사회보장소득의 수급여부_09(없음) | 지난해 사회보장소득의 수급여부_09(없음) | 지난해 사회보장소득의 수급여부_응답거부 | 지난해 사회보장소득의 수급여부_모르겠음 | 지난해 사회보장소득의 수급여부_모르겠음 | 지난해 사회보장소득의 수급여부_응답거부,1,10,"1,2,3,4,5,6,7,8,9,10",raw | structured,120,12,normalized_label,needs_review,
KLoSA,medium,KLoSA,w__E072,w__E072 | w__e072,w01e072 | w02e072 | w03e072 | w04e072 | w05E072 | w06E072 | w07E072 | w08E072 | w09E072 | w10E072,지난해 실업급여 수급 개월수,1,10,"1,2,3,4,5,6,7,8,9,10",raw | structured | structured,17,2,normalized_label,needs_review,
KLoSA,medium,KLoSA,w__E082,w__E082 | w__e082,w01e082 | w02e082 | w03e082 | w04e082 | w05E082 | w06E082 | w07E082 | w08E082 | w09E082 | w10E082,지난해 산재급여 수급 개월수,1,10,"1,2,3,4,5,6,7,8,9,10",raw | structured | structured,17,2,normalized_label,needs_review,
KLoSA,medium,KLoSA,w__E091,w__E091 | w__e091,w01e091 | w02e091 | w03e091 | w04e091 | w05E091,지난해 국민기초생활보장급여 수급 개월수,1,5,"1,2,3,4,5",raw | structured | structured,7,2,normalized_label,needs_review,
KLoSA,medium,KLoSA,w__E091_1,w__E091_1,w07E091_1 | w08E091_1 | w09E091_1 | w10E091_1,지난해  국민기초생활보장 급여 수급 기간_생계급여 | 지난해 국민기초생활보장 급여 수급 기간_생계급여,7,10,"7,8,9,10",raw | structured,8,1,normalized_label,needs_review,
KLoSA,medium,KLoSA,w__E091_3,w__E091_3,w07E091_3 | w08E091_3 | w09E091_3,지난해  국민기초생활보장 급여 수급 기간_교육급여 | 지난해 국민기초생활보장 급여 수급 기간_교육급여,7,9,"7,8,9",raw | structured,6,1,normalized_label,needs_review,
KLoSA,medium,KLoSA,w__E091_4,w__E091_4 | w__E091b_4,w07E091_4 | w08E091_4 | w09E091_4 | w10E091_4 | w09E091b_4,의료급여 수급 여부,7,10,"7,8,9,10",raw | structured | structured,8,2,normalized_label,needs_review,
KLoSA,medium,KLoSA,w__E092_3,w__E092_3,w07E092_3 | w08E092_3 | w09E092_3,지난해  국민기초생활보장 급여 월평균 금액_교육급여 | 지난해 국민기초생활보장 급여 월평균 금액_교육급여,7,9,"7,8,9",raw | structured,6,1,normalized_label,needs_review,
KLoSA,medium,KLoSA,w__E099,w__E099 | w__guarantee_start,w01E099 | w02E099 | w03E099 | w04E099 | w05E099 | w06E099 | w07E099 | w08E099 | w09E099 | w10E099 | w07guarantee_start | w08guarantee_start | w09guarantee_start | w10guarantee_start,국민기초생활보장급여 최초 수급시기(단위: 년4자리+월2자리),1,10,"1,2,3,4,5,6,7,8,9,10",raw | structured | structured,21,2,normalized_label,needs_review,
KLoSA,medium,KLoSA,w__E099m,w__E099m | w__guarantee_startm,w01E099m | w02E099m | w03E099m | w04E099m | w05E099m | w06E099m | w07E099m | w08E099m | w09E099m | w10E099m | w07guarantee_startm | w08guarantee_startm | w09guarantee_startm | w10guarantee_startm,국민기초생활보장급여 최초 수급시기(단위: 월2자리),1,10,"1,2,3,4,5,6,7,8,9,10",raw | structured | structured,21,2,normalized_label,needs_review,
KLoSA,medium,KLoSA,w__E099y,w__E099y | w__guarantee_starty,w01E099y | w02E099y | w03E099y | w04E099y | w05E099y | w06E099y | w07E099y | w08E099y | w09E099y | w10E099y | w07guarantee_starty | w08guarantee_starty | w09guarantee_starty | w10guarantee_starty,국민기초생활보장급여 최초 수급시기(단위: 년4자리),1,10,"1,2,3,4,5,6,7,8,9,10",raw | structured | structured,21,2,normalized_label,needs_review,
KLoSA,medium,KLoSA,w__E101,w__E101 | w__e101,w01e101 | w02e101 | w03e101 | w04e101 | w05E101 | w06E101 | w07E101 | w08E101 | w09E101 | w10E101,지난해 보훈연금급여 수급 개월수,1,10,"1,2,3,4,5,6,7,8,9,10",raw | structured | structured,17,2,normalized_label,needs_review,
KLoSA,high,KLoSA,w__E110,w__E110 | w__exploit_start,w01E110 | w02E110 | w03E110 | w04E110 | w05E110 | w06E110 | w07E110 | w08E110 | w09E110 | w10E110 | w07exploit_start | w08exploit_start | w09exploit_start | w10exploit_start,보훈연금 급여 최초 수급시기(단위: 년4자리+월2자리) | 보훈연금 급여 최초 수급시기(단위: 년4자리+월2자리) | 보훈연금 최초 수급시기(단위: 년4자리+월2자리),1,10,"1,2,3,4,5,6,7,8,9,10",raw | structured | structured,21,2,normalized_label,needs_review,
KLoSA,high,KLoSA,w__E110m,w__E110m | w__exploit_startm,w01E110m | w02E110m | w03E110m | w04E110m | w05E110m | w06E110m | w07E110m | w08E110m | w09E110m | w10E110m | w07exploit_startm | w08exploit_startm | w09exploit_startm | w10exploit_startm,보훈연금 급여 최초 수급시기(단위: 월2자리) | 보훈연금 급여 최초 수급시기(단위: 월2자리) | 보훈연금 최초 수급시기(단위: 월2자리),1,10,"1,2,3,4,5,6,7,8,9,10",raw | structured | structured,21,2,normalized_label,needs_review,
KLoSA,high,KLoSA,w__E110y,w__E110y | w__exploit_starty,w01E110y | w02E110y | w03E110y | w04E110y | w05E110y | w06E110y | w07E110y | w08E110y | w09E110y | w10E110y | w07exploit_starty | w08exploit_starty | w09exploit_starty | w10exploit_starty,보훈연금 급여 최초 수급시기(단위: 년4자리) | 보훈연금 급여 최초 수급시기(단위: 년4자리) | 보훈연금 최초 수급시기(단위: 년4자리),1,10,"1,2,3,4,5,6,7,8,9,10",raw | structured | structured,21,2,normalized_label,needs_review,
KLoSA,high,KLoSA,w__E111,w__E111 | w__E132 | w__E153 | w__e111,w01E132 | w02E132 | w03E132 | w04E132 | w05E132 | w06E132 | w07E132 | w08E132 | w09E132 | w10E132 | w01e111 | w02e111 | w03e111 | w04e111 | w05E111 | w06E111 | w07E111 | w08E111 | w09E111 | w10E111 | w06E153 | w07E153 | w08E153 | w09E153 | w10E153,Ea 도움정도 | Ea 도움정도 | 지난해 기타 사회복지수당 수급 개월수 | 지난해 기초노령연금 수급 확인 | 지난해 기초연금 수급 확인 | 지난해 기타 사회복지수당 수급 개월수,1,10,"1,2,3,4,5,6,7,8,9,10",raw | structured | structured,48,4,normalized_label | normalized_name,needs_review,
KLoSA,high,KLoSA,w__E119,w__E119 | w__E140,w01E119 | w02E119 | w03E119 | w04E119 | w06E119 | w05E140 | w06E140 | w07E140 | w08E140 | w09E140 | w10E140,E114 Unfolding5 | 지난해 기타소득 여부 | 지난해 기타소득 여부,1,10,"1,2,3,4,5,6,7,8,9,10",raw | structured,22,2,normalized_label,needs_review,
KLoSA,high,KLoSA,w__E120,w__E120 | w__E141 | w__basic_start,w01E120 | w02E120 | w03E120 | w04E120 | w05E120 | w06E120 | w07E120 | w08E120 | w09E120 | w10E120 | w05E141 | w06E141 | w07E141 | w08E141 | w09E141 | w10E141 | w07basic_start | w08basic_start | w09basic_start | w10basic_start,기초연금 최초 수급 시기(단위: 년4자리+월2자리) | 기초연금 최초 수급시기(단위: 년4자리+월2자리) | 지난해 기초연금 수급시기(단위: 년4자리+월2자리) | 기초연금 최초 수급 시기(단위: 년4자리+월2자리) | 지난해 기초노령연금 수급시기(단위: 년4자리+월2자리) | 지난해 기초연금 수급시기(단위: 년4자리+월2자리) | 지난해 기타 총소득 | 지난해 기타 총소득,1,10,"1,2,3,4,5,6,7,8,9,10",raw | structured | structured,34,3,normalized_label,needs_review,
KLoSA,high,KLoSA,w__E120m,w__E120m | w__basic_startm,w06E120m | w07E120m | w08E120m | w09E120m | w10E120m | w07basic_startm | w08basic_startm | w09basic_startm | w10basic_startm,기초연금 최초 수급 시기(단위: 월2자리) | 기초연금 최초 수급시기(단위: 월2자리) | 지난해 기초연금 수급시기(단위: 월2자리) | 기초연금 최초 수급 시기(단위: 월2자리) | 지난해 기초연금 수급시기(단위: 월2자리),6,10,"6,7,8,9,10",raw | structured | structured,10,2,normalized_label,needs_review,
KLoSA,high,KLoSA,w__E120y,w__E120y | w__basic_starty,w06E120y | w07E120y | w08E120y | w09E120y | w10E120y | w07basic_starty | w08basic_starty | w09basic_starty | w10basic_starty,기초연금 최초 수급 시기(단위: 년4자리) | 기초연금 최초 수급시기(단위: 년4자리) | 지난해 기초연금 수급시기(단위: 년4자리) | 기초연금 최초 수급 시기(단위: 년4자리) | 지난해 기초연금 수급시기(단위: 년4자리),6,10,"6,7,8,9,10",raw | structured | structured,10,2,normalized_label,needs_review,
KLoSA,high,KLoSA,w__E126,w__E126 | w__E147,w01E126 | w02E126 | w03E126 | w04E126 | w06E126 | w05E147 | w06E147 | w07E147 | w08E147 | w09E147 | w10E147,E124 Unfolding2 | 지난해 가구 총소득 | 지난해 가구 총소득,1,10,"1,2,3,4,5,6,7,8,9,10",raw | structured,22,2,normalized_label,needs_review,
KLoSA,high,KLoSA,w__E130,w__E130 | w__disabled_start,w01E130 | w02E130 | w03E130 | w04E130 | w05E130 | w06E130 | w07E130 | w08E130 | w09E130 | w10E130 | w07disabled_start | w08disabled_start | w09disabled_start | w10disabled_start,E126 Unfolding4 | 지난해 장애인연금 수급시기(단위: 년4자리+월2자리) | 장애인연금 최초 수급시기(단위: 년4자리+월2자리) | 지난해 장애인연금 수급시기(단위: 년4자리+월2자리),1,10,"1,2,3,4,5,6,7,8,9,10",raw | structured | structured,17,2,normalized_label,needs_review,
KLoSA,high,KLoSA,w__E130m,w__E130m | w__disabled_startm,w06E130m | w07E130m | w08E130m | w09E130m | w10E130m | w07disabled_startm | w08disabled_startm | w09disabled_startm | w10disabled_startm,장애인연금 최초 수급시기(단위: 월2자리) | 지난해 장애인연금 수급시기(단위: 월2자리) | 지난해 장애인연금 수급시기(단위: 월2자리),6,10,"6,7,8,9,10",raw | structured | structured,10,2,normalized_label,needs_review,
KLoSA,high,KLoSA,w__E130y,w__E130y | w__disabled_starty,w06E130y | w07E130y | w08E130y | w09E130y | w10E130y | w07disabled_starty | w08disabled_starty | w09disabled_starty | w10disabled_starty,장애인연금 최초 수급시기(단위: 년4자리) | 지난해 장애인연금 수급시기(단위: 년4자리) | 지난해 장애인연금 수급시기(단위: 년4자리),6,10,"6,7,8,9,10",raw | structured | structured,10,2,normalized_label,needs_review,
KLoSA,high,KLoSA,w__E133,w__E133 | w__E154,w01E133 | w02E133 | w03E133 | w04E133 | w05E133 | w06E133 | w07E133 | w08E133 | w09E133 | w10E133 | w06E154 | w07E154 | w08E154 | w09E154 | w10E154,Ea 대리인관계 | Ea 대리인관계 | 지난해 월 평균 수급금액(기타 사회복지수당급여),1,10,"1,2,3,4,5,6,7,8,9,10",raw | structured,31,2,normalized_label,needs_review,
KLoSA,medium,KLoSA,w__E140_0,w__E140_0 | w__wkpromote,w06E140_0 | w07E140_0 | w08E140_0 | w09E140_0 | w10E140_0 | w06wkpromote | w07wkpromote | w08wkpromote | w09wkpromote | w10wkpromote,지난해 근로장려금 수급 금액,6,10,"6,7,8,9,10",raw | structured | structured,15,2,normalized_label,needs_review,
KLoSA,medium,KLoSA,w__E250,w__E250,w06E250 | w07E250,E249 Unfolding1 | E249_Unfolding1,6,7,"6,7",raw,2,1,normalized_label,needs_review,
KLoSA,high,KLoSA,w__E251,w__E251 | w__E281,w02E251 | w03E251 | w04E251 | w05E251 | w06E251 | w07E251 | w08E251 | w09E251 | w10E251 | w05E281 | w06E281 | w07E281 | w08E281 | w09E281 | w10E281,"E249 Unfolding2 | E249_Unfolding2 | 지난해 월평균 저축액(일반저축, 적금, 보험, 개인연금 등 포함) | 지난해 월평균 저축액(일반저축, 적금, 보험, 개인연금 등 포함)",2,10,"2,3,4,5,6,7,8,9,10",light | raw | structured | raw,30,2,normalized_label,needs_review,
KLoSA,high,KLoSA,w__E251ct,w__E251ct | w__e251ct,w02E251ct | w03E251ct | w04E251ct | w05e251ct | w06e251ct | w07e251ct | w08e251ct,E251의 Unfolding Bracket 설문에 대한 구간 값 | w02E251의 Unfolding Bracket 설문에 대한 구간 값 | w03E251의 Unfolding Bracket 설문에 대한 구간 값 | w04E251의 Unfolding Bracket 설문에 대한 구간 값,2,8,"2,3,4,5,6,7,8",raw | structured | structured,10,2,normalized_name,needs_review,
KLoSA,high,KLoSA,w__E252,w__E252,w02E252 | w03E252 | w04E252 | w06E252 | w07E252,E249 Unfolding3 | E249_Unfolding3 | E251 Unfolding1,2,7,"2,3,4,6,7",raw,5,1,normalized_label,needs_review,
KLoSA,high,KLoSA,w__E253,w__E253,w02E253 | w03E253 | w04E253 | w06E253 | w07E253,E249 Unfolding4 | E249_Unfolding4 | E251 Unfolding2,2,7,"2,3,4,6,7",raw,5,1,normalized_label,needs_review,
KLoSA,high,KLoSA,w__E254,w__E254,w02E254 | w03E254 | w04E254 | w06E254 | w07E254,E249 Unfolding5 | E249_Unfolding5 | E251 Unfolding3,2,7,"2,3,4,6,7",raw,5,1,normalized_label,needs_review,
KLoSA,high,KLoSA,w__E256,w__E256,w02E256 | w03E256 | w04E256 | w06E256 | w07E256,E251 Unfolding5 | E255 Unfolding1 | E255_Unfolding1,2,7,"2,3,4,6,7",raw,5,1,normalized_label,needs_review,
KLoSA,high,KLoSA,w__E257,w__E257 | w__E287,w02E257 | w03E257 | w04E257 | w06E257 | w07E257 | w06E287 | w07E287 | w08E287 | w09E287 | w10E287,E255 Unfolding2 | E255_Unfolding2 | Eb 도움정도 | Eb 도움정도,2,10,"2,3,4,6,7,8,9,10",raw | structured,18,2,normalized_label,needs_review,
KLoSA,high,KLoSA,w__E258,w__E258 | w__E288,w02E258 | w03E258 | w04E258 | w06E258 | w07E258 | w06E288 | w07E288 | w08E288 | w09E288 | w10E288,E255 Unfolding3 | E255_Unfolding3 | Eb 대리인관계 | Eb 대리인관계,2,10,"2,3,4,6,7,8,9,10",raw | structured,18,2,normalized_label,needs_review,
KLoSA,medium,KLoSA,w__E259,w__E259,w06E259 | w07E259,E255 Unfolding4 | E255_Unfolding4,6,7,"6,7",raw,2,1,normalized_label,needs_review,
KLoSA,medium,KLoSA,w__E260,w__E260,w06E260 | w07E260,E255 Unfolding5 | E255_Unfolding5,6,7,"6,7",raw,2,1,normalized_label,needs_review,
KLoSA,medium,KLoSA,w__E262,w__E262,w06E262 | w07E262,E261 Unfolding1 | E261_Unfolding1,6,7,"6,7",raw,2,1,normalized_label,needs_review,
KLoSA,medium,KLoSA,w__E263,w__E263,w06E263 | w07E263,E261 Unfolding2 | E261_Unfolding2,6,7,"6,7",raw,2,1,normalized_label,needs_review,
KLoSA,medium,KLoSA,w__E264,w__E264,w06E264 | w07E264,E261 Unfolding3 | E261_Unfolding3,6,7,"6,7",raw,2,1,normalized_label,needs_review,
KLoSA,medium,KLoSA,w__E265,w__E265,w06E265 | w07E265,E261 Unfolding4 | E261_Unfolding4,6,7,"6,7",raw,2,1,normalized_label,needs_review,
KLoSA,medium,KLoSA,w__E266,w__E266,w06E266 | w07E266,E261 Unfolding5 | E261_Unfolding5,6,7,"6,7",raw,2,1,normalized_label,needs_review,
KLoSA,medium,KLoSA,w__E268,w__E268,w06E268 | w07E268,E267 Unfolding1 | E267_Unfolding1,6,7,"6,7",raw,2,1,normalized_label,needs_review,
KLoSA,medium,KLoSA,w__E269,w__E269,w06E269 | w07E269,E267 Unfolding2 | E267_Unfolding2,6,7,"6,7",raw,2,1,normalized_label,needs_review,
KLoSA,medium,KLoSA,w__E270,w__E270,w06E270 | w07E270,E267 Unfolding3 | E267_Unfolding3,6,7,"6,7",raw,2,1,normalized_label,needs_review,
KLoSA,medium,KLoSA,w__E271,w__E271,w06E271 | w07E271,E267 Unfolding4 | E267_Unfolding4,6,7,"6,7",raw,2,1,normalized_label,needs_review,
KLoSA,medium,KLoSA,w__E272,w__E272,w06E272 | w07E272,E267 Unfolding5 | E267_Unfolding5,6,7,"6,7",raw,2,1,normalized_label,needs_review,
KLoSA,medium,KLoSA,w__E274,w__E274,w06E274 | w07E274,E273 Unfolding1 | E273_Unfolding1,6,7,"6,7",raw,2,1,normalized_label,needs_review,
KLoSA,medium,KLoSA,w__E275,w__E275,w06E275 | w07E275,E273 Unfolding2 | E273_Unfolding2,6,7,"6,7",raw,2,1,normalized_label,needs_review,
KLoSA,medium,KLoSA,w__E276,w__E276,w06E276 | w07E276,E273 Unfolding3 | E273_Unfolding3,6,7,"6,7",raw,2,1,normalized_label,needs_review,
KLoSA,medium,KLoSA,w__E277,w__E277,w06E277 | w07E277,E273 Unfolding4 | E273_Unfolding4,6,7,"6,7",raw,2,1,normalized_label,needs_review,
KLoSA,medium,KLoSA,w__E278,w__E278,w06E278 | w07E278,E273 Unfolding5 | E273_Unfolding5,6,7,"6,7",raw,2,1,normalized_label,needs_review,
KLoSA,medium,KLoSA,w__E279_1,w__E249_01 | w__E279_1,w02E249_01 | w03E249_01 | w04E249_01 | w05E279_1 | w06E279_1 | w07E279_1 | w08E279_1 | w09E279_1 | w10E279_1,생활비 부족시 마련 방법_1순위,2,10,"2,3,4,5,6,7,8,9,10",raw | structured,19,2,normalized_label,needs_review,
KLoSA,medium,KLoSA,w__E279_2,w__E249_02 | w__E279_2,w02E249_02 | w03E249_02 | w04E249_02 | w05E279_2 | w06E279_2 | w07E279_2 | w08E279_2 | w09E279_2 | w10E279_2,생활비 부족시 마련 방법_2순위,2,10,"2,3,4,5,6,7,8,9,10",raw | structured,19,2,normalized_label,needs_review,
KLoSA,medium,KLoSA,w__E279_3,w__E249_03 | w__E279_3,w02E249_03 | w03E249_03 | w04E249_03 | w05E279_3 | w06E279_3 | w07E279_3 | w08E279_3 | w09E279_3 | w10E279_3,생활비 부족시 마련 방법_3순위,2,10,"2,3,4,5,6,7,8,9,10",raw | structured,19,2,normalized_label,needs_review,
KLoSA,medium,KLoSA,w__E280_1,w__E250_01 | w__E280_1,w02E250_01 | w03E250_01 | w04E250_01 | w05E280_1 | w06E280_1 | w07E280_1 | w08E280_1 | w09E280_1,기타 마련 방법_1순위,2,10,"2,3,4,5,6,7,8,9,10",raw | structured,18,2,normalized_label,needs_review,
KLoSA,medium,KLoSA,w__E280_2,w__E250_02 | w__E280_2,w02E250_02 | w03E250_02 | w04E250_02 | w05E280_2 | w06E280_2 | w07E280_2 | w08E280_2 | w09E280_2,기타 마련 방법_2순위,2,10,"2,3,4,5,6,7,8,9,10",raw | structured,17,2,normalized_label,needs_review,
KLoSA,medium,KLoSA,w__E280_3,w__E250_03 | w__E280_3,w02E250_03 | w03E250_03 | w04E250_03 | w05E280_3 | w06E280_3 | w07E280_3 | w08E280_3 | w09E280_3,기타 마련 방법_3순위,2,10,"2,3,4,5,6,7,8,9,10",raw | structured,17,2,normalized_label,needs_review,
KLoSA,high,KLoSA,w__F005,w__F005 | w__F034 | w__F042,w01F005 | w02F005 | w03F005 | w04F005 | w05F005 | w06F005 | w07F005 | w08F005 | w09F005 | w10F005 | w02F034 | w03F034 | w04F034 | w05F034 | w06F034 | w07F034 | w08F034 | w09F034 | w10F034 | w02F042 | w03F042 | w04F042 | w05F042 | w06F042 | w07F042 | w08F042 | w09F042 | w10F042,거주 주택의 공동 명의자 수(월세) | 공동명의자 | 거주 주택의 공동 명의자 수(자가) | 공동명의자 | 거주 주택의 공동 명의자 수(전세) | 공동명의자,1,10,"1,2,3,4,5,6,7,8,9,10",raw | structured,59,3,normalized_label,needs_review,
KLoSA,high,KLoSA,w__F007ct,w__F007ct,w01F007ct | w02F007ct | w03F007ct | w04F007ct | w05F007ct | w06F007ct | w07F007ct | w10F007ct,F007의 Unfolding Bracket 설문에 대한 구간 값 | W07F007의 Unfolding Bracket 설문에 대한 구간 값 | w03F007의 Unfolding Bracket 설문에 대한 구간 값 | w04F007의 Unfolding Bracket 설문에 대한 구간 값 | w05F007의 Unfolding Bracket 설문에 대한 구간 값 | w06F007의 Unfolding Bracket 설문에 대한 구간 값 | w07F007의 Unfolding Bracket 설문에 대한 구간 값,1,10,"1,2,3,4,5,6,7,10",raw | structured,17,1,normalized_label,needs_review,
KLoSA,medium,KLoSA,w__F014m1,w__F014m01 | w__F014m1,w01F014m01 | w02F014m01 | w03F014m01 | w04F014m01 | w05F014m01 | w06F014m01 | w07F014m01 | w08F014m01 | w09F014m01 | w10F014m01 | w01F014m1 | w02F014m1 | w03F014m1 | w04F014m1 | w05F014m1,거주 주택의 일부 세줌 1) 전세,1,10,"1,2,3,4,5,6,7,8,9,10",raw | raw | structured,21,2,normalized_label,needs_review,
KLoSA,medium,KLoSA,w__F014m2,w__F014m02 | w__F014m2,w01F014m02 | w02F014m02 | w03F014m02 | w04F014m02 | w05F014m02 | w06F014m02 | w07F014m02 | w08F014m02 | w09F014m02 | w10F014m02 | w01F014m2 | w02F014m2 | w03F014m2 | w04F014m2 | w05F014m2,거주 주택의 일부 세줌 2) 보증금 있는 월세,1,10,"1,2,3,4,5,6,7,8,9,10",raw | raw | structured,21,2,normalized_label,needs_review,
KLoSA,medium,KLoSA,w__F014m3,w__F014m03 | w__F014m3,w01F014m03 | w02F014m03 | w03F014m03 | w04F014m03 | w05F014m03 | w06F014m03 | w07F014m03 | w08F014m03 | w09F014m03 | w10F014m03 | w01F014m3 | w02F014m3 | w03F014m3 | w04F014m3 | w05F014m3,거주 주택의 일부 세줌 3) 보증금 없는 월세,1,10,"1,2,3,4,5,6,7,8,9,10",raw | raw | structured,21,2,normalized_label,needs_review,
KLoSA,medium,KLoSA,w__F014m4,w__F014m04 | w__F014m4,w01F014m04 | w02F014m04 | w03F014m04 | w04F014m04 | w05F014m04 | w06F014m04 | w07F014m04 | w08F014m04 | w09F014m04 | w10F014m04 | w01F014m4 | w02F014m4 | w03F014m4 | w04F014m4 | w05F014m4,거주 주택의 일부 세줌 4) 세를 주고 있지 않음,1,10,"1,2,3,4,5,6,7,8,9,10",raw | raw | structured,21,2,normalized_label,needs_review,
KLoSA,high,KLoSA,w__F014m5,w__F014m05 | w__F014m5,w01F014m05 | w03F014m05 | w04F014m05 | w05F014m05 | w06F014m05 | w07F014m05 | w08F014m05 | w09F014m05 | w01F014m5 | w03F014m5 | w04F014m5 | w05F014m5,거주 주택의 일부 세줌 5) 거절 | 거주 주택의 일부 세줌 5) 거절 | 거주 주택의 일부 세줌 5) 응답거절,1,9,"1,3,4,5,6,7,8,9",raw | raw | structured,17,2,normalized_label,needs_review,
KLoSA,high,KLoSA,w__F014m6,w__F014m06 | w__F014m6,w01F014m06 | w03F014m06 | w04F014m06 | w05F014m06 | w06F014m06 | w07F014m06 | w08F014m06 | w01F014m6 | w03F014m6 | w04F014m6 | w05F014m6,거주 주택의 일부 세줌 6) 모르겠음 | 거주 주택의 일부 세줌 6) 모름 | 거주 주택의 일부 세줌 6) 모름,1,8,"1,3,4,5,6,7,8",raw | raw | structured,14,2,normalized_label,needs_review,
KLoSA,high,KLoSA,w__F015ct,w__F015ct,w01F015ct | w02F015ct | w03F015ct | w04F015ct | w05F015ct | w06F015ct | w07F015ct | w10F015ct,F015의 Unfolding Bracket 설문에 대한 구간 값 | W07F015의 Unfolding Bracket 설문에 대한 구간 값 | w03F015의 Unfolding Bracket 설문에 대한 구간 값 | w04F015의 Unfolding Bracket 설문에 대한 구간 값 | w05F015의 Unfolding Bracket 설문에 대한 구간 값 | w06F015의 Unfolding Bracket 설문에 대한 구간 값 | w07F015의 Unfolding Bracket 설문에 대한 구간 값,1,10,"1,2,3,4,5,6,7,10",raw | structured,17,1,normalized_label,needs_review,
KLoSA,high,KLoSA,w__F021ct,w__F021ct,w01F021ct | w02F021ct | w03F021ct | w04F021ct | w05F021ct | w06F021ct | w07F021ct | w10F021ct,F021의 Unfolding Bracket 설문에 대한 구간 값 | W07F021의 Unfolding Bracket 설문에 대한 구간 값 | w03F021의 Unfolding Bracket 설문에 대한 구간 값 | w04F021의 Unfolding Bracket 설문에 대한 구간 값 | w05F021의 Unfolding Bracket 설문에 대한 구간 값 | w06F021의 Unfolding Bracket 설문에 대한 구간 값 | w07F021의 Unfolding Bracket 설문에 대한 구간 값,1,10,"1,2,3,4,5,6,7,10",raw | structured,17,1,normalized_label,needs_review,
KLoSA,high,KLoSA,w__F027ct,w__F027ct,w01F027ct | w02F027ct | w03F027ct | w04F027ct | w06F027ct | w07F027ct | w10F027ct,F027의 Unfolding Bracket 설문에 대한 구간 값 | W07F027의 Unfolding Bracket 설문에 대한 구간 값 | w03F027의 Unfolding Bracket 설문에 대한 구간 값 | w04F027의 Unfolding Bracket 설문에 대한 구간 값 | w06F027의 Unfolding Bracket 설문에 대한 구간 값 | w07F027의 Unfolding Bracket 설문에 대한 구간 값,1,10,"1,2,3,4,6,7,10",raw | structured,14,1,normalized_label,needs_review,
KLoSA,high,KLoSA,w__F035ct,w__F035ct,w01F035ct | w02F035ct | w03F035ct | w04F035ct | w05F035ct | w06F035ct | w07F035ct | w10F035ct,F035의 Unfolding Bracket 설문에 대한 구간 값 | W07F035의 Unfolding Bracket 설문에 대한 구간 값 | w03F035의 Unfolding Bracket 설문에 대한 구간 값 | w04F035의 Unfolding Bracket 설문에 대한 구간 값 | w05F035의 Unfolding Bracket 설문에 대한 구간 값 | w06F035의 Unfolding Bracket 설문에 대한 구간 값 | w07F035의 Unfolding Bracket 설문에 대한 구간 값,1,10,"1,2,3,4,5,6,7,10",raw | structured,17,1,normalized_label,needs_review,
KLoSA,high,KLoSA,w__F043ct,w__F043ct,w01F043ct | w02F043ct | w03F043ct | w04F043ct | w06F043ct | w07F043ct | w10F043ct,F043의 Unfolding Bracket 설문에 대한 구간 값 | W07F043의 Unfolding Bracket 설문에 대한 구간 값 | w03F043의 Unfolding Bracket 설문에 대한 구간 값 | w04F043의 Unfolding Bracket 설문에 대한 구간 값 | w06F043의 Unfolding Bracket 설문에 대한 구간 값 | w07F043의 Unfolding Bracket 설문에 대한 구간 값,1,10,"1,2,3,4,6,7,10",raw | structured,14,1,normalized_label,needs_review,
KLoSA,high,KLoSA,w__F049ct,w__F049ct,w01F049ct | w02F049ct | w03F049ct | w04F049ct | w05F049ct | w06F049ct | w07F049ct | w10F049ct,F049의 Unfolding Bracket 설문에 대한 구간 값 | W07F049의 Unfolding Bracket 설문에 대한 구간 값 | w03F049의 Unfolding Bracket 설문에 대한 구간 값 | w04F049의 Unfolding Bracket 설문에 대한 구간 값 | w05F049의 Unfolding Bracket 설문에 대한 구간 값 | w06F049의 Unfolding Bracket 설문에 대한 구간 값 | w07F049의 Unfolding Bracket 설문에 대한 구간 값,1,10,"1,2,3,4,5,6,7,10",raw | structured,17,1,normalized_label,needs_review,
KLoSA,high,KLoSA,w__F058ct,w__F058ct,w01F058ct | w02F058ct | w03F058ct | w04F058ct | w05F058ct | w06F058ct | w07F058ct | w10F058ct,F058의 Unfolding Bracket 설문에 대한 구간 값 | W07F058의 Unfolding Bracket 설문에 대한 구간 값 | w03F058의 Unfolding Bracket 설문에 대한 구간 값 | w04F058의 Unfolding Bracket 설문에 대한 구간 값 | w05F058의 Unfolding Bracket 설문에 대한 구간 값 | w06F058의 Unfolding Bracket 설문에 대한 구간 값 | w07F058의 Unfolding Bracket 설문에 대한 구간 값,1,10,"1,2,3,4,5,6,7,10",raw | structured,17,1,normalized_label,needs_review,
KLoSA,high,KLoSA,w__F065ct,w__F065ct,w01F065ct | w02F065ct | w03F065ct | w04F065ct | w05F065ct | w06F065ct | w07F065ct | w10F065ct,F065의 Unfolding Bracket 설문에 대한 구간 값 | W07F065의 Unfolding Bracket 설문에 대한 구간 값 | w03F065의 Unfolding Bracket 설문에 대한 구간 값 | w04F065의 Unfolding Bracket 설문에 대한 구간 값 | w05F065의 Unfolding Bracket 설문에 대한 구간 값 | w06F065의 Unfolding Bracket 설문에 대한 구간 값 | w07F065의 Unfolding Bracket 설문에 대한 구간 값,1,10,"1,2,3,4,5,6,7,10",raw | structured,17,1,normalized_label,needs_review,
KLoSA,high,KLoSA,w__F072ct,w__F072ct,w01F072ct | w02F072ct | w03F072ct | w04F072ct | w05F072ct | w06F072ct | w07F072ct | w10F072ct,F072의 Unfolding Bracket 설문에 대한 구간 값 | W07F072의 Unfolding Bracket 설문에 대한 구간 값 | w03F072의 Unfolding Bracket 설문에 대한 구간 값 | w04F072의 Unfolding Bracket 설문에 대한 구간 값 | w05F072의 Unfolding Bracket 설문에 대한 구간 값 | w06F072의 Unfolding Bracket 설문에 대한 구간 값 | w07F072의 Unfolding Bracket 설문에 대한 구간 값,1,10,"1,2,3,4,5,6,7,10",raw | structured,17,1,normalized_label,needs_review,
KLoSA,high,KLoSA,w__F079ct,w__F079ct,w02F079ct | w03F079ct | w04F079ct | w06F079ct | w07F079ct | w10F079ct,079의 Unfolding Bracket 설문에 대한 구간 값 | F079의 Unfolding Bracket 설문에 대한 구간 값 | W07F079의 Unfolding Bracket 설문에 대한 구간 값 | w03F079의 Unfolding Bracket 설문에 대한 구간 값 | w04F079의 Unfolding Bracket 설문에 대한 구간 값 | w06F079의 Unfolding Bracket 설문에 대한 구간 값 | w07F079의 Unfolding Bracket 설문에 대한 구간 값,2,10,"2,3,4,6,7,10",raw | structured,12,1,normalized_label,needs_review,
KLoSA,high,KLoSA,w__F086ct,w__F086ct,w01F086ct | w02F086ct | w04F086ct | w05F086ct | w06F086ct | w07F086ct | w10F086ct,F086의 Unfolding Bracket 설문에 대한 구간 값 | W07F086의 Unfolding Bracket 설문에 대한 구간 값 | w04F086의 Unfolding Bracket 설문에 대한 구간 값 | w05F086의 Unfolding Bracket 설문에 대한 구간 값 | w06F086의 Unfolding Bracket 설문에 대한 구간 값 | w07F086의 Unfolding Bracket 설문에 대한 구간 값,1,10,"1,2,4,5,6,7,10",raw | structured,15,1,normalized_label,needs_review,
KLoSA,high,KLoSA,w__F095ct,w__F095ct,w01F095ct | w02F095ct | w03F095ct | w04F095ct | w05F095ct | w06F095ct | w07F095ct | w10F095ct,F095의 Unfolding Bracket 설문에 대한 구간 값 | W07F095의 Unfolding Bracket 설문에 대한 구간 값 | w03F095의 Unfolding Bracket 설문에 대한 구간 값 | w04F095의 Unfolding Bracket 설문에 대한 구간 값 | w05F095의 Unfolding Bracket 설문에 대한 구간 값 | w06F095의 Unfolding Bracket 설문에 대한 구간 값 | w07F095의 Unfolding Bracket 설문에 대한 구간 값,1,10,"1,2,3,4,5,6,7,10",raw | structured,17,1,normalized_label,needs_review,
KLoSA,high,KLoSA,w__F102ct,w__F102ct | w__f102ct,w01F102ct | w02F102ct | w03F102ct | w04F102ct | w05F102ct | w06F102ct | w07F102ct | w10F102ct | w01f102ct,F102의 Unfolding Bracket 설문에 대한 구간 값 | F102의 Unfolding Bracket 설문에 대한 구간 값 | W07F102의 Unfolding Bracket 설문에 대한 구간 값 | w03F102의 Unfolding Bracket 설문에 대한 구간 값 | w04F102의 Unfolding Bracket 설문에 대한 구간 값 | w05F102의 Unfolding Bracket 설문에 대한 구간 값 | w06F102의 Unfolding Bracket 설문에 대한 구간 값 | w07F102의 Unfolding Bracket 설문에 대한 구간 값,1,10,"1,2,3,4,5,6,7,10",raw | raw | structured,17,2,normalized_label,needs_review,
KLoSA,high,KLoSA,w__F109ct,w__F109ct,w01F109ct | w02F109ct | w03F109ct | w04F109ct | w05F109ct | w06F109ct | w07F109ct | w10F109ct,F109의 Unfolding Bracket 설문에 대한 구간 값 | W07F109의 Unfolding Bracket 설문에 대한 구간 값 | w03F109의 Unfolding Bracket 설문에 대한 구간 값 | w04F109의 Unfolding Bracket 설문에 대한 구간 값 | w05F109의 Unfolding Bracket 설문에 대한 구간 값 | w06F109의 Unfolding Bracket 설문에 대한 구간 값 | w07F109의 Unfolding Bracket 설문에 대한 구간 값,1,10,"1,2,3,4,5,6,7,10",raw | structured,17,1,normalized_label,needs_review,
KLoSA,high,KLoSA,w__F116ct,w__F116ct,w01F116ct | w06F116ct | w07F116ct | w10F116ct,F116 Unfolding Bracket 설문에 대한 구간 값 | F116의 Unfolding Bracket 설문에 대한 구간 값 | W07F116의 Unfolding Bracket 설문에 대한 구간 값 | w06F116의 Unfolding Bracket 설문에 대한 구간 값 | w07F116의 Unfolding Bracket 설문에 대한 구간 값,1,10,"1,6,7,10",raw | structured,8,1,normalized_label,needs_review,
KLoSA,high,KLoSA,w__F126_04,w__F126_04 | w__F126_04m | w__F126_04y,w01F126_04 | w02F126_04 | w03F126_04 | w04F126_04 | w05F126_04 | w06F126_04 | w07F126_04 | w08F126_04 | w09F126_04 | w10F126_04 | w01F126_04m | w02F126_04m | w03F126_04m | w04F126_04m | w05F126_04m | w06F126_04m | w07F126_04m | w08F126_04m | w09F126_04m | w10F126_04m | w01F126_04y | w02F126_04y | w03F126_04y | w04F126_04y | w05F126_04y | w06F126_04y | w07F126_04y | w08F126_04y | w09F126_04y | w10F126_04y,정기보험 가입 시기_4번째 정기보험(단위: 년4자리) | 정기보험 가입 시기_4번째 정기보험(단위: 년4자리+월2자리) | 정기보험 가입시기_4(단위: 년4자리+월2자리) | 정기보험 가입 시기_4번째 정기보험(단위: 년4자리) | 정기보험 가입 시기_4번째 정기보험(단위: 월2자리) | 정기보험 가입시기_4(단위: 년4자리) | 정기보험 가입 시기_4번째 정기보험(단위: 년4자리+월2자리) | 정기보험 가입 시기_4번째 정기보험(단위: 월2자리) | 정기보험 가입시기_4(단위: 월2자리),1,10,"1,2,3,4,5,6,7,8,9,10",raw | structured,60,3,normalized_label,needs_review,
KLoSA,high,KLoSA,w__F126_05,w__F126_05 | w__F126_05m | w__F126_05y,w01F126_05 | w02F126_05 | w03F126_05 | w05F126_05 | w06F126_05 | w08F126_05 | w09F126_05 | w10F126_05 | w01F126_05m | w02F126_05m | w03F126_05m | w05F126_05m | w06F126_05m | w08F126_05m | w09F126_05m | w10F126_05m | w01F126_05y | w02F126_05y | w03F126_05y | w05F126_05y | w06F126_05y | w08F126_05y | w09F126_05y | w10F126_05y,정기보험 가입 시기_5번째 정기보험(단위: 년4자리) | 정기보험 가입 시기_5번째 정기보험(단위: 년4자리+월2자리) | 정기보험 가입시기_5(단위: 년4자리+월2자리) | 정기보험 가입 시기_5번째 정기보험(단위: 년4자리) | 정기보험 가입 시기_5번째 정기보험(단위: 월2자리) | 정기보험 가입시기_5(단위: 년4자리) | 정기보험 가입 시기_5번째 정기보험(단위: 년4자리+월2자리) | 정기보험 가입 시기_5번째 정기보험(단위: 월2자리) | 정기보험 가입시기_5(단위: 월2자리),1,10,"1,2,3,5,6,8,9,10",raw | structured,45,3,normalized_label,needs_review,
KLoSA,high,KLoSA,w__F126_06,w__F126_06 | w__F126_06m | w__F126_06y,w05F126_06 | w05F126_06m | w05F126_06y,정기보험 가입 시기_6번째 정기보험(단위: 년4자리) | 정기보험 가입 시기_6번째 정기보험(단위: 년4자리+월2자리) | 정기보험 가입 시기_6번째 정기보험(단위: 년4자리) | 정기보험 가입 시기_6번째 정기보험(단위: 월2자리) | 정기보험 가입 시기_6번째 정기보험(단위: 년4자리+월2자리) | 정기보험 가입 시기_6번째 정기보험(단위: 월2자리),5,5,5,raw | structured,6,3,normalized_label,needs_review,
KLoSA,high,KLoSA,w__F139ct,w__F139ct,w01F139ct | w06F139ct | w07F139ct | w10F139ct,F139의 Unfolding Bracket 설문에 대한 구간 값 | W07F139의 Unfolding Bracket 설문에 대한 구간 값 | w06F139의 Unfolding Bracket 설문에 대한 구간 값 | w07F139의 Unfolding Bracket 설문에 대한 구간 값,1,10,"1,6,7,10",raw | structured,8,1,normalized_label,needs_review,
KLoSA,high,KLoSA,w__F146ct,w__F146ct,w01F146ct | w03F146ct | w06F146ct | w07F146ct | w10F146ct,F146의 Unfolding Bracket 설문에 대한 구간 값 | W07F146의 Unfolding Bracket 설문에 대한 구간 값 | w03F146의 Unfolding Bracket 설문에 대한 구간 값 | w06F146의 Unfolding Bracket 설문에 대한 구간 값 | w07F146의 Unfolding Bracket 설문에 대한 구간 값,1,10,"1,3,6,7,10",raw | structured,10,1,normalized_label,needs_review,
KLoSA,high,KLoSA,w__F152ct,w__F152ct,w01F152ct | w03F152ct | w06F152ct | w07F152ct | w10F152ct,F152의 Unfolding Bracket 설문에 대한 구간 값 | W07F152의 Unfolding Bracket 설문에 대한 구간 값 | w03F152의 Unfolding Bracket 설문에 대한 구간 값 | w06F152의 Unfolding Bracket 설문에 대한 구간 값 | w07F152의 Unfolding Bracket 설문에 대한 구간 값,1,10,"1,3,6,7,10",raw | structured,10,1,normalized_label,needs_review,
KLoSA,high,KLoSA,w__F160ct,w__F160ct,w06F160ct | w07F160ct | w10F160ct,F160의 Unfolding Bracket 설문에 대한 구간 값 | W07F160의 Unfolding Bracket 설문에 대한 구간 값 | w06F160의 Unfolding Bracket 설문에 대한 구간 값 | w07F160의 Unfolding Bracket 설문에 대한 구간 값,6,10,"6,7,10",raw | structured,6,1,normalized_label,needs_review,
KLoSA,high,KLoSA,w__F166ct,w__F166ct,w01F166ct | w02F166ct | w03F166ct | w04F166ct | w05F166ct | w06F166ct | w07F166ct | w10F166ct,F166의 Unfolding Bracket 설문에 대한 구간 값 | W07F166의 Unfolding Bracket 설문에 대한 구간 값 | w03F166의 Unfolding Bracket 설문에 대한 구간 값 | w04F166의 Unfolding Bracket 설문에 대한 구간 값 | w05F166의 Unfolding Bracket 설문에 대한 구간 값 | w06F166의 Unfolding Bracket 설문에 대한 구간 값 | w07F166의 Unfolding Bracket 설문에 대한 구간 값,1,10,"1,2,3,4,5,6,7,10",raw | structured,17,1,normalized_label,needs_review,
KLoSA,high,KLoSA,w__F175ct,w__F175ct,w01F175ct | w02F175ct | w03F175ct | w04F175ct | w05F175ct | w06F175ct | w07F175ct | w10F175ct,F175의 Unfolding Bracket 설문에 대한 구간 값 | W07F175의 Unfolding Bracket 설문에 대한 구간 값 | w03F175의 Unfolding Bracket 설문에 대한 구간 값 | w04F175의 Unfolding Bracket 설문에 대한 구간 값 | w05F175의 Unfolding Bracket 설문에 대한 구간 값 | w06F175의 Unfolding Bracket 설문에 대한 구간 값 | w07F175의 Unfolding Bracket 설문에 대한 구간 값,1,10,"1,2,3,4,5,6,7,10",raw | structured,17,1,normalized_label,needs_review,
KLoSA,high,KLoSA,w__F182ct,w__F182ct,w01F182ct | w02F182ct | w04F182ct | w05F182ct | w06F182ct | w07F182ct | w10F182ct,F182의 Unfolding Bracket 설문에 대한 구간 값 | W07F182의 Unfolding Bracket 설문에 대한 구간 값 | w04F182의 Unfolding Bracket 설문에 대한 구간 값 | w05F182의 Unfolding Bracket 설문에 대한 구간 값 | w06F182의 Unfolding Bracket 설문에 대한 구간 값 | w07F182의 Unfolding Bracket 설문에 대한 구간 값,1,10,"1,2,4,5,6,7,10",raw | structured,15,1,normalized_label,needs_review,
KLoSA,high,KLoSA,w__F193ct,w__F193ct,w01F193ct | w02F193ct | w03F193ct | w04F193ct | w05F193ct | w06F193ct | w07F193ct | w10F193ct,F193의 Unfolding Bracket 설문에 대한 구간 값 | W07F193의 Unfolding Bracket 설문에 대한 구간 값 | w03F193의 Unfolding Bracket 설문에 대한 구간 값 | w04F193의 Unfolding Bracket 설문에 대한 구간 값 | w05F193의 Unfolding Bracket 설문에 대한 구간 값 | w06F193의 Unfolding Bracket 설문에 대한 구간 값 | w07F193의 Unfolding Bracket 설문에 대한 구간 값,1,10,"1,2,3,4,5,6,7,10",raw | structured,17,1,normalized_label,needs_review,
KLoSA,high,KLoSA,w__F199ct,w__F199ct,w02F199ct | w03F199ct | w04F199ct | w05F199ct | w06F199ct | w07F199ct | w10F199ct,F199의 Unfolding Bracket 설문에 대한 구간 값 | W07F199의 Unfolding Bracket 설문에 대한 구간 값 | w03F199의 Unfolding Bracket 설문에 대한 구간 값 | w04F199의 Unfolding Bracket 설문에 대한 구간 값 | w05F199의 Unfolding Bracket 설문에 대한 구간 값 | w06F199의 Unfolding Bracket 설문에 대한 구간 값 | w07F199의 Unfolding Bracket 설문에 대한 구간 값,2,10,"2,3,4,5,6,7,10",raw | structured,15,1,normalized_label,needs_review,
KLoSA,high,KLoSA,w__F206ct,w__F206ct,w01F206ct | w02F206ct | w03F206ct | w05F206ct | w06F206ct | w07F206ct | w10F206ct,F206의 Unfolding Bracket 설문에 대한 구간 값 | W07F206의 Unfolding Bracket 설문에 대한 구간 값 | w03F206의 Unfolding Bracket 설문에 대한 구간 값 | w05F206의 Unfolding Bracket 설문에 대한 구간 값 | w06F206의 Unfolding Bracket 설문에 대한 구간 값 | w07F206의 Unfolding Bracket 설문에 대한 구간 값,1,10,"1,2,3,5,6,7,10",raw | structured,15,1,normalized_label,needs_review,
KLoSA,high,KLoSA,w__F213ct,w__F213ct,w01F213ct | w04F213ct | w05F213ct | w06F213ct | w07F213ct | w10F213ct,F213의 Unfolding Bracket 설문에 대한 구간 값 | W07F213의 Unfolding Bracket 설문에 대한 구간 값 | w04F213의 Unfolding Bracket 설문에 대한 구간 값 | w05F213의 Unfolding Bracket 설문에 대한 구간 값 | w06F213의 Unfolding Bracket 설문에 대한 구간 값 | w07F213의 Unfolding Bracket 설문에 대한 구간 값,1,10,"1,4,5,6,7,10",raw | structured,13,1,normalized_label,needs_review,
KLoSA,high,KLoSA,w__F220ct,w__F220ct,w01F220ct | w02F220ct | w06F220ct | w07F220ct | w10F220ct,F220의 Unfolding Bracket 설문에 대한 구간 값 | W07F220의 Unfolding Bracket 설문에 대한 구간 값 | w06F220의 Unfolding Bracket 설문에 대한 구간 값 | w07F220의 Unfolding Bracket 설문에 대한 구간 값,1,10,"1,2,6,7,10",raw | structured,10,1,normalized_label,needs_review,
KLoSA,high,KLoSA,w__F228ct,w__F228ct,w06F228ct | w07F228ct | w10F228ct,F228의 Unfolding Bracket 설문에 대한 구간 값 | W07F228의 Unfolding Bracket 설문에 대한 구간 값 | w06F228의 Unfolding Bracket 설문에 대한 구간 값 | w07F228의 Unfolding Bracket 설문에 대한 구간 값,6,10,"6,7,10",raw | structured,6,1,normalized_label,needs_review,
KLoSA,high,KLoSA,w__F234ct,w__F234ct,w02F234ct | w03F234ct | w04F234ct | w05F234ct | w06F234ct | w07F234ct | w10F234ct,F234의 Unfolding Bracket 설문에 대한 구간 값 | W07F234의 Unfolding Bracket 설문에 대한 구간 값 | w03F234의 Unfolding Bracket 설문에 대한 구간 값 | w04F234의 Unfolding Bracket 설문에 대한 구간 값 | w05F234의 Unfolding Bracket 설문에 대한 구간 값 | w06F234의 Unfolding Bracket 설문에 대한 구간 값 | w07F234의 Unfolding Bracket 설문에 대한 구간 값,2,10,"2,3,4,5,6,7,10",raw | structured,15,1,normalized_label,needs_review,
KLoSA,high,KLoSA,w__F240ct,w__F240ct,w02F240ct | w03F240ct | w04F240ct | w05F240ct | w06F240ct | w07F240ct | w10F240ct,F240의 Unfolding Bracket 설문에 대한 구간 값 | W07F240의 Unfolding Bracket 설문에 대한 구간 값 | w03F240의 Unfolding Bracket 설문에 대한 구간 값 | w04F240의 Unfolding Bracket 설문에 대한 구간 값 | w05F240의 Unfolding Bracket 설문에 대한 구간 값 | w06F240의 Unfolding Bracket 설문에 대한 구간 값 | w07F240의 Unfolding Bracket 설문에 대한 구간 값,2,10,"2,3,4,5,6,7,10",raw | structured,14,1,normalized_label,needs_review,
KLoSA,high,KLoSA,w__G024e,w__G024e | w__G025e,w01G025e | w02G025e | w03G025e | w04G025e | w05G025e | w06G025e | w07G025e | w08G025e | w09G025e | w10G025e | w02G024e,현금 1천만원이 생길 경우 항목별 사용 금액_(4)여행 등 여가생활 | 현금 1천만원이 생길 경우 항목별 사용 금액_(5)여행 등 여가생활 | 현금 1천만원이 생길 경우 항목별 사용 금액_(5)여행 등 여가생활,1,10,"1,2,3,4,5,6,7,8,9,10",raw | raw | structured,21,2,normalized_label,needs_review,
KLoSA,medium,KLoSA,w__G051,w__G051 | w__G059,w02G051 | w04G051 | w05G059 | w06G059 | w07G059 | w08G059 | w09G059 | w10G059,G 도움정도,2,10,"2,4,5,6,7,8,9,10",raw | raw | structured,12,2,normalized_label,needs_review,
KLoSA,medium,KLoSA,w__G052,w__G052 | w__G060,w02G052 | w04G052 | w05G060 | w06G060 | w07G060 | w08G060 | w09G060 | w10G060,G 대리인관계,2,10,"2,4,5,6,7,8,9,10",raw | raw | structured,12,2,normalized_label,needs_review,
KLoSA,high,KLoSA,w__G112,w__G112,w02G112 | w03G112 | w04G112 | w05G112 | w06G112 | w07G112 | w08G112 | w09G112 | w10G112,월평균  수급액(단위: 원) | 월평균 수 급액(단위: 원) | 월평균 수급액(단위: 만원) | 월평균 수급액(단위: 원),2,10,"2,3,4,5,6,7,8,9,10",light | raw | structured,28,1,normalized_label,needs_review,
KLoSA,high,KLoSA,w___fam2,w__CV012_gn | w___fam2,w01_fam2 | w02_fam2 | w03_fam2 | w04_fam2 | w05_fam2 | w06_fam2 | w07_fam2 | w08_fam2 | w09_fam2 | w10_fam2 | w06CV012_gn | w07CV012_gn | w08CV012_gn | w09CV012_gn | w10CV012_gn,가구구성 | 세대구성 | 세대구성,1,10,"1,2,3,4,5,6,7,8,9,10",light | structured | raw,25,2,normalized_label,needs_review,
KLoSA,medium,KLoSA,w__bb141_01,rw01bb141_01 | w__bb141_01,rw01bb141_01 | w02bb141_01 | w03bb141_01 | w04bb141_01 | w05bb141_01 | w06bb141_01 | w07bb141_01 | w08bb141_01 | w09bb141_01 | w10bb141_01,[생성] 1번째 기타가족으로부터 정기적인 금전적 수령 기간,1,10,"1,2,3,4,5,6,7,8,9,10",structured,10,2,normalized_label,needs_review,
KLoSA,medium,KLoSA,w__bb141_02,rw01bb141_02 | w__bb141_02,rw01bb141_02 | w02bb141_02 | w03bb141_02 | w04bb141_02 | w05bb141_02 | w06bb141_02 | w07bb141_02 | w08bb141_02 | w09bb141_02 | w10bb141_02,[생성] 2번째 기타가족으로부터 정기적인 금전적 수령 기간,1,10,"1,2,3,4,5,6,7,8,9,10",structured,10,2,normalized_label,needs_review,
KLoSA,medium,KLoSA,w__bb141_03,rw01bb141_03 | w__bb141_03,rw01bb141_03 | w02bb141_03 | w03bb141_03 | w04bb141_03 | w05bb141_03 | w06bb141_03 | w07bb141_03 | w08bb141_03 | w09bb141_03 | w10bb141_03,[생성] 3번째 기타가족으로부터 정기적인 금전적 수령 기간,1,10,"1,2,3,4,5,6,7,8,9,10",structured,10,2,normalized_label,needs_review,
KLoSA,medium,KLoSA,w__bb141_04,rw01bb141_04 | w__bb141_04,rw01bb141_04 | w03bb141_04 | w04bb141_04 | w05bb141_04 | w06bb141_04 | w07bb141_04 | w08bb141_04 | w09bb141_04 | w10bb141_04,[생성] 4번째 기타가족으로부터 정기적인 금전적 수령 기간,1,10,"1,3,4,5,6,7,8,9,10",structured,9,2,normalized_label,needs_review,
KLoSA,medium,KLoSA,w__bb141_05,rw01bb141_05 | w__bb141_05,rw01bb141_05 | w03bb141_05 | w04bb141_05 | w05bb141_05 | w06bb141_05 | w07bb141_05 | w08bb141_05 | w09bb141_05 | w10bb141_05,[생성] 5번째 기타가족으로부터 정기적인 금전적 수령 기간,1,10,"1,3,4,5,6,7,8,9,10",structured,9,2,normalized_label,needs_review,
KLoSA,medium,KLoSA,w__bb141_06,rw01bb141_06 | w__bb141_06,rw01bb141_06 | w03bb141_06 | w04bb141_06 | w05bb141_06 | w06bb141_06 | w07bb141_06 | w08bb141_06 | w09bb141_06 | w10bb141_06,[생성] 6번째 기타가족으로부터 정기적인 금전적 수령 기간,1,10,"1,3,4,5,6,7,8,9,10",structured,9,2,normalized_label,needs_review,
KLoSA,medium,KLoSA,w__bb141_07,rw01bb141_07 | w__bb141_07,rw01bb141_07 | w03bb141_07 | w04bb141_07 | w05bb141_07 | w06bb141_07 | w07bb141_07 | w08bb141_07 | w09bb141_07 | w10bb141_07,[생성] 7번째 기타가족으로부터 정기적인 금전적 수령 기간,1,10,"1,3,4,5,6,7,8,9,10",structured,9,2,normalized_label,needs_review,
KLoSA,medium,KLoSA,w__bb148_01m06a,w__Bb202_01m06w5 | w__bb148_01m06a,w05Bb202_01m06w5 | w06Bb202_01m06w5 | w07Bb202_01m06w5 | w08Bb202_01m06w5 | w09Bb202_01m06w5 | w10Bb202_01m06w5 | w05bb148_01m06a | w06bb148_01m06a | w07bb148_01m06a | w08bb148_01m06a | w09bb148_01m06a | w10bb148_01m06a,1번째 기타가족으로부터 받은 비금전적 수령의 종류_(6)의류 및 신발,5,10,"5,6,7,8,9,10",raw | structured,13,2,normalized_label,needs_review,
KLoSA,medium,KLoSA,w__bb148_02m06a,w__Bb202_02m06w5 | w__bb148_02m06a,w05Bb202_02m06w5 | w06Bb202_02m06w5 | w07Bb202_02m06w5 | w08Bb202_02m06w5 | w09Bb202_02m06w5 | w10Bb202_02m06w5 | w05bb148_02m06a | w06bb148_02m06a | w07bb148_02m06a | w08bb148_02m06a | w09bb148_02m06a | w10bb148_02m06a,2번째 기타가족으로부터 받은 비금전적 수령의 종류_(6)의류 및 신발,5,10,"5,6,7,8,9,10",raw | structured,13,2,normalized_label,needs_review,
KLoSA,medium,KLoSA,w__bb148_04m06a,w__Bb202_04m06w5 | w__bb148_04m06a,w05Bb202_04m06w5 | w06Bb202_04m06w5 | w07Bb202_04m06w5 | w08Bb202_04m06w5 | w09Bb202_04m06w5 | w10Bb202_04m06w5 | w05bb148_04m06a | w06bb148_04m06a | w07bb148_04m06a | w08bb148_04m06a | w09bb148_04m06a | w10bb148_04m06a,4번째 기타가족으로부터 받은 비금전적 수령의 종류_(6)의류 및 신발,5,10,"5,6,7,8,9,10",raw | structured,13,2,normalized_label,needs_review,
KLoSA,medium,KLoSA,w__bb148_05m06a,w__Bb202_05m06w5 | w__bb148_05m06a,w05Bb202_05m06w5 | w06Bb202_05m06w5 | w07Bb202_05m06w5 | w08Bb202_05m06w5 | w09Bb202_05m06w5 | w10Bb202_05m06w5 | w05bb148_05m06a | w06bb148_05m06a | w07bb148_05m06a | w08bb148_05m06a | w09bb148_05m06a | w10bb148_05m06a,5번째 기타가족으로부터 받은 비금전적 수령의 종류_(6)의류 및 신발,5,10,"5,6,7,8,9,10",raw | structured,13,2,normalized_label,needs_review,
KLoSA,medium,KLoSA,w__bb148_07m06a,w__Bb202_07m06w5 | w__bb148_07m06a,w05Bb202_07m06w5 | w06Bb202_07m06w5 | w07Bb202_07m06w5 | w08Bb202_07m06w5 | w09Bb202_07m06w5 | w10Bb202_07m06w5 | w05bb148_07m06a | w06bb148_07m06a | w07bb148_07m06a | w08bb148_07m06a | w09bb148_07m06a | w10bb148_07m06a,7번째 기타가족으로부터 받은 비금전적 수령의 종류_(6)의류 및 신발,5,10,"5,6,7,8,9,10",raw | structured,12,2,normalized_label,needs_review,
KLoSA,medium,KLoSA,w__bb148_08m06a,w__Bb202_08m06w5 | w__bb148_08m06a,w05Bb202_08m06w5 | w05bb148_08m06a,8번째 기타가족으로부터 받은 비금전적 수령의 종류_(6)의류 및 신발,5,5,5,raw | structured,2,2,normalized_label,needs_review,
KLoSA,medium,KLoSA,w__bb148_09m06a,w__Bb202_09m06w5 | w__bb148_09m06a,w05Bb202_09m06w5 | w05bb148_09m06a,9번째 기타가족으로부터 받은 비금전적 수령의 종류_(6)의류 및 신발,5,5,5,raw | structured,2,2,normalized_label,needs_review,
KLoSA,medium,KLoSA,w__bb160_01,rw01bb160_01 | w__bb160_01,rw01bb160_01 | w02bb160_01 | w03bb160_01 | w04bb160_01 | w05bb160_01 | w06bb160_01 | w07bb160_01 | w08bb160_01 | w09bb160_01 | w10bb160_01,[생성] 1번째 기타가족에게 정기적인 금전적 지원한 기간,1,10,"1,2,3,4,5,6,7,8,9,10",structured,10,2,normalized_label,needs_review,
KLoSA,medium,KLoSA,w__bb160_02,rw01bb160_02 | w__bb160_02,rw01bb160_02 | w02bb160_02 | w03bb160_02 | w04bb160_02 | w05bb160_02 | w06bb160_02 | w07bb160_02 | w08bb160_02 | w09bb160_02 | w10bb160_02,[생성] 2번째 기타가족에게 정기적인 금전적 지원한 기간,1,10,"1,2,3,4,5,6,7,8,9,10",structured,10,2,normalized_label,needs_review,
KLoSA,medium,KLoSA,w__bb160_03,rw01bb160_03 | w__bb160_03,rw01bb160_03 | w03bb160_03 | w04bb160_03 | w05bb160_03 | w06bb160_03 | w07bb160_03 | w08bb160_03 | w09bb160_03 | w10bb160_03,[생성] 3번째 기타가족에게 정기적인 금전적 지원한 기간,1,10,"1,3,4,5,6,7,8,9,10",structured,9,2,normalized_label,needs_review,
KLoSA,medium,KLoSA,w__bb160_04,rw01bb160_04 | w__bb160_04,rw01bb160_04 | w03bb160_04 | w04bb160_04 | w05bb160_04 | w06bb160_04 | w07bb160_04 | w08bb160_04 | w09bb160_04 | w10bb160_04,[생성] 4번째 기타가족에게 정기적인 금전적 지원한 기간,1,10,"1,3,4,5,6,7,8,9,10",structured,9,2,normalized_label,needs_review,
KLoSA,medium,KLoSA,w__bb160_05,rw01bb160_05 | w__bb160_05,rw01bb160_05 | w03bb160_05 | w04bb160_05 | w05bb160_05 | w06bb160_05 | w07bb160_05 | w08bb160_05 | w09bb160_05 | w10bb160_05,[생성] 5번째 기타가족에게 정기적인 금전적 지원한 기간,1,10,"1,3,4,5,6,7,8,9,10",structured,9,2,normalized_label,needs_review,
KLoSA,medium,KLoSA,w__bb160_06,rw01bb160_06 | w__bb160_06,rw01bb160_06 | w03bb160_06 | w04bb160_06 | w05bb160_06 | w06bb160_06 | w07bb160_06 | w08bb160_06 | w09bb160_06 | w10bb160_06,[생성] 6번째 기타가족에게 정기적인 금전적 지원한 기간,1,10,"1,3,4,5,6,7,8,9,10",structured,9,2,normalized_label,needs_review,
KLoSA,medium,KLoSA,w__bb160_07,rw01bb160_07 | w__bb160_07,rw01bb160_07 | w03bb160_07 | w04bb160_07 | w05bb160_07 | w06bb160_07 | w07bb160_07 | w08bb160_07 | w09bb160_07,[생성] 7번째 기타가족에게 정기적인 금전적 지원한 기간,1,9,"1,3,4,5,6,7,8,9",structured,8,2,normalized_label,needs_review,
KLoSA,medium,KLoSA,w__bb160_08,rw01bb160_08 | w__bb160_08,rw01bb160_08 | w03bb160_08 | w04bb160_08 | w05bb160_08 | w09bb160_08,[생성] 8번째 기타가족에게 정기적인 금전적 지원한 기간,1,9,"1,3,4,5,9",structured,5,2,normalized_label,needs_review,
KLoSA,medium,KLoSA,w__bb160_09,rw01bb160_09 | w__bb160_09,rw01bb160_09 | w03bb160_09 | w04bb160_09,[생성] 9번째 기타가족에게 정기적인 금전적 지원한 기간,1,4,"1,3,4",structured,3,2,normalized_label,needs_review,
KLoSA,medium,KLoSA,w__bb167_01m06a,w__Bb221_01m06w5 | w__bb167_01m06a,w05Bb221_01m06w5 | w06Bb221_01m06w5 | w07Bb221_01m06w5 | w08Bb221_01m06w5 | w09Bb221_01m06w5 | w10Bb221_01m06w5 | w05bb167_01m06a | w06bb167_01m06a | w07bb167_01m06a | w08bb167_01m06a | w09bb167_01m06a | w10bb167_01m06a,1번째 기타가족에게 제공한 비금전적 수령의 종류_(6)의류 및 신발,5,10,"5,6,7,8,9,10",raw | structured,13,2,normalized_label,needs_review,
KLoSA,medium,KLoSA,w__bb167_02m06a,w__Bb221_02m06w5 | w__bb167_02m06a,w05Bb221_02m06w5 | w06Bb221_02m06w5 | w07Bb221_02m06w5 | w08Bb221_02m06w5 | w09Bb221_02m06w5 | w10Bb221_02m06w5 | w05bb167_02m06a | w06bb167_02m06a | w07bb167_02m06a | w08bb167_02m06a | w09bb167_02m06a | w10bb167_02m06a,2번째 기타가족에게 제공한 비금전적 수령의 종류_(6)의류 및 신발,5,10,"5,6,7,8,9,10",raw | structured,13,2,normalized_label,needs_review,
KLoSA,medium,KLoSA,w__bb167_03m06a,w__Bb221_03m06w5 | w__bb167_03m06a,w05Bb221_03m06w5 | w06Bb221_03m06w5 | w07Bb221_03m06w5 | w08Bb221_03m06w5 | w09Bb221_03m06w5 | w10Bb221_03m06w5 | w05bb167_03m06a | w06bb167_03m06a | w07bb167_03m06a | w08bb167_03m06a | w09bb167_03m06a | w10bb167_03m06a,3번째 기타가족에게 제공한 비금전적 수령의 종류_(6)의류 및 신발,5,10,"5,6,7,8,9,10",raw | structured,13,2,normalized_label,needs_review,
KLoSA,medium,KLoSA,w__bb167_04m06a,w__Bb221_04m06w5 | w__bb167_04m06a,w05Bb221_04m06w5 | w06Bb221_04m06w5 | w07Bb221_04m06w5 | w08Bb221_04m06w5 | w09Bb221_04m06w5 | w10Bb221_04m06w5 | w05bb167_04m06a | w06bb167_04m06a | w07bb167_04m06a | w08bb167_04m06a | w09bb167_04m06a | w10bb167_04m06a,4번째 기타가족에게 제공한 비금전적 수령의 종류_(6)의류 및 신발,5,10,"5,6,7,8,9,10",raw | structured,13,2,normalized_label,needs_review,
KLoSA,medium,KLoSA,w__bb167_05m06a,w__Bb221_05m06w5 | w__bb167_05m06a,w05Bb221_05m06w5 | w06Bb221_05m06w5 | w07Bb221_05m06w5 | w08Bb221_05m06w5 | w09Bb221_05m06w5 | w10Bb221_05m06w5 | w05bb167_05m06a | w06bb167_05m06a | w07bb167_05m06a | w08bb167_05m06a | w09bb167_05m06a | w10bb167_05m06a,5번째 기타가족에게 제공한 비금전적 수령의 종류_(6)의류 및 신발,5,10,"5,6,7,8,9,10",raw | structured,13,2,normalized_label,needs_review,
KLoSA,medium,KLoSA,w__bb167_06m06a,w__Bb221_06m06w5 | w__bb167_06m06a,w05Bb221_06m06w5 | w06Bb221_06m06w5 | w07Bb221_06m06w5 | w08Bb221_06m06w5 | w09Bb221_06m06w5 | w10Bb221_06m06w5 | w05bb167_06m06a | w06bb167_06m06a | w07bb167_06m06a | w08bb167_06m06a | w09bb167_06m06a | w10bb167_06m06a,6번째 기타가족에게 제공한 비금전적 수령의 종류_(6)의류 및 신발,5,10,"5,6,7,8,9,10",raw | structured,13,2,normalized_label,needs_review,
KLoSA,medium,KLoSA,w__bb167_07m06a,w__Bb221_07m06w5 | w__bb167_07m06a,w05Bb221_07m06w5 | w06Bb221_07m06w5 | w07Bb221_07m06w5 | w08Bb221_07m06w5 | w09Bb221_07m06w5 | w05bb167_07m06a | w06bb167_07m06a | w07bb167_07m06a | w08bb167_07m06a | w09bb167_07m06a,7번째 기타가족에게 제공한 비금전적 수령의 종류_(6)의류 및 신발,5,9,"5,6,7,8,9",raw | structured,11,2,normalized_label,needs_review,
KLoSA,medium,KLoSA,w__bb167_08m06a,w__Bb221_08m06w5 | w__bb167_08m06a,w05Bb221_08m06w5 | w09Bb221_08m06w5 | w05bb167_08m06a | w09bb167_08m06a,8번째 기타가족에게 제공한 비금전적 수령의 종류_(6)의류 및 신발,5,9,"5,9",raw | structured,4,2,normalized_label,needs_review,
KLoSA,high,KLoSA,w__bb_adl2,w__bb_adl2 | w__bb_adl3,w01bb_adl2 | w02bb_adl2 | w03bb_adl2 | w04bb_adl2 | w05bb_adl2 | w06bb_adl2 | w07bb_adl2 | w08bb_adl2 | w09bb_adl2 | w10bb_adl2 | w01bb_adl3 | w02bb_adl3 | w03bb_adl3 | w04bb_adl3 | w05bb_adl3 | w06bb_adl3 | w07bb_adl3 | w08bb_adl3 | w09bb_adl3 | w10bb_adl3,[생성] 응답자에게 IADL수발받은 비동거 가족 여부 | [생성]응답자에게 ADL수발받은 가족 여부 | [생성]응답자에게 ADL수발받은 가족 여부,1,10,"1,2,3,4,5,6,7,8,9,10",light | structured,40,2,normalized_label,needs_review,
KLoSA,high,KLoSA,w__bm10_1,w__Bb153w5 | w__bm10_1,w01bm10_1 | w02bm10_1 | w03bm10_1 | w04bm10_1 | w05bm10_1 | w06bm10_1 | w07bm10_1 | w08bm10_1 | w09bm10_1 | w10bm10_1 | w05Bb153w5 | w06Bb153w5 | w07Bb153w5 | w08Bb153w5 | w09Bb153w5 | w10Bb153w5,(비동거)(어머니) (정기적 금전) 지원 여부 | (비동거)어머니 (정기적 금전) 지원 여부 | 어머니 (정기적 금전) 지원 여부,1,10,"1,2,3,4,5,6,7,8,9,10",raw | structured,17,2,normalized_label,needs_review,
KLoSA,high,KLoSA,w__bm10_2,w__Bb161w5 | w__bm10_2,w01bm10_2 | w02bm10_2 | w03bm10_2 | w04bm10_2 | w05bm10_2 | w06bm10_2 | w07bm10_2 | w08bm10_2 | w09bm10_2 | w10bm10_2 | w05Bb161w5 | w06Bb161w5 | w07Bb161w5 | w08Bb161w5 | w09Bb161w5 | w10Bb161w5,(비동거) (어머니) (비정기적 금전) 지원 여부 | (비동거)어머니 (비정기적 금전) 지원 여부 | 어머니 (비정기적 금전) 지원 여부,1,10,"1,2,3,4,5,6,7,8,9,10",raw | structured,17,2,normalized_label,needs_review,
KLoSA,high,KLoSA,w__bm10_3,w__Bb168w5 | w__bm10_3,w01bm10_3 | w02bm10_3 | w03bm10_3 | w04bm10_3 | w05bm10_3 | w06bm10_3 | w07bm10_3 | w08bm10_3 | w09bm10_3 | w10bm10_3 | w05Bb168w5 | w06Bb168w5 | w07Bb168w5 | w08Bb168w5 | w09Bb168w5 | w10Bb168w5,(비동거) (어머니) (현물) 지원 여부 | (비동거)어머니 (현물) 지원 여부 | 어머니 (현물) 지원 여부,1,10,"1,2,3,4,5,6,7,8,9,10",raw | structured,17,2,normalized_label,needs_review,
KLoSA,high,KLoSA,w__bm11,w__Bb116 | w__bm11,w01Bb116 | w02Bb116 | w03Bb116 | w04Bb116 | w05Bb116 | w06Bb116 | w07Bb116 | w08Bb116 | w09Bb116 | w10Bb116 | w01bm11 | w02bm11 | w03bm11 | w04bm11 | w05bm11 | w06bm11 | w07bm11 | w08bm11 | w09bm11 | w10bm11,(비동거) (어머니)에게 정기적인 금전적 지원 금액(단위: 만원) | (비동거)어머니에게 정기적인 금전적 지원 금액(단위: 만원) | 비동거기간 동안 어머니에게 제공한 정기적인 금전적 지원의 월평균액(단위: 만원),1,10,"1,2,3,4,5,6,7,8,9,10",raw | structured,21,2,normalized_label,needs_review,
KLoSA,high,KLoSA,w__bm12,w__Bb123 | w__bm12,w01Bb123 | w02Bb123 | w03Bb123 | w04Bb123 | w05Bb123 | w06Bb123 | w07Bb123 | w08Bb123 | w09Bb123 | w10Bb123 | w01bm12 | w02bm12 | w03bm12 | w04bm12 | w05bm12 | w06bm12 | w07bm12 | w08bm12 | w09bm12 | w10bm12,(비동거) (어머니)에게 비정기적인 금전적 지원 금액(단위: 만원) | (비동거)어머니에게 비정기적인 금전적 지원 금액(단위: 만원) | 비동거기간 동안 어머니에게 제공한 비정기적인 금전적 지원 총액(단위: 만원),1,10,"1,2,3,4,5,6,7,8,9,10",raw | structured,21,2,normalized_label,needs_review,
KLoSA,medium,KLoSA,w__bm12_1,w__Bb129m01 | w__bm12_1,w01Bb129m01 | w02Bb129m01 | w03Bb129m01 | w04Bb129m01 | w05Bb129m01 | w06Bb129m01 | w07Bb129m01 | w08Bb129m01 | w09Bb129m01 | w10Bb129m01 | w01bm12_1 | w02bm12_1 | w03bm12_1 | w04bm12_1 | w05bm12_1 | w06bm12_1 | w07bm12_1 | w08bm12_1 | w09bm12_1 | w10bm12_1,(비동거) (어머니)에게 제공한 비금전적 지원의 종류_(1)여가(여행 및 관광) | (비동거)어머니에게 제공한 비금전적 지원의 종류_(1)여가(여행 및 관광),1,10,"1,2,3,4,5,6,7,8,9,10",raw | structured,21,2,normalized_label,needs_review,
KLoSA,medium,KLoSA,w__bm12_2,w__Bb129m02 | w__bm12_2,w01Bb129m02 | w02Bb129m02 | w03Bb129m02 | w04Bb129m02 | w05Bb129m02 | w06Bb129m02 | w07Bb129m02 | w08Bb129m02 | w09Bb129m02 | w10Bb129m02 | w01bm12_2 | w02bm12_2 | w03bm12_2 | w04bm12_2 | w05bm12_2 | w06bm12_2 | w07bm12_2 | w08bm12_2 | w09bm12_2 | w10bm12_2,(비동거) (어머니)에게 제공한 비금전적 지원의 종류_(2)건강용품 | (비동거)어머니에게 제공한 비금전적 지원의 종류_(2)건강용품,1,10,"1,2,3,4,5,6,7,8,9,10",raw | structured,21,2,normalized_label,needs_review,
KLoSA,medium,KLoSA,w__bm12_3,w__Bb129m03 | w__bm12_3,w01Bb129m03 | w02Bb129m03 | w03Bb129m03 | w04Bb129m03 | w05Bb129m03 | w06Bb129m03 | w07Bb129m03 | w08Bb129m03 | w09Bb129m03 | w10Bb129m03 | w01bm12_3 | w02bm12_3 | w03bm12_3 | w04bm12_3 | w05bm12_3 | w06bm12_3 | w07bm12_3 | w08bm12_3 | w09bm12_3 | w10bm12_3,(비동거) (어머니)에게 제공한 비금전적 지원의 종류_(3)생활용품 | (비동거)어머니에게 제공한 비금전적 지원의 종류_(3)생활용품,1,10,"1,2,3,4,5,6,7,8,9,10",raw | structured,21,2,normalized_label,needs_review,
KLoSA,medium,KLoSA,w__bm12_4,w__Bb129m04 | w__bm12_4,w01Bb129m04 | w02Bb129m04 | w03Bb129m04 | w04Bb129m04 | w05Bb129m04 | w06Bb129m04 | w07Bb129m04 | w08Bb129m04 | w09Bb129m04 | w10Bb129m04 | w01bm12_4 | w02bm12_4 | w03bm12_4 | w04bm12_4 | w05bm12_4 | w06bm12_4 | w07bm12_4 | w08bm12_4 | w09bm12_4 | w10bm12_4,(비동거) (어머니)에게 제공한 비금전적 지원의 종류_(4)전자제품 | (비동거)어머니에게 제공한 비금전적 지원의 종류_(4)전자제품,1,10,"1,2,3,4,5,6,7,8,9,10",raw | structured,21,2,normalized_label,needs_review,
KLoSA,medium,KLoSA,w__bm12_5,w__Bb129m05 | w__bm12_5,w01Bb129m05 | w02Bb129m05 | w03Bb129m05 | w04Bb129m05 | w05Bb129m05 | w06Bb129m05 | w07Bb129m05 | w08Bb129m05 | w09Bb129m05 | w10Bb129m05 | w01bm12_5 | w02bm12_5 | w03bm12_5 | w04bm12_5 | w05bm12_5 | w06bm12_5 | w07bm12_5 | w08bm12_5 | w09bm12_5 | w10bm12_5,(비동거) (어머니)에게 제공한 비금전적 지원의 종류_(5)외식 및 음식물 | (비동거)어머니에게 제공한 비금전적 지원의 종류_(5)외식 및 음식물,1,10,"1,2,3,4,5,6,7,8,9,10",raw | structured,21,2,normalized_label,needs_review,
KLoSA,high,KLoSA,w__bm12_6,w__Bb129m06 | w__bm12_6,w01Bb129m06 | w02Bb129m06 | w03Bb129m06 | w04Bb129m06 | w05Bb129m06 | w06Bb129m06 | w07Bb129m06 | w08Bb129m06 | w09Bb129m06 | w10Bb129m06 | w01bm12_6 | w02bm12_6 | w03bm12_6 | w04bm12_6 | w05bm12_6 | w06bm12_6 | w07bm12_6 | w08bm12_6 | w09bm12_6 | w10bm12_6,(비동거) (어머니)에게 제공한 비금전적 지원의 종류_(7)기타 | (비동거)어머니에게 제공한 비금전적 지원의 종류_(6)기타 | (비동거)어머니에게 제공한 비금전적 지원의 종류_(7)기타,1,10,"1,2,3,4,5,6,7,8,9,10",raw | structured,21,2,normalized_label,needs_review,
KLoSA,medium,KLoSA,w__bm12_6a,w__Bb169m06w5 | w__bm12_6a,w05Bb169m06w5 | w06Bb169m06w5 | w07Bb169m06w5 | w08Bb169m06w5 | w09Bb169m06w5 | w10Bb169m06w5 | w05bm12_6a | w06bm12_6a | w07bm12_6a | w08bm12_6a | w09bm12_6a | w10bm12_6a,(비동거) (어머니)에게 제공한 비금전적 지원의 종류_(6)의류 및 신발 | (비동거)어머니에게 제공한 비금전적 지원의 종류_(6)의류 및 신발,5,10,"5,6,7,8,9,10",raw | structured,13,2,normalized_label,needs_review,
KLoSA,high,KLoSA,w__bm13,w__Bb206 | w__bm13,w02Bb206 | w03Bb206 | w04Bb206 | w05Bb206 | w06Bb206 | w07Bb206 | w08Bb206 | w09Bb206 | w10Bb206 | w02bm13 | w03bm13 | w04bm13 | w05bm13 | w06bm13 | w07bm13 | w08bm13 | w09bm13 | w10bm13,(동거) (어머니)로부터의 금전 수령 여부 | (동거)어머니로부터의 금전 수령 여부 | 동거기간 동안 어머니로부터 받은 금전적 지원 여부,2,10,"2,3,4,5,6,7,8,9,10",raw | structured,19,2,normalized_label,needs_review,
KLoSA,high,KLoSA,w__bm14,w__Bb207 | w__bm14,w02Bb207 | w03Bb207 | w04Bb207 | w05Bb207 | w06Bb207 | w07Bb207 | w08Bb207 | w09Bb207 | w10Bb207 | w02bm14 | w03bm14 | w04bm14 | w05bm14 | w06bm14 | w07bm14 | w08bm14 | w09bm14 | w10bm14,(동거) (어머니)로부터 받은 금전 수령 총액(단위: 만원) | (동거)어머니로부터 받은 금전 수령 총액(단위: 만원) | 동거기간 동안 어머니로부터 받은 금전적 지원 총액(단위: 만원),2,10,"2,3,4,5,6,7,8,9,10",raw | structured,19,2,normalized_label,needs_review,
KLoSA,high,KLoSA,w__bm15,w__Bb213 | w__bm15,w02Bb213 | w03Bb213 | w04Bb213 | w05Bb213 | w06Bb213 | w07Bb213 | w08Bb213 | w09Bb213 | w10Bb213 | w02bm15 | w03bm15 | w04bm15 | w05bm15 | w06bm15 | w07bm15 | w08bm15 | w09bm15 | w10bm15,(동거) (어머니)에게 제공한 금전적 지원 여부 | (동거)어머니에게 제공한 금전적 지원 여부 | 동거기간 동안 어머니에게 제공한 금전적 지원 여부,2,10,"2,3,4,5,6,7,8,9,10",raw | structured,19,2,normalized_label,needs_review,
KLoSA,high,KLoSA,w__bm16,w__Bb214 | w__bm16,w02Bb214 | w03Bb214 | w04Bb214 | w05Bb214 | w06Bb214 | w07Bb214 | w08Bb214 | w09Bb214 | w10Bb214 | w02bm16 | w03bm16 | w04bm16 | w05bm16 | w06bm16 | w07bm16 | w08bm16 | w09bm16 | w10bm16,(동거) (어머니)에게 제공한 금전적 지원 총액(단위: 만원) | (동거)어머니에게 제공한 금전적 지원 총액(단위: 만원) | 동거기간 동안 어머니에게 제공한 금전적 지원 총액(단위: 만원),2,10,"2,3,4,5,6,7,8,9,10",raw | structured,19,2,normalized_label,needs_review,
KLoSA,high,KLoSA,w__bm7_1,w__Bb135w5 | w__bm7_1,w01bm7_1 | w02bm7_1 | w03bm7_1 | w04bm7_1 | w05bm7_1 | w06bm7_1 | w07bm7_1 | w08bm7_1 | w09bm7_1 | w10bm7_1 | w05Bb135w5 | w06Bb135w5 | w07Bb135w5 | w08Bb135w5 | w09Bb135w5 | w10Bb135w5,(비동거)(어머니) (정기적 금전) 수령 여부 | (비동거)어머니 (정기적 금전) 수령 여부 | 어머니 (정기적 금전) 수령 여부,1,10,"1,2,3,4,5,6,7,8,9,10",raw | structured,17,2,normalized_label,needs_review,
KLoSA,high,KLoSA,w__bm7_2,w__Bb143w5 | w__bm7_2,w01bm7_2 | w02bm7_2 | w03bm7_2 | w04bm7_2 | w05bm7_2 | w06bm7_2 | w07bm7_2 | w08bm7_2 | w09bm7_2 | w10bm7_2 | w05Bb143w5 | w06Bb143w5 | w07Bb143w5 | w08Bb143w5 | w09Bb143w5 | w10Bb143w5,(비동거) (어머니) (비정기적 금전) 수령 여부 | (비동거)어머니 (비정기적 금전) 수령 여부 | 어머니 (비정기적 금전) 수령 여부,1,10,"1,2,3,4,5,6,7,8,9,10",raw | structured,17,2,normalized_label,needs_review,
KLoSA,high,KLoSA,w__bm7_3,w__Bb150w5 | w__bm7_3,w01bm7_3 | w02bm7_3 | w03bm7_3 | w04bm7_3 | w05bm7_3 | w06bm7_3 | w07bm7_3 | w08bm7_3 | w09bm7_3 | w10bm7_3 | w05Bb150w5 | w06Bb150w5 | w07Bb150w5 | w08Bb150w5 | w09Bb150w5 | w10Bb150w5,(비동거) (어머니) (현물) 수령 여부 | (비동거)어머니 (현물) 수령 여부 | 어머니 (현물) 수령 여부,1,10,"1,2,3,4,5,6,7,8,9,10",raw | structured,17,2,normalized_label,needs_review,
KLoSA,high,KLoSA,w__bm8,w__Bb100 | w__bm8,w01Bb100 | w02Bb100 | w03Bb100 | w04Bb100 | w05Bb100 | w06Bb100 | w07Bb100 | w08Bb100 | w09Bb100 | w10Bb100 | w01bm8 | w02bm8 | w03bm8 | w04bm8 | w05bm8 | w06bm8 | w07bm8 | w08bm8 | w09bm8 | w10bm8,(비동거) (어머니)로부터 받은 정기적인 금전적 수령금액(단위: 만원) | (비동거)어머니로부터 받은 정기적인 금전적 수령금액(단위: 만원) | 비동거기간 동안 어머니에게 받은 정기적인 금전적 지원의 월평균액(단위: 만원),1,10,"1,2,3,4,5,6,7,8,9,10",raw | structured,21,2,normalized_label,needs_review,
KLoSA,high,KLoSA,w__bm9,w__Bb107 | w__bm9,w01Bb107 | w02Bb107 | w03Bb107 | w04Bb107 | w05Bb107 | w06Bb107 | w07Bb107 | w08Bb107 | w09Bb107 | w10Bb107 | w01bm9 | w02bm9 | w03bm9 | w04bm9 | w05bm9 | w06bm9 | w07bm9 | w08bm9 | w09bm9 | w10bm9,(비동거) (어머니)로부터 받은 비정기적인 금전적 수령금액(단위: 만원) | (비동거)어머니로부터 받은 비정기적인 금전적 수령금액(단위: 만원) | 비동거기간 동안 어머니에게 받은 비정기적인 금전적 지원 총액(단위: 만원),1,10,"1,2,3,4,5,6,7,8,9,10",raw | structured,21,2,normalized_label,needs_review,
KLoSA,medium,KLoSA,w__bm9_1,w__Bb113m01 | w__bm9_1,w01Bb113m01 | w02Bb113m01 | w03Bb113m01 | w04Bb113m01 | w05Bb113m01 | w06Bb113m01 | w07Bb113m01 | w08Bb113m01 | w09Bb113m01 | w10Bb113m01 | w01bm9_1 | w02bm9_1 | w03bm9_1 | w04bm9_1 | w05bm9_1 | w06bm9_1 | w07bm9_1 | w08bm9_1 | w09bm9_1 | w10bm9_1,(비동거) (어머니)로부터 받은 비금전적 수령의 종류_(1)여가(여행 및 관광) | (비동거)어머니로부터 받은 비금전적 수령의 종류_(1)여가(여행 및 관광),1,10,"1,2,3,4,5,6,7,8,9,10",raw | structured,21,2,normalized_label,needs_review,
KLoSA,medium,KLoSA,w__bm9_2,w__Bb113m02 | w__bm9_2,w01Bb113m02 | w02Bb113m02 | w03Bb113m02 | w04Bb113m02 | w05Bb113m02 | w06Bb113m02 | w07Bb113m02 | w08Bb113m02 | w09Bb113m02 | w10Bb113m02 | w01bm9_2 | w02bm9_2 | w03bm9_2 | w04bm9_2 | w05bm9_2 | w06bm9_2 | w07bm9_2 | w08bm9_2 | w09bm9_2 | w10bm9_2,(비동거) (어머니)로부터 받은 비금전적 수령의 종류_(2)건강용품 | (비동거)어머니로부터 받은 비금전적 수령의 종류_(2)건강용품,1,10,"1,2,3,4,5,6,7,8,9,10",raw | structured,21,2,normalized_label,needs_review,
KLoSA,medium,KLoSA,w__bm9_3,w__Bb113m03 | w__bm9_3,w01Bb113m03 | w02Bb113m03 | w03Bb113m03 | w04Bb113m03 | w05Bb113m03 | w06Bb113m03 | w07Bb113m03 | w08Bb113m03 | w09Bb113m03 | w10Bb113m03 | w01bm9_3 | w02bm9_3 | w03bm9_3 | w04bm9_3 | w05bm9_3 | w06bm9_3 | w07bm9_3 | w08bm9_3 | w09bm9_3 | w10bm9_3,(비동거) (어머니)로부터 받은 비금전적 수령의 종류_(3)생활용품 | (비동거)어머니로부터 받은 비금전적 수령의 종류_(3)생활용품,1,10,"1,2,3,4,5,6,7,8,9,10",raw | structured,21,2,normalized_label,needs_review,
KLoSA,medium,KLoSA,w__bm9_4,w__Bb113m04 | w__bm9_4,w01Bb113m04 | w02Bb113m04 | w03Bb113m04 | w04Bb113m04 | w05Bb113m04 | w06Bb113m04 | w07Bb113m04 | w08Bb113m04 | w09Bb113m04 | w10Bb113m04 | w01bm9_4 | w02bm9_4 | w03bm9_4 | w04bm9_4 | w05bm9_4 | w06bm9_4 | w07bm9_4 | w08bm9_4 | w09bm9_4 | w10bm9_4,(비동거) (어머니)로부터 받은 비금전적 수령의 종류_(4)전자제품 | (비동거)어머니로부터 받은 비금전적 수령의 종류_(4)전자제품,1,10,"1,2,3,4,5,6,7,8,9,10",raw | structured,21,2,normalized_label,needs_review,
KLoSA,medium,KLoSA,w__bm9_5,w__Bb113m05 | w__bm9_5,w01Bb113m05 | w02Bb113m05 | w03Bb113m05 | w04Bb113m05 | w05Bb113m05 | w06Bb113m05 | w07Bb113m05 | w08Bb113m05 | w09Bb113m05 | w10Bb113m05 | w01bm9_5 | w02bm9_5 | w03bm9_5 | w04bm9_5 | w05bm9_5 | w06bm9_5 | w07bm9_5 | w08bm9_5 | w09bm9_5 | w10bm9_5,(비동거) (어머니)로부터 받은 비금전적 수령의 종류_(5)외식 및 음식물 | (비동거)어머니로부터 받은 비금전적 수령의 종류_(5)외식 및 음식물,1,10,"1,2,3,4,5,6,7,8,9,10",raw | structured,21,2,normalized_label,needs_review,
KLoSA,high,KLoSA,w__bm9_6,w__Bb113m06 | w__bm9_6,w01Bb113m06 | w02Bb113m06 | w03Bb113m06 | w04Bb113m06 | w05Bb113m06 | w06Bb113m06 | w07Bb113m06 | w08Bb113m06 | w09Bb113m06 | w10Bb113m06 | w01bm9_6 | w02bm9_6 | w03bm9_6 | w04bm9_6 | w05bm9_6 | w06bm9_6 | w07bm9_6 | w08bm9_6 | w09bm9_6 | w10bm9_6,(비동거) (어머니)로부터 받은 비금전적 수령의 종류_(7)기타 | (비동거)어머니로부터 받은 비금전적 수령의 종류_(6)기타 | (비동거)어머니로부터 받은 비금전적 수령의 종류_(7)기타,1,10,"1,2,3,4,5,6,7,8,9,10",raw | structured,21,2,normalized_label,needs_review,
KLoSA,medium,KLoSA,w__bm9_6a,w__Bb151m06w5 | w__bm9_6a,w05Bb151m06w5 | w06Bb151m06w5 | w07Bb151m06w5 | w08Bb151m06w5 | w09Bb151m06w5 | w10Bb151m06w5 | w05bm9_6a | w06bm9_6a | w07bm9_6a | w08bm9_6a | w09bm9_6a | w10bm9_6a,(비동거) (어머니)로부터 받은 비금전적 수령의 종류_(6)의류 및 신발 | (비동거)어머니로부터 받은 비금전적 수령의 종류_(6)의류 및 신발,5,10,"5,6,7,8,9,10",raw | structured,13,2,normalized_label,needs_review,
KLoSA,high,KLoSA,w__bp2,w__Bb016 | w__bp2,w01Bb016 | w02Bb016 | w03Bb016 | w04Bb016 | w05Bb016 | w06Bb016 | w07Bb016 | w08Bb016 | w09Bb016 | w10Bb016 | w01bp2 | w02bp2 | w03bp2 | w04bp2 | w05bp2 | w06bp2 | w07bp2 | w08bp2 | w09bp2 | w10bp2,부모간의 동거 여부 | 부모간의 동거 여부 | 부모간의 동거여부(두분 모두 살아계신 경우),1,10,"1,2,3,4,5,6,7,8,9,10",raw | structured,21,2,normalized_label,needs_review,
KLoSA,medium,KLoSA,w__ch_status_01,w__ch_status_01 | w__ch_status_02,w03ch_status_01 | w04ch_status_01 | w05ch_status_01 | w06ch_status_01 | w07ch_status_01 | w08ch_status_01 | w09ch_status_01 | w10ch_status_01 | w04ch_status_02 | w05ch_status_02 | w06ch_status_02 | w07ch_status_02 | w08ch_status_02 | w09ch_status_02 | w10ch_status_02,(임금/비임금)1번째 사이 일자리 종사상지위 변화한 경우 횟수,3,10,"3,4,5,6,7,8,9,10",structured,15,2,normalized_label,needs_review,
KLoSA,high,KLoSA,w__d_com161,w__D184_03_1st | w__D255_01_1st | w__D344_01_1st | w__d_com161,w06D184_03_1st | w07D184_03_1st | w08D184_03_1st | w09D184_03_1st | w10D184_03_1st | w06D255_01_1st | w07D255_01_1st | w08D255_01_1st | w09D255_01_1st | w10D255_01_1st | w06D344_01_1st | w07D344_01_1st | w08D344_01_1st | w09D344_01_1st | w10D344_01_1st | w06d_com161 | w07d_com161 | w08d_com161 | w09d_com161 | w10d_com161,근로 지속 이유(1순위) | 근로 지속 이유(1순위) | 근로 지속 이유(1순위)(임금근로자) | 근로 지속 이유(1순위) | 근로 지속 이유(1순위)(자영업자),6,10,"6,7,8,9,10",raw | structured,20,4,normalized_label,needs_review,
KLoSA,high,KLoSA,w__d_com162,w__D184_03_2nd | w__D184_04_1st | w__D255_01_2nd | w__D255_02_1st | w__D344_01_2nd | w__D344_02_1st | w__d_com162,w06D184_03_2nd | w07D184_03_2nd | w08D184_03_2nd | w09D184_03_2nd | w10D184_03_2nd | w06D255_01_2nd | w07D255_01_2nd | w08D255_01_2nd | w09D255_01_2nd | w10D255_01_2nd | w06D255_02_1st | w07D255_02_1st | w08D255_02_1st | w09D255_02_1st | w10D255_02_1st | w06D344_01_2nd | w07D344_01_2nd | w08D344_01_2nd | w09D344_01_2nd | w10D344_01_2nd | w06d_com162 | w07d_com162 | w08d_com162 | w09d_com162 | w10d_com162 | w08D184_04_1st | w09D184_04_1st | w10D184_04_1st | w08D344_02_1st | w09D344_02_1st | w10D344_02_1st,근로 지속 이유(1순위)_기타 | 근로 지속 이유(1순위)_기타(임금근로자) | 근로 지속 이유(1순위)_기타 | 근로 지속 이유(1순위)_기타(자영업자) | 근로 지속 이유(1순위)_기타 | 근로 지속 이유(2순위) | 근로 지속 이유(2순위) | 근로 지속 이유(2순위) | 근로 지속 이유(2순위)(임금근로자) | 근로 지속 이유(2순위) | 근로 지속 이유(2순위)(자영업자),6,10,"6,7,8,9,10",raw | structured,31,7,normalized_label,needs_review,
KLoSA,high,KLoSA,w__edu,w__A001 | w__A002 | w__A003 | w__edu,w01A001 | w02A001 | w03A001 | w04A001 | w05A001 | w06A001 | w07A001 | w08A001 | w09A001 | w10A001 | w01A002 | w02A002 | w03A002 | w04A002 | w05A002 | w06A002 | w07A002 | w08A002 | w09A002 | w10A002 | w01A003 | w02A003 | w03A003 | w04A003 | w05A003 | w06A003 | w07A003 | w08A003 | w09A003 | w10A003 | w01edu | w02edu | w03edu | w04edu | w05edu | w06edu | w07edu | w08edu | w09edu | w10edu,10차년도 당시 최종 학력(학교) | 1차년도 당시 최종 학력(학교) | 2014년 최종 학력(학교) | 2차년도 당시 최종 학력(학교) | 2차년도 현재 최종 학력(학교) | 3차년도 당시 최종 학력(학교) | 3차년도 현재 최종 학력(학교) | 4차년도 당시 최종 학력(학교) | 4차년도 현재 최종 학력(학교) | 5차년도 당시 최종 학력(학교) | 6차년도 당시 최종 학력(학교) | 7차년도 당시 최종 학력(학교) | 8차년도 당시 최종 학력(학교) | 9차년도 당시 최종 학력(학교) | 응답자 학력 | 기본조사 당시 응답자의 학력 | 양력/음력 여부 | 응답자 학력 | 양력/음력 여부 | 응답자의 출생년월(단위: 년4자리+월2자리) | 응답자의 출생년도 | 응답자의 출생년월(단위: 년4자리+월2자리) | 지난 1차 기본조사 당시 응답자의 생년월일(양음력기준) 재확인 | 지난 기본조사 당시 응답자의 생년월일(양음력기준) 재확인,1,10,"1,2,3,4,5,6,7,8,9,10",light | raw | structured | raw | structured,103,4,normalized_label,needs_review,
KLoSA,high,KLoSA,w__emp,w__D002 | w__emp,w01D002 | w02D002 | w03D002 | w04D002 | w05D002 | w06D002 | w07D002 | w08D002 | w09D002 | w10D002 | w01emp | w02emp | w03emp | w04emp | w05emp | w06emp | w07emp | w08emp | w09emp | w10emp,(임금/비임금)현 일자리 고용형태(임금/자영/무급가족) | 현재 가장 주된 일자리의 취업형태 | 가장 주된 일자리 | 현재 가장 주된 일자리의 취업형태,1,10,"1,2,3,4,5,6,7,8,9,10",light | structured | raw,31,2,normalized_label,needs_review,
KLoSA,high,KLoSA,w__hhsize,w__hhsize | w__hhsize_new,w01hhsize | w02hhsize | w03hhsize | w04hhsize | w05hhsize | w06hhsize | w07hhsize | w08hhsize | w09hhsize | w10hhsize | w05hhsize_new,가구원수 | 가구원수 | 가구원수(본인포함),1,10,"1,2,3,4,5,6,7,8,9,10",light | raw | structured | raw,31,2,normalized_label,needs_review,
KLoSA,high,KLoSA,w__mniw_d,w__mniw_d | w__mniw_m,w01mniw_d | w02mniw_d | w03mniw_d | w04mniw_d | w05mniw_d | w06mniw_d | w07mniw_d | w08mniw_d | w09mniw_d | w10mniw_d | w01mniw_m | w02mniw_m | w03mniw_m | w04mniw_m | w05mniw_m | w06mniw_m | w07mniw_m | w08mniw_m | w09mniw_m | w10mniw_m,본 설문(A~G) 인터뷰 날짜(단위: 월2자리) | 본 설문(A~G) 인터뷰 날짜(단위: 월2자리) | 본 설문(A~G) 인터뷰 날짜(단위: 일2자리),1,10,"1,2,3,4,5,6,7,8,9,10",light | raw | structured,60,2,normalized_label,needs_review,
KLoSA,medium,KLoSA,w__panel_n,w__panel_n,w01panel_n | w02panel_n | w03panel_n | w04panel_n | w05panel_n | w06panel_n | w07panel_n | w08panel_n | w09panel_n | w10panel_n,가구원 내 패널대상자 수 | 가구원내 패널대상자 수,1,10,"1,2,3,4,5,6,7,8,9,10",light | raw | structured,30,1,normalized_label,needs_review,
KNHANES,medium,KNHANES,AC1_yr,AC1_yr,AC1_yr,1년간 손상 발생 여부 | 1년간 손상 발생여부,2016,2024,"2016,2017,2018,2019,2020,2021,2022,2023,2024",basic_db,9,1,normalized_label,needs_review,
KNHANES,medium,KNHANES,AC3_1_01,AC3_1_01,AC3_1_01,손상1 발생시기-년도 | 손상1 발생시기: 년도,2016,2024,"2016,2017,2018,2019,2020,2021,2022,2023,2024",basic_db,9,1,normalized_label,needs_review,
KNHANES,medium,KNHANES,AC3_1_02,AC3_1_02,AC3_1_02,손상2 발생시기-년도 | 손상2 발생시기: 년도,2016,2024,"2016,2017,2018,2019,2020,2021,2022,2023,2024",basic_db,9,1,normalized_label,needs_review,
KNHANES,medium,KNHANES,AC3_1_03,AC3_1_03,AC3_1_03,손상3 발생시기-년도 | 손상3 발생시기: 년도,2016,2024,"2016,2017,2018,2019,2020,2021,2022,2023,2024",basic_db,9,1,normalized_label,needs_review,
KNHANES,medium,KNHANES,AC3_1_04,AC3_1_04,AC3_1_04,손상4 발생시기-년도 | 손상4 발생시기: 년도,2016,2024,"2016,2017,2019,2020,2024",basic_db,5,1,normalized_label,needs_review,
KNHANES,medium,KNHANES,AC3_1_05,AC3_1_05,AC3_1_05,손상5 발생시기-년도 | 손상5 발생시기: 년도,2017,2024,"2017,2019,2020,2024",basic_db,4,1,normalized_label,needs_review,
KNHANES,medium,KNHANES,AC3_1_06,AC3_1_06,AC3_1_06,손상6 발생시기-년도 | 손상6 발생시기: 년도,2017,2024,"2017,2024",basic_db,2,1,normalized_label,needs_review,
KNHANES,medium,KNHANES,AC3_2_01,AC3_2_01,AC3_2_01,손상1 발생시기-월 | 손상1 발생시기: 월,2016,2024,"2016,2017,2018,2019,2020,2021,2022,2023,2024",basic_db,9,1,normalized_label,needs_review,
KNHANES,medium,KNHANES,AC3_2_02,AC3_2_02,AC3_2_02,손상2 발생시기-월 | 손상2 발생시기: 월,2016,2024,"2016,2017,2018,2019,2020,2021,2022,2023,2024",basic_db,9,1,normalized_label,needs_review,
KNHANES,medium,KNHANES,AC3_2_03,AC3_2_03,AC3_2_03,손상3 발생시기-월 | 손상3 발생시기: 월,2016,2024,"2016,2017,2018,2019,2020,2021,2022,2023,2024",basic_db,9,1,normalized_label,needs_review,
KNHANES,medium,KNHANES,AC3_2_04,AC3_2_04,AC3_2_04,손상4 발생시기-월 | 손상4 발생시기: 월,2016,2024,"2016,2017,2019,2020,2024",basic_db,5,1,normalized_label,needs_review,
KNHANES,medium,KNHANES,AC3_2_05,AC3_2_05,AC3_2_05,손상5 발생시기-월 | 손상5 발생시기: 월,2017,2024,"2017,2019,2020,2024",basic_db,4,1,normalized_label,needs_review,
KNHANES,medium,KNHANES,AC3_2_06,AC3_2_06,AC3_2_06,손상6 발생시기-월 | 손상6 발생시기: 월,2017,2024,"2017,2024",basic_db,2,1,normalized_label,needs_review,
KNHANES,high,KNHANES,AC8_1e_01,AC8_1e_01,AC8_1e_01,손상1 치료: 기타상세 | 손상1 치료_기타 | 손상1 치료_기타상세,2016,2024,"2016,2017,2018,2019,2020,2021,2022,2023,2024",basic_db,9,1,normalized_label,needs_review,
KNHANES,high,KNHANES,AC8_1e_02,AC8_1e_02,AC8_1e_02,손상2 치료: 기타상세 | 손상2 치료_기타 | 손상2 치료_기타상세,2016,2024,"2016,2017,2018,2019,2020,2021,2022,2023,2024",basic_db,9,1,normalized_label,needs_review,
KNHANES,high,KNHANES,AC8_1e_03,AC8_1e_03,AC8_1e_03,손상3 치료: 기타상세 | 손상3 치료_기타 | 손상3 치료_기타상세,2016,2024,"2016,2017,2018,2019,2020,2021,2022,2023,2024",basic_db,9,1,normalized_label,needs_review,
KNHANES,high,KNHANES,AC8_1e_04,AC8_1e_04,AC8_1e_04,손상4 치료: 기타상세 | 손상4 치료_기타 | 손상4 치료_기타상세,2016,2024,"2016,2017,2019,2020,2024",basic_db,5,1,normalized_label,needs_review,
KNHANES,high,KNHANES,AUDIT,AUDIT,AUDIT,AUDIT | AUDIT 점수 | AUDIT점수,2007,2015,"2007,2008,2009,2010,2011,2012,2013,2015",basic_db,8,1,normalized_label,needs_review,
KNHANES,high,KNHANES,BA1_1,BA1_1,BA1_1,(12세미만) 자동차 앞좌석 이용 여부 | (소아) 자동차 앞좌석 이용 여부 | (소아) 자동차 앞좌석 이용여부 | 자동차 앞좌석 이용 여부,2005,2024,"2005,2007,2008,2009,2010,2011,2012,2013,2014,2015,2016,2017,2018,2019,2020,2021,2022,2023,2024",basic_db,19,1,normalized_label,needs_review,
KNHANES,high,KNHANES,BA1_2,BA1_2,BA1_2,(6세미만) 자동차 보호장구 이용 여부 | (만6세미만) 자동차 보호장구 이용 여부 | (만6세미만) 자동차 보호장구 이용여부 | 자동차 보호장구 이용 여부,2005,2024,"2005,2007,2008,2009,2010,2011,2012,2013,2014,2015,2016,2017,2018,2019,2020,2021,2022,2023,2024",basic_db,19,1,normalized_label,needs_review,
KNHANES,high,KNHANES,BA1_3,BA1_3,BA1_3,(3세-18세) 자전거 헬멧 이용 여부 | (만3-11세) 자전거 헬멧 이용 여부 | (만3-11세)자전거 헬멧 이용 여부 | (소아) 자전거 헬멧 이용 여부 | 자전거 헬멧 이용 여부,2005,2024,"2005,2007,2008,2009,2010,2011,2012,2013,2014,2015,2016,2017,2018,2019,2020,2021,2022,2023,2024",basic_db,19,1,normalized_label,needs_review,
KNHANES,high,KNHANES,BA2_12,BA2_12 | sc_seatblt,BA2_12 | sc_seatblt,(성인) 운전시 안전벨트 착용 여부 | (성인) 운전시 안전벨트 착용여부 | 성인 운전시 안전밸트 착용 여부 | 성인 운전시 안전벨트 착용 여부 | 운전 시 안전벨트 착용 여부 | 운전시 안전벨트 착용 | 운전시 안전벨트 착용여부 | 운전 시 안전벨트 착용률 | 운전시 안전벨트 착용률 | 운전시안전벨트착용률 | 운전시안전벨트착용여부,1998,2024,"1998,2001,2005,2007,2008,2009,2010,2011,2012,2013,2014,2015,2016,2017,2018,2019,2020,2021,2022,2023,2024",basic_db,39,2,normalized_label,needs_review,
KNHANES,high,KNHANES,BA2_13,BA2_13,BA2_13,(만12세 이상) 자동차 앞좌석 안전벨트 착용여부 | (만12세이상) 자동차 앞좌석 안전벨트 착용 여부 | (만12세이상) 자동차 앞좌석 안전벨트 착용여부 | 자동차 앞좌석 안전벨트 착용 여부 | 자동차 앞좌석 안전벨트 착용여부,1998,2024,"1998,2001,2005,2007,2008,2009,2010,2011,2012,2013,2014,2015,2016,2017,2018,2019,2020,2021,2022,2023,2024",basic_db,21,1,normalized_label,needs_review,
KNHANES,high,KNHANES,BA2_14,BA2_14,BA2_14,(성인) 자동차 뒷좌석 안전벨트 착용 여부 | (성인) 자동차 뒷좌석 안전벨트 착용여부 | 자동차 뒷좌석 안전벨트 착용 여부,2019,2024,"2019,2020,2021,2022,2023,2024",basic_db,6,1,normalized_label,needs_review,
KNHANES,high,KNHANES,BA2_22,BA2_22,BA2_22,(성인) 1년간 음주운전차량 동승 횟수 | (성인) 1년간 음주운전차량: 동승 횟수 | 1년간 음주운전차량 동승 횟수 | 1년간 음주운전차량: 동승 횟수 | 지난 1년 음주운전 차량 동승 횟수 | 지난 1년 음주운전차량 동승 횟수 | 지난 1년 음주운전차량 동승횟수,1998,2024,"1998,2001,2005,2007,2008,2009,2010,2011,2012,2013,2014,2015,2016,2017,2018,2019,2020,2021,2022,2023,2024",basic_db,21,1,normalized_label,needs_review,
KNHANES,high,KNHANES,BA2_2_1,BA2_2_1,BA2_2_1,(성인) 1년간 음주운전 여부 - 자전거 | (성인) 1년간 음주운전 여부: 자전거 | 1년간 음주운전 여부-자전거 | 1년간 음주운전 여부: 자전거,2007,2024,"2007,2008,2009,2010,2011,2012,2013,2014,2015,2016,2017,2018,2019,2020,2021,2022,2023,2024",basic_db,18,1,normalized_label,needs_review,
KNHANES,high,KNHANES,BA2_2_2,BA2_2_2,BA2_2_2,(성인) 1년간 음주운전 횟수 - 자전거 | (성인) 1년간 음주운전 횟수: 자전거 | 1년간 음주운전 횟수-자전거 | 1년간 음주운전 횟수: 자전거,2007,2024,"2007,2008,2009,2010,2011,2012,2013,2014,2015,2016,2017,2018,2019,2020,2021,2022,2023,2024",basic_db,18,1,normalized_label,needs_review,
KNHANES,high,KNHANES,BA2_2_3,BA2_2_3,BA2_2_3,(성인) 1년간 음주운전 여부 - 오토바이 | (성인) 1년간 음주운전 여부: 오토바이 | 1년간 음주운전 여부-오토바이 | 1년간 음주운전 여부: 오토바이,2007,2024,"2007,2008,2009,2010,2011,2012,2013,2014,2015,2016,2017,2018,2019,2020,2021,2022,2023,2024",basic_db,18,1,normalized_label,needs_review,
KNHANES,high,KNHANES,BA2_2_4,BA2_2_4,BA2_2_4,(성인) 1년간 음주운전 횟수 - 오토바이 | (성인) 1년간 음주운전 횟수: 오토바이 | 1년간 음주운전 횟수-오토바이 | 1년간 음주운전 횟수: 오토바이,2007,2024,"2007,2008,2009,2010,2011,2012,2013,2014,2015,2016,2017,2018,2019,2020,2021,2022,2023,2024",basic_db,18,1,normalized_label,needs_review,
KNHANES,high,KNHANES,BA2_2_5,BA2_2_5,BA2_2_5,(성인) 1년간 음주운전 여부 - 자동차 | (성인) 1년간 음주운전 여부: 자동차 | 1년간 음주운전 여부-자동차 | 1년간 음주운전 여부: 자동차,2007,2024,"2007,2008,2009,2010,2011,2012,2013,2014,2015,2016,2017,2018,2019,2020,2021,2022,2023,2024",basic_db,18,1,normalized_label,needs_review,
KNHANES,high,KNHANES,BA2_2_6,BA2_2_6,BA2_2_6,(성인) 1년간 음주운전 횟수 - 자동차 | (성인) 1년간 음주운전 횟수: 자동차 | 1년간 음주운전 횟수-자동차 | 1년간 음주운전 횟수: 자동차,2007,2024,"2007,2008,2009,2010,2011,2012,2013,2014,2015,2016,2017,2018,2019,2020,2021,2022,2023,2024",basic_db,18,1,normalized_label,needs_review,
KNHANES,high,KNHANES,BD1,BD1,BD1,(만12세이상) 평생음주경험 | (만12세이상)평생음주경험 | 평생 음주 경험 | 평생음주경험,2005,2024,"2005,2007,2008,2009,2010,2011,2012,2013,2014,2015,2016,2017,2018,2019,2020,2021,2022,2023,2024",basic_db,19,1,normalized_label,needs_review,
KNHANES,high,KNHANES,BD1_11,BD1_11,BD1_11,(만12세이상) 1년간 음주빈도 | (만12세이상)1년간 음주빈도 | 1년간 음주빈도 | 성인 평소 음주,2005,2024,"2005,2007,2008,2009,2010,2011,2012,2013,2014,2015,2016,2017,2018,2019,2020,2021,2022,2023,2024",basic_db,19,1,normalized_label,needs_review,
KNHANES,high,KNHANES,BD2,BD2,BD2,(만12세이상) 음주 시작 연령 | (만12세이상)음주 시작 연령 | 음주 시작 연령 | 첫 음주 연령,2001,2024,"2001,2005,2007,2008,2009,2010,2011,2012,2013,2014,2015,2016,2017,2018,2019,2020,2021,2022,2023,2024",basic_db,20,1,normalized_label,needs_review,
KNHANES,high,KNHANES,BD2_1,BD2_1,BD2_1,(만12세이상) 한번에 마시는 음주량 | (만12세이상)한번에 마시는 음주량 | 성인 음주량 | 한번에 마시는 음주량,2005,2024,"2005,2007,2008,2009,2010,2011,2012,2013,2014,2015,2016,2017,2018,2019,2020,2021,2022,2023,2024",basic_db,19,1,normalized_label,needs_review,
KNHANES,high,KNHANES,BD2_14,BD2_14,BD2_14,(만12세이상) 한번에 마시는 음주량(잔) | (만12세이상) 한번에 마시는 음주량_잔 | 한번에 마시는 음주량(잔),2017,2024,"2017,2018,2019,2020,2021,2022,2023,2024",basic_db,8,1,normalized_label,needs_review,
KNHANES,high,KNHANES,BD4,BD4,BD4,(성인) 음주 자제 안 된 경우의 빈도 | 성인 음주 자제 안 된 경우의 빈도 | 음주 자제 안 된 경우의 빈도,2005,2015,"2005,2007,2008,2009,2010,2011,2012,2013,2015",basic_db,9,1,normalized_label,needs_review,
KNHANES,high,KNHANES,BD5,BD5,BD5,(성인) 음주로 인한 일상생활 지장 빈도 | 성인 음주로 인한 일상생활 지장 빈도 | 음주로 인한 일상생활 지장 빈도,2005,2015,"2005,2007,2008,2009,2010,2011,2012,2013,2015",basic_db,9,1,normalized_label,needs_review,
KNHANES,high,KNHANES,BD6,BD6,BD6,(성인) 음주 다음날 아침 해장술 빈도 | 성인 음주 다음날 아침 해장술 빈도 | 음주 다음날 아침 해장술 빈도,2005,2015,"2005,2007,2008,2009,2010,2011,2012,2013,2015",basic_db,9,1,normalized_label,needs_review,
KNHANES,high,KNHANES,BD7_2,BD7_2,BD7_2,(성인) 음주 후 취중 일 망각빈도 | 성인 음주 후 취중 일 망각 빈도 | 음주 후 취중 일 망각빈도,2005,2015,"2005,2007,2008,2009,2010,2011,2012,2013,2015",basic_db,9,1,normalized_label,needs_review,
KNHANES,high,KNHANES,BD7_3,BD7_3,BD7_3,(성인) 음주로 인한 상해여부 | 성인 음주로 인한 상해 여부 | 음주로 인한 상해여부,2005,2015,"2005,2007,2008,2009,2010,2011,2012,2013,2015",basic_db,9,1,normalized_label,needs_review,
KNHANES,high,KNHANES,BD7_4,BD7_4,BD7_4,(성인) 가족/의사의 절주 권고 여부 | 가족/의사의 절주 권고 여부 | 성인 가족/의사의 절주 권고 여부,2005,2024,"2005,2007,2008,2009,2010,2011,2012,2013,2014,2015,2016,2017,2018,2019,2020,2021,2022,2023,2024",basic_db,19,1,normalized_label,needs_review,
KNHANES,medium,KNHANES,BE4_1,BE4_1,BE4_1,여가시간(방과후) 규칙적 운동실천 여부 | 여가시간(방과후)규칙적 운동실천 여부,2001,2005,"2001,2005",basic_db,2,1,normalized_label,needs_review,
KNHANES,medium,KNHANES,BH1_13,BH1_13 | BH1_15,BH1_13 | BH1_15,건강검진 비용부담,1998,2001,"1998,2001",basic_db,2,2,normalized_label,needs_review,
KNHANES,high,KNHANES,BH3_12,BH3_12,BH3_12,(성인) 마지막 혈압측정 시기 | 성인 마지막 혈압 측정 시기 | 혈압측정,2005,2009,"2005,2007,2008,2009",basic_db,4,1,normalized_label,needs_review,
KNHANES,high,KNHANES,BH9_22,BH9_22,BH9_22,(7세미만) 신생아선천성대사이상검사 | (소아) 신생아 선천성대사이상검사 | (소아)신생아 선천성대사이상검사,2005,2012,"2005,2007,2008,2009,2010,2011,2012",basic_db,7,1,normalized_label,needs_review,
KNHANES,medium,KNHANES,BM11,BM11,BM11,(청소년) 치실 사용 여부 | (청소년)치실 사용 여부,2007,2009,"2007,2008,2009",basic_db,3,1,normalized_label,needs_review,
KNHANES,high,KNHANES,BM12,BM12 | BM14,BM12 | BM14,최근 1년간 치과진료 미치료여부 | 치과진료 미검진 여부 | 치과진료 미치료 여부 | 치과진료 미치료여부 | 치과진료 미검진 여부 | 치과진료 미치료 여부 | 치과진료 미치료여부,2007,2024,"2007,2008,2009,2010,2011,2012,2013,2014,2015,2016,2017,2018,2019,2020,2021,2022,2023,2024",basic_db,18,2,normalized_label,needs_review,
KNHANES,high,KNHANES,BM12_1,BM12_1 | BM14_1,BM12_1 | BM14_1,최근 1년간 치과진료 미치료이유 | 치과진료 미검진 이유 | 치과진료 미치료 이유 | 치과진료 미치료이유 | 치과진료 미검진 이유 | 치과진료 미치료 이유 | 치과진료 미치료이유,2007,2024,"2007,2008,2009,2010,2011,2012,2013,2014,2015,2016,2017,2018,2019,2020,2021,2022,2023,2024",basic_db,18,2,normalized_label,needs_review,
KNHANES,high,KNHANES,BM12_2,BM12_2 | BM14_2,BM12_2 | BM14_2,최근 1년간 치과진료 미치료이유:기타 | 치과진료 미검진 이유 : 기타상세 | 치과진료 미검진 이유: 기타상세 | 치과진료 미치료 이유 : 기타 | 치과진료 미치료 이유: 기타상세 | 치과진료 미치료 이유:기타상세 | 치과진료 미치료이유: 기타 | 치과진료 미검진 이유 : 기타상세 | 치과진료 미치료 이유 기타상세 | 치과진료 미치료이유:기타,2007,2024,"2007,2008,2009,2010,2011,2012,2013,2014,2015,2016,2017,2018,2019,2020,2021,2022,2023,2024",basic_db,18,2,normalized_label,needs_review,
KNHANES,high,KNHANES,BM13_1,BM13_1,BM13_1,치아손상 사유 : 운동 | 치아손상 사유: 운동 | 치아손상 이유 : 운동,2010,2022,"2010,2011,2012,2013,2014,2015,2016,2017,2018,2019,2020,2021,2022",basic_db,13,1,normalized_label,needs_review,
KNHANES,high,KNHANES,BM13_2,BM13_2,BM13_2,치아손상 사유 : 폭력 | 치아손상 사유: 폭력 | 치아손상 이유 : 폭력,2010,2022,"2010,2011,2012,2013,2014,2015,2016,2017,2018,2019,2020,2021,2022",basic_db,13,1,normalized_label,needs_review,
KNHANES,high,KNHANES,BM13_3,BM13_3,BM13_3,치아손상 사유 : 교통사고 | 치아손상 사유: 교통사고 | 치아손상 이유 : 교통사고,2010,2022,"2010,2011,2012,2013,2014,2015,2016,2017,2018,2019,2020,2021,2022",basic_db,13,1,normalized_label,needs_review,
KNHANES,high,KNHANES,BM13_4,BM13_4,BM13_4,치아손상 사유 : 안전사고 | 치아손상 사유: 안전사고 | 치아손상 이유 : 교통사고 이외의 안전사고,2010,2022,"2010,2011,2012,2013,2014,2015,2016,2017,2018,2019,2020,2021,2022",basic_db,13,1,normalized_label,needs_review,
KNHANES,high,KNHANES,BM13_5,BM13_5,BM13_5,치아손상 사유 : 기타 | 치아손상 사유: 기타 | 치아손상 이유 : 기타,2010,2022,"2010,2011,2012,2013,2014,2015,2016,2017,2018,2019,2020,2021,2022",basic_db,13,1,normalized_label,needs_review,
KNHANES,high,KNHANES,BM13_6,BM13_6,BM13_6,치아손상 사유 : 기타상세 | 치아손상 사유: 기타상세 | 치아손상 이유 : 기타상세,2010,2022,"2010,2011,2012,2013,2014,2015,2016,2017,2018,2019,2020,2021,2022",basic_db,13,1,normalized_label,needs_review,
KNHANES,high,KNHANES,BM1_1,BM1_1,BM1_1,어제 하루 칫솔질 : 아침식사 전 | 어제 하루 칫솔질: 아침식사 전 | 칫솔질 시기: 아침식사 전 | 칫솔질-아침식사전 | 칫솔질시기 : 아침식사 전,2005,2024,"2005,2007,2008,2009,2010,2011,2012,2013,2014,2015,2016,2017,2018,2019,2020,2021,2022,2023,2024",basic_db,19,1,normalized_label,needs_review,
KNHANES,high,KNHANES,BM1_2,BM1_2,BM1_2,어제 하루 칫솔질 : 아침식사 후 | 칫솔질 시기: 아침식사 후 | 칫솔질-아침식사직후 | 칫솔질-아침식사후 | 칫솔질시기 : 아침식사 후,2005,2024,"2005,2007,2008,2009,2010,2011,2012,2013,2014,2015,2016,2017,2018,2019,2020,2021,2022,2023,2024",basic_db,19,1,normalized_label,needs_review,
KNHANES,high,KNHANES,BM1_3,BM1_3,BM1_3,어제 하루 칫솔질 : 점심식사 전 | 칫솔질 시기: 점심식사 전 | 칫솔질-점심식사전 | 칫솔질시기 : 점심식사 전,2005,2024,"2005,2007,2008,2009,2010,2011,2012,2013,2014,2015,2016,2017,2018,2019,2020,2021,2022,2023,2024",basic_db,19,1,normalized_label,needs_review,
KNHANES,high,KNHANES,BM1_4,BM1_4,BM1_4,어제 하루 칫솔질 : 점심식사 후 | 칫솔질 시기: 점심식사 후 | 칫솔질-점심식사직후 | 칫솔질-점심식사후 | 칫솔질시기 : 점심식사 후,2005,2024,"2005,2007,2008,2009,2010,2011,2012,2013,2014,2015,2016,2017,2018,2019,2020,2021,2022,2023,2024",basic_db,19,1,normalized_label,needs_review,
KNHANES,high,KNHANES,BM1_5,BM1_5,BM1_5,어제 하루 칫솔질 : 저녁식사 전 | 칫솔질 시기: 저녁식사 전 | 칫솔질-저녁식사전 | 칫솔질시기 : 저녁식사 전,2005,2024,"2005,2007,2008,2009,2010,2011,2012,2013,2014,2015,2016,2017,2018,2019,2020,2021,2022,2023,2024",basic_db,19,1,normalized_label,needs_review,
KNHANES,high,KNHANES,BM1_6,BM1_6,BM1_6,어제 하루 칫솔질 : 저녁식사 후 | 칫솔질 시기: 저녁식사 후 | 칫솔질-저녁식사직후 | 칫솔질-저녁식사후 | 칫솔질시기 : 저녁식사 후,2005,2024,"2005,2007,2008,2009,2010,2011,2012,2013,2014,2015,2016,2017,2018,2019,2020,2021,2022,2023,2024",basic_db,19,1,normalized_label,needs_review,
KNHANES,high,KNHANES,BM1_7,BM1_7 | BM1_8,BM1_7 | BM1_8,어제 하루 칫솔질 : 간식 후 | 칫솔질 시기: 간식 후 | 칫솔질-간식후 | 칫솔질-잠자기전 | 칫솔질시기 : 간식 후 | 어제 하루 칫솔질 : 잠자기 전 | 칫솔질 시기: 잠자기 전 | 칫솔질-잠자기전 | 칫솔질시기 : 잠자기 전,2005,2024,"2005,2007,2008,2009,2010,2011,2012,2013,2014,2015,2016,2017,2018,2019,2020,2021,2022,2023,2024",basic_db,37,2,normalized_label,needs_review,
KNHANES,high,KNHANES,BM2_1,BM2_1,BM2_1,"(만12세이상) 사용 구강건강용품 : 치실 | (소아,성인) 사용 구강건강용품: 치실 | 구강건강용품-치실 | 사용용품 : 치실 | 사용용품: 치실 | 사용용품: 치실(Floss)",2007,2022,"2007,2008,2009,2010,2011,2012,2013,2014,2015,2016,2017,2018,2019,2020,2021,2022",basic_db,16,1,normalized_label,needs_review,
KNHANES,high,KNHANES,BM2_2,BM2_2,BM2_2,"(만12세이상) 사용 구강건강용품 : 양치용액 | (소아,성인) 사용 구강건강용품: 양치용액 | 구강건강용품-양치용액 | 사용용품 : 양치용액 | 사용용품: 양치용액 | 사용용품: 양치용액(구강세정액)",2007,2022,"2007,2008,2009,2010,2011,2012,2013,2014,2015,2016,2017,2018,2019,2020,2021,2022",basic_db,16,1,normalized_label,needs_review,
KNHANES,high,KNHANES,BM2_3,BM2_3,BM2_3,"(만12세이상) 사용 구강건강용품 : 치간칫솔 | (소아,성인) 사용 구강건강용품 : 치간칫솔 | (소아,성인) 사용 구강건강용품: 치간칫솔 | 구강건강용품-치간칫솔 | 사용용품 : 치간칫솔 | 사용용품: 치간칫솔",2007,2022,"2007,2008,2009,2010,2011,2012,2013,2014,2015,2016,2017,2018,2019,2020,2021,2022",basic_db,16,1,normalized_label,needs_review,
KNHANES,high,KNHANES,BM2_4,BM2_4,BM2_4,"(만12세이상) 사용 구강건강용품 : 전동칫솔 | (소아,성인) 사용 구강건강용품: 전동칫솔 | 구강건강용품-전동칫솔 | 사용용품 : 전동칫솔 | 사용용품: 전동칫솔",2007,2022,"2007,2008,2009,2010,2011,2012,2013,2014,2015,2016,2017,2018,2019,2020,2021,2022",basic_db,16,1,normalized_label,needs_review,
KNHANES,high,KNHANES,BM2_5,BM2_5,BM2_5,"(만12세이상) 사용 구강건강용품 : 기타용품 | (소아,성인) 사용 구강건강용품: 기타용품 | 구강건강용품-기타용품 | 사용용품 : 기타 | 사용용품: 기타 | 사용용품: 워터픽(물사출기), 혀클리너, 첨단칫솔(임플란트용칫솔), 틀니관리용품",2007,2022,"2007,2008,2009,2010,2011,2012,2013,2014,2015,2016,2017,2018,2019,2020,2021,2022",basic_db,16,1,normalized_label,needs_review,
KNHANES,high,KNHANES,BM7,BM7,BM7,(성인) 씹기 문제 | (성인) 씹기문제 | 씹기 문제 | 씹기문제,2007,2024,"2007,2008,2009,2010,2011,2012,2013,2014,2015,2016,2017,2018,2019,2020,2021,2022,2023,2024",basic_db,18,1,normalized_label,needs_review,
KNHANES,high,KNHANES,BM8,BM8,BM8,(성인) 말하기 문제 | (성인) 말하기문제 | 말하기 문제 | 말하기문제,2007,2024,"2007,2008,2009,2010,2011,2012,2013,2014,2015,2016,2017,2018,2019,2020,2021,2022,2023,2024",basic_db,18,1,normalized_label,needs_review,
KNHANES,high,KNHANES,BO1,BO1,BO1,(만6세이상) 주관적 체형인식 | 주관적 체격 인식 | 주관적 체격인식 | 주관적 체형인식,2001,2024,"2001,2005,2007,2008,2009,2010,2011,2012,2013,2014,2015,2016,2017,2018,2019,2020,2021,2022,2023,2024",basic_db,20,1,normalized_label,needs_review,
KNHANES,high,KNHANES,BO1_1,BO1_1,BO1_1,(성인) 1년간 체중 변화 여부 | 1년간 체중 변화 여부 | 1년간 체중변화 여부 | 성인 지난 1년간 체중 변화 여부 | 성인 지난 1년간 체중변화 여부 | 지난 1년간 체중변화 여부,1998,2024,"1998,2001,2005,2007,2008,2009,2010,2011,2012,2013,2014,2015,2016,2017,2018,2019,2020,2021,2022,2023,2024",basic_db,21,1,normalized_label,needs_review,
KNHANES,medium,KNHANES,BO1_4,BO1_4,BO1_4,(소아청소년) 1년간 체중 감소량 | (소아청소년)1년간 체중 감소량,2007,2009,"2007,2008,2009",basic_db,3,1,normalized_label,needs_review,
KNHANES,medium,KNHANES,BO1_5,BO1_5,BO1_5,(소아청소년) 1년간 체중 증가량 | (소아청소년)1년간 체중 증가량,2007,2009,"2007,2008,2009",basic_db,3,1,normalized_label,needs_review,
KNHANES,high,KNHANES,BO2_2,BO2_2 | BO2_5,BO2_2 | BO2_5,체중조절 이유 | 체중조절 이유 | 체중조절이유,1998,2009,"1998,2001,2005,2007,2008,2009",basic_db,6,2,normalized_label,needs_review,
KNHANES,medium,KNHANES,BO2_3,BO2_3,BO2_3,체중조절이유 : 기타상세 | 체중조절이유-기타상세,2007,2009,"2007,2008,2009",basic_db,3,1,normalized_label,needs_review,
KNHANES,high,KNHANES,BO3_01,BO3_01,BO3_01,체중조절 방법-운동 | 체중조절방법 : 운동 | 체중조절방법-운동 | 체중조절방법: 운동 | 체중조절요법-운동,2001,2022,"2001,2005,2007,2008,2009,2010,2011,2012,2013,2014,2015,2016,2017,2018,2019,2022",basic_db,16,1,normalized_label,needs_review,
KNHANES,high,KNHANES,BO3_02,BO3_02,BO3_02,(성인) 체중조절방법 : 단식(24시간 이상) | 체중조절 방법-단식 | 체중조절방법 : 단식(24시간 이상) | 체중조절방법-단식(24시간 이상) | 체중조절방법: 단식(24시간 이상),2005,2022,"2005,2007,2008,2009,2010,2011,2012,2013,2014,2015,2016,2017,2018,2019,2022",basic_db,15,1,normalized_label,needs_review,
KNHANES,high,KNHANES,BO3_03,BO3_03,BO3_03,체중조절 방법-식사량감소 | 체중조절방법 : 식사량 감소 | 체중조절방법-식사량감소 | 체중조절방법: 식사량 감소,2005,2022,"2005,2007,2008,2009,2010,2011,2012,2013,2014,2015,2016,2017,2018,2019,2022",basic_db,15,1,normalized_label,needs_review,
KNHANES,high,KNHANES,BO3_04,BO3_04,BO3_04,(성인) 체중조절방법 : 처방된 체중감량제 | 체중조절 방법-처방된 체중감량제 | 체중조절방법 : 처방된 체중감량제 | 체중조절방법-처방 체중감량제 | 체중조절방법: 처방된 체중감량제,2005,2022,"2005,2007,2008,2009,2010,2011,2012,2013,2014,2015,2016,2017,2018,2019,2022",basic_db,15,1,normalized_label,needs_review,
KNHANES,high,KNHANES,BO3_05,BO3_05,BO3_05,(성인) 체중조절방법 : 임의 체중감량제 | 체중조절 방법-임의 체중감량제 | 체중조절방법 : 임의 체중감량제 | 체중조절방법-임의 체중감량제 | 체중조절방법: 임의 체중감량제,2005,2022,"2005,2007,2008,2009,2010,2011,2012,2013,2014,2015,2016,2017,2018,2019,2022",basic_db,15,1,normalized_label,needs_review,
KNHANES,high,KNHANES,BO3_06,BO3_06,BO3_06,"체중조절 방법-설사,이뇨제 | 체중조절방법(소아청소년)-설사제,이뇨제 | 체중조절방법(소아청소년): 설사제,이뇨제",2005,2009,"2005,2007,2008,2009",basic_db,4,1,normalized_label,needs_review,
KNHANES,high,KNHANES,BO3_07,BO3_07,BO3_07,체중조절 방법-건강기능식품 | 체중조절방법 : 건강기능식품 | 체중조절방법-건강기능식품 | 체중조절방법: 건강기능식품,2005,2022,"2005,2007,2008,2009,2010,2011,2012,2013,2014,2015,2016,2017,2018,2019,2022",basic_db,15,1,normalized_label,needs_review,
KNHANES,high,KNHANES,BO3_08,BO3_08,BO3_08,체중조절 방법-식사 후 구토 | 체중조절방법(소아청소년) : 식사 후 구토 | 체중조절방법(소아청소년)-식사후구토,2005,2009,"2005,2007,2008,2009",basic_db,4,1,normalized_label,needs_review,
KNHANES,high,KNHANES,BO3_09,BO3_09,BO3_09,체중조절 방법-한 가지 음식만 먹기 | 체중조절방법 : 원푸드다이어트 | 체중조절방법-원푸드다이어트 | 체중조절방법: 원푸드다이어트,2005,2022,"2005,2007,2008,2009,2010,2011,2012,2013,2014,2015,2016,2017,2018,2019,2022",basic_db,15,1,normalized_label,needs_review,
KNHANES,high,KNHANES,BO3_10,BO3_10,BO3_10,체중조절 방법-기타* | 체중조절방법 : 기타 | 체중조절방법-기타 | 체중조절방법: 기타,2005,2022,"2005,2007,2008,2009,2010,2011,2012,2013,2014,2015,2016,2017,2018,2019,2022",basic_db,15,1,normalized_label,needs_review,
KNHANES,high,KNHANES,BO3_11,BO3_11,BO3_11,체중조절방법 : 기타 상세 | 체중조절방법 : 기타상세 | 체중조절방법-기타 상세 | 체중조절방법: 기타상세,2007,2022,"2007,2008,2009,2010,2011,2012,2013,2014,2015,2016,2017,2018,2019,2022",basic_db,14,1,normalized_label,needs_review,
KNHANES,high,KNHANES,BO3_12,BO3_12,BO3_12,(성인) 체중조절방법 : 한약복용 | 체중조절방법 : 한약복용 | 체중조절방법-운동/식사 이외 | 체중조절방법-한약복용 | 체중조절방법: 한약복용,2001,2022,"2001,2007,2008,2009,2010,2011,2012,2013,2014,2015,2016,2017,2018,2019,2022",basic_db,15,1,normalized_label,needs_review,
KNHANES,medium,KNHANES,BO3_14,BO3_14,BO3_14,체중조절방법 : 결식 | 체중조절방법: 결식,2010,2022,"2010,2011,2012,2013,2014,2015,2016,2017,2018,2019,2022",basic_db,11,1,normalized_label,needs_review,
KNHANES,medium,KNHANES,BP17_dg,BP17_dg,BP17_dg,폐쇄성수면무호흡증 의사진단 여부 | 폐쇄성수면무호흡증 의사진단여부,2019,2023,"2019,2020,2021,2022,2023",basic_db,5,1,normalized_label,needs_review,
KNHANES,high,KNHANES,BP2,BP2 | BP2_1,BP2 | BP2_1,성인 스트레스 원인 | 성인 스트레스 원인 | 스트레스 원인,1998,2024,"1998,2001,2005,2018,2024",basic_db,5,2,normalized_label,needs_review,
KNHANES,high,KNHANES,BP6_10,BP6_10,BP6_10,1년간 자살 생각 | 1년간 자살 생각 여부 | 1년간 자살생각 여부 | 지난 1년간 자살 생각 여부,1998,2024,"1998,2001,2005,2007,2008,2009,2010,2011,2012,2013,2014,2015,2016,2017,2018,2019,2020,2021,2022,2023,2024",basic_db,21,1,normalized_label,needs_review,
KNHANES,high,KNHANES,BP6_31,BP6_31,BP6_31,1년간 자살 시도 | 1년간 자살 시도 여부 | 1년간 자살시도 여부 | 지난 1년 자살 시도 여부 | 지난 1년간 자살 시도 여부,1998,2024,"1998,2001,2005,2007,2008,2009,2010,2011,2012,2013,2014,2015,2016,2017,2018,2019,2020,2021,2022,2023,2024",basic_db,21,1,normalized_label,needs_review,
KNHANES,high,KNHANES,BP8,BP8 | BR1,BP8 | BR1,하루 평균 수면시간 | 하루 평균 수면시간 | 하루평균 수면시간,1998,2015,"1998,2001,2005,2007,2008,2009,2010,2011,2012,2013,2014,2015",basic_db,12,2,normalized_label,needs_review,
KNHANES,medium,KNHANES,BR2,BR2,BR2,피로 인식도 | 피로인식도,1998,2001,"1998,2001",basic_db,2,1,normalized_label,needs_review,
KNHANES,high,KNHANES,BS10_1,BS10_1,BS10_1,(청소년) 담배 한두 모금 피운 경험 | (청소년)담배 한두모금 피운 경험 | 담배 한두 모금 피운 경험 | 일반담배(궐련) 한두 모금 피운 경험,2007,2024,"2007,2008,2009,2010,2011,2012,2013,2014,2015,2016,2017,2018,2019,2020,2021,2022,2023,2024",basic_db,18,1,normalized_label,needs_review,
KNHANES,high,KNHANES,BS10_2,BS10_2,BS10_2,(청소년) 1달간 흡연일수 | (청소년)1달간 흡연일수 | 1달간 흡연일수,2007,2024,"2007,2008,2009,2010,2011,2012,2013,2014,2015,2016,2017,2018,2019,2020,2021,2022,2023,2024",basic_db,18,1,normalized_label,needs_review,
KNHANES,high,KNHANES,BS10_3,BS10_3,BS10_3,(청소년) 1달간 하루 흡연량 | (청소년)1달간 하루 흡연량 | 1달간 하루 흡연량,2007,2024,"2007,2008,2009,2010,2011,2012,2013,2014,2015,2016,2017,2018,2019,2020,2021,2022,2023,2024",basic_db,18,1,normalized_label,needs_review,
KNHANES,medium,KNHANES,BS11,BS11,BS11,(성인) 금연캠페인 경험여부 | (성인) 금연캠페인경험여부,2013,2017,"2013,2017",basic_db,2,1,normalized_label,needs_review,
KNHANES,high,KNHANES,BS12_1,BS12_1,BS12_1,(성인) 액상형 전자담배 평생사용 여부 | (성인) 액상형 전자담배 평생사용여부 | (성인) 전자담배 평생사용여부 | (성인) 평생전자담배사용여부 | 액상형 전자담배 평생사용 여부,2013,2024,"2013,2014,2015,2016,2017,2018,2019,2020,2021,2022,2023,2024",basic_db,12,1,normalized_label,needs_review,
KNHANES,high,KNHANES,BS12_2,BS12_2,BS12_2,(성인) 액상형 전자담배 현재사용 여부 | (성인) 액상형 전자담배 현재사용여부 | (성인) 전자담배 현재사용여부 | (성인) 최근 1달간 전자담배사용여부 | 액상형 전자담배 현재사용 여부,2013,2024,"2013,2014,2015,2016,2017,2018,2019,2020,2021,2022,2023,2024",basic_db,12,1,normalized_label,needs_review,
KNHANES,high,KNHANES,BS12_31,BS12_31,BS12_31,(성인) 평생사용담배종류: 머금는담배 | (성인) 평생사용담배종류_머금는담배 | 평생사용담배종류: 머금는담배,2015,2024,"2015,2016,2017,2018,2019,2020,2021,2022,2023,2024",basic_db,10,1,normalized_label,needs_review,
KNHANES,high,KNHANES,BS12_32,BS12_32,BS12_32,(성인) 평생사용담배종류: 물담배 | (성인) 평생사용담배종류_물담배 | 평생사용담배종류: 물담배,2015,2024,"2015,2016,2017,2018,2019,2020,2021,2022,2023,2024",basic_db,10,1,normalized_label,needs_review,
KNHANES,high,KNHANES,BS12_33,BS12_33,BS12_33,(성인) 평생사용담배종류: 시가 | (성인) 평생사용담배종류_시가 | 평생사용담배종류: 시가,2015,2024,"2015,2016,2017,2018,2019,2020,2021,2022,2023,2024",basic_db,10,1,normalized_label,needs_review,
KNHANES,high,KNHANES,BS12_34,BS12_34,BS12_34,(성인) 평생사용담배종류: 기타 | (성인) 평생사용담배종류_기타 | 평생사용담배종류: 기타,2015,2024,"2015,2016,2017,2018,2019,2020,2021,2022,2023,2024",basic_db,10,1,normalized_label,needs_review,
KNHANES,high,KNHANES,BS12_36,BS12_36,BS12_36,(성인) 평생사용담배종류: 피운 적 없음 | (성인) 평생사용담배종류_피운적없음 | 평생사용담배종류: 피운 적 없음,2015,2024,"2015,2016,2017,2018,2019,2020,2021,2022,2023,2024",basic_db,10,1,normalized_label,needs_review,
KNHANES,high,KNHANES,BS12_37,BS12_37,BS12_37,(성인) 궐련형 전자담배 평생사용 여부 | (성인) 궐련형 전자담배 평생사용여부 | (성인) 평생사용담배종류_찐담배 | 궐련형 전자담배 평생사용 여부,2018,2024,"2018,2019,2020,2021,2022,2023,2024",basic_db,7,1,normalized_label,needs_review,
KNHANES,high,KNHANES,BS12_41,BS12_41,BS12_41,(성인) 현재사용담배종류: 머금는담배 | (성인) 현재사용담배종류_머금는담배 | 현재사용담배종류: 머금는담배,2015,2024,"2015,2016,2017,2018,2019,2020,2021,2022,2023,2024",basic_db,10,1,normalized_label,needs_review,
KNHANES,high,KNHANES,BS12_42,BS12_42,BS12_42,(성인) 현재사용담배종류: 물담배 | (성인) 현재사용담배종류_물담배 | 현재사용담배종류: 물담배,2015,2024,"2015,2016,2017,2018,2019,2020,2021,2022,2023,2024",basic_db,10,1,normalized_label,needs_review,
KNHANES,high,KNHANES,BS12_43,BS12_43,BS12_43,(성인) 현재사용담배종류: 시가 | (성인) 현재사용담배종류_시가 | 현재사용담배종류: 시가,2015,2024,"2015,2016,2017,2018,2019,2020,2021,2022,2023,2024",basic_db,10,1,normalized_label,needs_review,
KNHANES,high,KNHANES,BS12_44,BS12_44,BS12_44,(성인) 현재사용담배종류: 기타 | (성인) 현재사용담배종류_기타 | 현재사용담배종류: 기타,2015,2024,"2015,2016,2017,2018,2019,2020,2021,2022,2023,2024",basic_db,10,1,normalized_label,needs_review,
KNHANES,high,KNHANES,BS12_46,BS12_46,BS12_46,(성인) 현재사용담배종류: 피운 적 없음 | (성인) 현재사용담배종류_피운적없음 | 현재사용담배종류: 피운 적 없음,2015,2024,"2015,2016,2017,2018,2019,2020,2021,2022,2023,2024",basic_db,10,1,normalized_label,needs_review,
KNHANES,high,KNHANES,BS12_47,BS12_47,BS12_47,(성인) 궐련형 전자담배 현재사용 여부 | (성인) 궐련형 전자담배 현재사용여부 | (성인) 현재사용담배종류_찐담배 | 궐련형 전자담배 현재사용 여부,2018,2024,"2018,2019,2020,2021,2022,2023,2024",basic_db,7,1,normalized_label,needs_review,
KNHANES,high,KNHANES,BS3_1,BS3_1 | sm_presnt,BS3_1 | sm_presnt,(성인) 현재 일반담배(궐련) 흡연 여부 | (성인) 현재흡연 여부 | 성인 현재 흡연 여부 | 현재 일반담배(궐련) 흡연 여부 | 현재 흡연 | 현재흡연 여부 | 현재흡연여부 | 현재흡연율,1998,2024,"1998,2001,2005,2007,2008,2009,2010,2011,2012,2013,2014,2015,2016,2017,2018,2019,2020,2021,2022,2023,2024",basic_db,39,2,normalized_label,needs_review,
KNHANES,high,KNHANES,BS5_1,BS5_1,BS5_1,(성인) 1개월내 금연계획 | (성인) 현재흡연자 1개월내 금연계획 | 1개월내 금연계획 | 금연 계획 | 금연계획 | 현재흡연자 1개월내 금연계획,2001,2024,"2001,2005,2007,2008,2009,2010,2011,2012,2013,2014,2015,2016,2017,2018,2019,2020,2021,2022,2023,2024",basic_db,20,1,normalized_label,needs_review,
KNHANES,high,KNHANES,BS5_2,BS5_2 | BS6_13,BS5_2 | BS6_13,(성인) 금연 이유 | (성인) 금연이유 | 금연 이유 | 금연이유 | 성인 금연 혹은 금연시도 이유 | 성인 금연 이유,1998,2015,"1998,2001,2005,2007,2008,2009,2014,2015",basic_db,8,2,normalized_label,needs_review,
KNHANES,high,KNHANES,BS5_21,BS5_21,BS5_21,(성인) 금연방법 : 의지로 | 금연방법-의지로 | 금연방법: 의지로 | 성인 금연방법-의지로,2005,2022,"2005,2007,2008,2009,2010,2011,2012,2014,2015,2016,2017,2018,2019,2022",basic_db,14,1,normalized_label,needs_review,
KNHANES,high,KNHANES,BS5_24,BS5_24,BS5_24,"(성인) 금연방법 : 금연초 | (성인) 금연방법 : 흡연욕구저하제(금연초, 쑥담배 등) | 금연방법-금연초 | 성인 금연방법-금연초",2005,2015,"2005,2007,2008,2009,2010,2011,2012,2014,2015",basic_db,9,1,normalized_label,needs_review,
KNHANES,high,KNHANES,BS5_25,BS5_25,BS5_25,(성인) 금연방법 : 의사처방 약물치료 | 금연방법-의사처방약물치료 | 성인 금연방법-의사 처방 약물치료,2005,2015,"2005,2007,2008,2009,2010,2011,2012,2014,2015",basic_db,9,1,normalized_label,needs_review,
KNHANES,high,KNHANES,BS5_26,BS5_26,BS5_26,(성인) 금연방법 : 금연교육 및 상담 | (성인) 금연방법 : 보건소 금연클리닉 | 금연방법-금연교육및상담 | 금연방법: 보건소 금연클리닉 | 성인 금연방법-금연교육 및 상담,2005,2022,"2005,2007,2008,2009,2010,2011,2012,2014,2015,2016,2017,2018,2019,2022",basic_db,14,1,normalized_label,needs_review,
KNHANES,high,KNHANES,BS5_28,BS5_28,BS5_28,(성인) 금연방법 : 금연상담전화 | 금연 방법 | 금연방법-금연상담전화 | 금연방법: 금연상담전화,2001,2022,"2001,2007,2008,2009,2010,2011,2012,2014,2015,2016,2017,2018,2019,2022",basic_db,14,1,normalized_label,needs_review,
KNHANES,high,KNHANES,BS5_29,BS5_29,BS5_29,(성인) 금연방법 : 기타 | 금연방법-기타 | 금연방법: 기타 | 성인 금연방법-기타,2005,2022,"2005,2007,2008,2009,2010,2011,2012,2014,2015,2016,2017,2018,2019,2022",basic_db,14,1,normalized_label,needs_review,
KNHANES,high,KNHANES,BS5_3,BS5_3,BS5_3,(성인) 금연이유 : 기타 | (성인) 금연이유: 기타 | 금연이유_기타,2007,2015,"2007,2008,2009,2014,2015",basic_db,5,1,normalized_label,needs_review,
KNHANES,high,KNHANES,BS5_30,BS5_30,BS5_30,(성인) 금연 시도한 적 없음 | 금연 시도한 적 없음 | 금연시도한 적 없음,2007,2022,"2007,2008,2009,2010,2011,2012,2014,2015,2016,2017,2018,2019,2022",basic_db,13,1,normalized_label,needs_review,
KNHANES,high,KNHANES,BS5_31,BS5_31,BS5_31,(성인) 금연방법 : 기타상세 | 금연방법-기타상세 | 금연방법: 기타상세,2007,2022,"2007,2008,2009,2010,2011,2012,2014,2015,2016,2017,2018,2019,2022",basic_db,13,1,normalized_label,needs_review,
KNHANES,high,KNHANES,BS6_2,BS6_2,BS6_2,(성인) 과거흡연자 일반담배(궐련) 흡연기간(월 환산) | (성인) 과거흡연자 흡연기간 ※월로 환산 | (성인) 과거흡연자 흡연기간(월 환산) | (성인) 과거흡연자 흡연기간(월환산) | 과거흡연자 일반담배(궐련) 흡연기간(월 환산) | 성인 과거 흡연기간 | 성인 과거 흡연기간 -개월,1998,2024,"1998,2005,2007,2008,2009,2010,2011,2012,2013,2014,2015,2016,2017,2018,2019,2020,2021,2022,2023,2024",basic_db,20,1,normalized_label,needs_review,
KNHANES,high,KNHANES,BS8_2,BS8_2,BS8_2,(성인) 직장실내 간접흡연 노출 여부 | 성인 직장 실내 간접흡연 | 직장실내 간접흡연 노출 여부 | 직장실내 간접흡연 노출여부,2005,2024,"2005,2007,2008,2009,2010,2011,2012,2013,2014,2015,2016,2017,2018,2019,2020,2021,2022,2023,2024",basic_db,19,1,normalized_label,needs_review,
KNHANES,high,KNHANES,BS9_2,BS9_2,BS9_2,(만6세이상) 가정실내 간접흡연 노출 여부 | (성인) 가정실내 간접흡연 노출 여부 | 가정 내 간접흡연 | 가정실내 간접흡연 노출 여부 | 가정실내 간접흡연 노출여부,2005,2024,"2005,2007,2008,2009,2010,2011,2012,2013,2014,2015,2016,2017,2018,2019,2020,2021,2022,2023,2024",basic_db,19,1,normalized_label,needs_review,
KNHANES,high,KNHANES,CH2_2,CH2_2,CH2_2,(19세미만) 졸업여부 | (소아) 교육이수 - 졸업여부 | (소아) 교육이수: 졸업여부 | (소아)교육수준-졸업여부 | 교육이수: 졸업여부,2005,2024,"2005,2007,2008,2009,2010,2011,2012,2013,2014,2015,2016,2017,2018,2019,2020,2021,2022,2023,2024",basic_db,19,1,normalized_label,needs_review,
KNHANES,medium,KNHANES,CY_MTM_D,CY_MTM_D | CY_mtm_d,CY_MTM_D | CY_mtm_d,(소아청소년) 모유수유 기간,2010,2011,"2010,2011",basic_db,2,2,normalized_label,needs_review,
KNHANES,medium,KNHANES,CY_MTM_YN,CY_MTM_YN | CY_mtm_yn,CY_MTM_YN | CY_mtm_yn,(소아청소년) 모유수유 여부,2010,2011,"2010,2011",basic_db,2,2,normalized_label,needs_review,
KNHANES,medium,KNHANES,CY_bth_MA,CY_bth_MA | CY_bth_ma,CY_bth_MA | CY_bth_ma,(소아청소년) 출생시 산모연령,2010,2011,"2010,2011",basic_db,2,2,normalized_label,needs_review,
KNHANES,high,KNHANES,DC11_ag,DC11_ag,DC11_ag,기타암 진단시기 | 기타암1 진단받은 시기 | 기타암1 진단받은시기 | 기타암1 진단시기,2007,2021,"2007,2008,2009,2010,2011,2012,2013,2014,2015,2016,2017,2018,2019,2020,2021",basic_db,15,1,normalized_label,needs_review,
KNHANES,high,KNHANES,DC11_lt,DC11_lt,DC11_lt,기타암1  유병여부 | 기타암1 유병여부 | 평생 기타암1,2005,2012,"2005,2007,2008,2009,2010,2011,2012",basic_db,7,1,normalized_label,needs_review,
KNHANES,high,KNHANES,DC11_pr,DC11_pr,DC11_pr,기타암 현재 유병여부 | 기타암1 현재 유병 여부 | 기타암1 현재 유병여부,2007,2021,"2007,2008,2009,2010,2011,2012,2013,2014,2015,2016,2017,2018,2019,2020,2021",basic_db,15,1,normalized_label,needs_review,
KNHANES,high,KNHANES,DC11_tp,DC11_tp,DC11_tp,기타암 의 종류 | 기타암1 의 종류 | 기타암1의 종류,2007,2021,"2007,2008,2009,2010,2011,2012,2013,2014,2015,2016,2017,2018,2019,2020,2021",basic_db,15,1,normalized_label,needs_review,
KNHANES,high,KNHANES,DC12_ag,DC12_ag,DC12_ag,기타암2 진단받은 시기 | 기타암2 진단받은시기 | 기타암2 진단시기,2007,2021,"2007,2008,2009,2010,2014,2017,2018,2020,2021",basic_db,9,1,normalized_label,needs_review,
KNHANES,medium,KNHANES,DC12_pr,DC12_pr,DC12_pr,기타암2 현재 유병 여부 | 기타암2 현재 유병여부,2007,2021,"2007,2008,2009,2010,2014,2017,2018,2020,2021",basic_db,9,1,normalized_label,needs_review,
KNHANES,medium,KNHANES,DC12_tp,DC12_tp,DC12_tp,기타암2 의 종류 | 기타암2의 종류,2007,2021,"2007,2008,2009,2010,2014,2017,2018,2020,2021",basic_db,9,1,normalized_label,needs_review,
KNHANES,medium,KNHANES,DC1_6,DC1_6,DC1_6,위암 미치료 이유 | 위암 미치료이유,1998,2001,"1998,2001",basic_db,2,1,normalized_label,needs_review,
KNHANES,high,KNHANES,DC1_ag,DC1_ag,DC1_ag,위암 진단받은 시기 | 위암 진단받은시기 | 위암 진단시기,2007,2021,"2007,2008,2009,2010,2011,2012,2013,2014,2015,2016,2017,2018,2019,2020,2021",basic_db,15,1,normalized_label,needs_review,
KNHANES,high,KNHANES,DC1_f6,DC1_f6 | DC1_pt | DC1_s4,DC1_f6 | DC1_pt | DC1_s4,위암 치료 여부 | 위암 현재 치료여부 | 위암 치료여부,1998,2021,"1998,2001,2005,2007,2008,2009,2010,2011,2012,2013,2014,2015,2016,2017,2018,2019,2020,2021",basic_db,18,3,normalized_label,needs_review,
KNHANES,medium,KNHANES,DC2_6,DC2_6,DC2_6,간암 미치료 이유 | 간암 미치료이유,1998,2001,"1998,2001",basic_db,2,1,normalized_label,needs_review,
KNHANES,high,KNHANES,DC2_ag,DC2_ag,DC2_ag,간암 진단받은 시기 | 간암 진단받은시기 | 간암 진단시기,2007,2021,"2007,2008,2009,2010,2011,2012,2013,2014,2015,2016,2017,2018,2019,2020,2021",basic_db,15,1,normalized_label,needs_review,
KNHANES,high,KNHANES,DC2_f6,DC2_f6 | DC2_pt | DC2_s4,DC2_f6 | DC2_pt | DC2_s4,간암 치료 여부 | 간암 현재 치료여부 | 간암 치료여부,1998,2021,"1998,2001,2005,2007,2008,2009,2010,2011,2012,2013,2014,2015,2016,2017,2018,2019,2020,2021",basic_db,18,3,normalized_label,needs_review,
KNHANES,medium,KNHANES,DC3_6,DC3_6,DC3_6,장암 미치료 이유 | 장암 미치료이유,1998,2001,"1998,2001",basic_db,2,1,normalized_label,needs_review,
KNHANES,high,KNHANES,DC3_ag,DC3_ag,DC3_ag,대장암 진단받은 시기 | 대장암 진단받은시기 | 대장암 진단시기,2007,2021,"2007,2008,2009,2010,2011,2012,2013,2014,2015,2016,2017,2018,2019,2020,2021",basic_db,15,1,normalized_label,needs_review,
KNHANES,medium,KNHANES,DC3_f6,DC3_f6 | DC3_s4,DC3_f6 | DC3_s4,장암 치료여부,1998,2001,"1998,2001",basic_db,2,2,normalized_label,needs_review,
KNHANES,medium,KNHANES,DC4_6,DC4_6,DC4_6,유방암 미치료 이유 | 유방암 미치료이유,1998,2001,"1998,2001",basic_db,2,1,normalized_label,needs_review,
KNHANES,high,KNHANES,DC4_ag,DC4_ag,DC4_ag,유방암 진단받은 시기 | 유방암 진단받은시기 | 유방암 진단시기,2007,2021,"2007,2008,2009,2010,2011,2012,2013,2014,2015,2016,2017,2018,2019,2020,2021",basic_db,15,1,normalized_label,needs_review,
KNHANES,high,KNHANES,DC4_f6,DC4_f6 | DC4_pt | DC4_s4,DC4_f6 | DC4_pt | DC4_s4,유방암 치료 여부 | 유방암 현재 치료여부 | 유방암 치료여부,1998,2021,"1998,2001,2005,2007,2008,2009,2010,2011,2012,2013,2014,2015,2016,2017,2018,2019,2020,2021",basic_db,18,3,normalized_label,needs_review,
KNHANES,medium,KNHANES,DC5_6,DC5_6,DC5_6,자궁암 미치료 이유 | 자궁암 미치료이유,1998,2001,"1998,2001",basic_db,2,1,normalized_label,needs_review,
KNHANES,high,KNHANES,DC5_ag,DC5_ag,DC5_ag,자궁경부암 진단받은 시기 | 자궁경부암 진단받은시기 | 자궁경부암 진단시기,2007,2021,"2007,2008,2009,2010,2011,2012,2013,2014,2015,2016,2017,2018,2019,2020,2021",basic_db,15,1,normalized_label,needs_review,
KNHANES,medium,KNHANES,DC5_f6,DC5_f6 | DC5_s4,DC5_f6 | DC5_s4,자궁암 치료여부,1998,2001,"1998,2001",basic_db,2,2,normalized_label,needs_review,
KNHANES,medium,KNHANES,DC6_6,DC6_6,DC6_6,폐암 미치료 이유 | 폐암 미치료이유,1998,2001,"1998,2001",basic_db,2,1,normalized_label,needs_review,
KNHANES,high,KNHANES,DC6_ag,DC6_ag,DC6_ag,폐암 진단받은 시기 | 폐암 진단받은시기 | 폐암 진단시기,2007,2021,"2007,2008,2009,2010,2011,2012,2013,2014,2015,2016,2017,2018,2019,2020,2021",basic_db,15,1,normalized_label,needs_review,
KNHANES,high,KNHANES,DC6_f6,DC6_f6 | DC6_pt | DC6_s4,DC6_f6 | DC6_pt | DC6_s4,폐암 치료 여부 | 폐암 현재 치료여부 | 폐암 치료여부,1998,2021,"1998,2001,2005,2007,2008,2009,2010,2011,2012,2013,2014,2015,2016,2017,2018,2019,2020,2021",basic_db,18,3,normalized_label,needs_review,
KNHANES,high,KNHANES,DC8_dg,DC12_dg | DC8_dg,DC12_dg | DC8_dg,기타암2 의사진단 | 기타암2 의사진단 | 기타암2 의사진단 여부,2005,2021,"2005,2007,2008,2009,2010,2014,2017,2018,2020,2021",basic_db,10,2,normalized_label,needs_review,
KNHANES,high,KNHANES,DE1_3,DE1_3 | DE1_s4,DE1_3 | DE1_s4,당뇨병 치료여부 | 당뇨병 치료여부 | 당뇨병 혈당관리 치료 여부 | 당뇨병치료여부 | 당뇨병혈당관리치료여부,2001,2024,"2001,2007,2008,2009,2010,2011,2012,2013,2014,2015,2016,2017,2018,2019,2020,2021,2022,2023,2024",basic_db,19,2,normalized_label,needs_review,
KNHANES,high,KNHANES,DE1_31,DE1_31,DE1_31,당뇨병 치료_인슐린 주사 | 당뇨병 혈당관리 치료: 인슐린 주사 | 당뇨병치료_인슐린 주사 | 당뇨병혈당관리치료: 인슐린 주사 | 당뇨병혈당관리치료_인슐린 주사 | 인슐린 치료,2005,2024,"2005,2007,2008,2009,2010,2011,2012,2013,2014,2015,2016,2017,2018,2019,2020,2021,2022,2023,2024",basic_db,19,1,normalized_label,needs_review,
KNHANES,high,KNHANES,DE1_32,DE1_32,DE1_32,경구용 혈당강하제 복용 | 당뇨병 치료_당뇨병약 | 당뇨병 혈당관리 치료: 당뇨병약 | 당뇨병치료_당뇨병약 | 당뇨병혈당관리치료: 당뇨병약 | 당뇨병혈당관리치료_당뇨병약,2005,2024,"2005,2007,2008,2009,2010,2011,2012,2013,2014,2015,2016,2017,2018,2019,2020,2021,2022,2023,2024",basic_db,19,1,normalized_label,needs_review,
KNHANES,high,KNHANES,DE1_33,DE1_33,DE1_33,당뇨병 치료_비약물요법 | 당뇨병 혈당관리 치료: 비약물 요법 | 당뇨병치료_비약물 요법 | 당뇨병혈당관리치료: 비약물 요법 | 당뇨병혈당관리치료_비약물 요법,2007,2024,"2007,2008,2009,2010,2011,2012,2013,2014,2015,2016,2017,2018,2019,2020,2021,2022,2023,2024",basic_db,18,1,normalized_label,needs_review,
KNHANES,high,KNHANES,DE1_34,DE1_34,DE1_34,당뇨병 치료_기타 | 당뇨병 혈당관리 치료: 기타 | 당뇨병치료_기타 | 당뇨병혈당관리치료: 기타 | 당뇨병혈당관리치료_기타,2007,2024,"2007,2008,2009,2010,2011,2012,2013,2014,2015,2016,2017,2018,2019,2020,2021,2022,2023,2024",basic_db,18,1,normalized_label,needs_review,
KNHANES,high,KNHANES,DE1_35,DE1_35,DE1_35,당뇨병 치료_기타 기술 | 당뇨병 혈당관리 치료: 기타상세 | 당뇨병치료_기타 기술 | 당뇨병치료_기타상세 | 당뇨병혈당관리치료: 기타상세 | 당뇨병혈당관리치료_기타상세,2007,2024,"2007,2008,2009,2010,2011,2012,2013,2014,2015,2016,2017,2018,2019,2020,2021,2022,2023,2024",basic_db,18,1,normalized_label,needs_review,
KNHANES,high,KNHANES,DE1_5,DE1_5,DE1_5,당뇨 교육 | 당뇨교육 | 당뇨병 교육 전혀 안 받음 | 당뇨병관리교육,2005,2012,"2005,2007,2008,2009,2010,2011,2012",basic_db,7,1,normalized_label,needs_review,
KNHANES,high,KNHANES,DE1_51,DE1_51,DE1_51,당뇨 교육_병의원 | 당뇨교육_병의원 | 당뇨병 교육-병의원 | 당뇨병관리교육_병의원,2005,2012,"2005,2007,2008,2009,2010,2011,2012",basic_db,7,1,normalized_label,needs_review,
KNHANES,high,KNHANES,DE1_52,DE1_52,DE1_52,당뇨 교육_한방병의원 | 당뇨교육_한방병의원 | 당뇨병 교육-한방병의원 | 당뇨병관리교육_한방병의원,2005,2011,"2005,2007,2008,2009,2010,2011",basic_db,6,1,normalized_label,needs_review,
KNHANES,high,KNHANES,DE1_53,DE1_53,DE1_53,당뇨 교육_보건소 | 당뇨교육_보건소 | 당뇨병 교육-보건소 | 당뇨병관리교육_보건소,2005,2012,"2005,2007,2008,2009,2010,2011,2012",basic_db,7,1,normalized_label,needs_review,
KNHANES,high,KNHANES,DE1_54,DE1_54,DE1_54,당뇨 교육_기타 | 당뇨교육_기타 | 당뇨병 교육-기타 | 당뇨병관리교육_기타,2005,2012,"2005,2007,2008,2009,2010,2011,2012",basic_db,7,1,normalized_label,needs_review,
KNHANES,high,KNHANES,DE1_55,DE1_55,DE1_55,당뇨 교육_기타 장소 | 당뇨교육_기타 장소 | 당뇨병관리교육_기타 장소,2007,2012,"2007,2008,2009,2010,2011,2012",basic_db,6,1,normalized_label,needs_review,
KNHANES,high,KNHANES,DE1_dg,DE1_dg | HE_DMdg,DE1_dg | HE_DMdg,"당뇨 의사진단 | 당뇨병 의사진단 | 당뇨병 의사진단 여부 | 당뇨병 의사진단여부 | 당뇨병 의사진단여부 (소아,청소년 포함) | 당뇨병 의사진단여부(소아,청소년 포함) | 당뇨병 의사진단 | 당뇨병 의사진단 여부 | 당뇨병 의사진단여부",1998,2024,"1998,2001,2005,2007,2008,2009,2010,2011,2012,2013,2014,2015,2016,2017,2018,2019,2020,2021,2022,2023,2024",basic_db,33,2,normalized_label,needs_review,
KNHANES,high,KNHANES,DE1_lt,DE1_lt | HE_DM_HbA1c,DE1_lt | HE_DM_HbA1c,당뇨병 유병여부 | 당뇨병(당화혈색소 포함) 유병여부 | 당뇨병(당화혈색소 포함) 유병여부(19세이상) | 당뇨병 유병여부 | 평생 당뇨병,2005,2024,"2005,2007,2008,2009,2010,2011,2012,2019,2020,2021,2022,2023,2024",basic_db,13,2,normalized_label,needs_review,
KNHANES,high,KNHANES,DE2_ag,DE2_ag,DE2_ag,갑상샘 질환 진단시기 | 갑상선 장애  진단시기 | 갑상선 장애 진단시기 | 갑상선 질환 진단시기,2007,2021,"2007,2008,2009,2010,2011,2012,2013,2014,2015,2016,2017,2018,2019,2020,2021",basic_db,15,1,normalized_label,needs_review,
KNHANES,high,KNHANES,DE2_dg,DE2_dg,DE2_dg,갑상샘 질환 의사진단여부 | 갑상선 장애  의사진단여부 | 갑상선 장애 의사진단여부 | 갑상선 질환 의사진단 여부 | 갑상선 질환 의사진단여부 | 갑상선장애 의사진단 | 갑상성질환 의사진단,1998,2021,"1998,2001,2005,2007,2008,2009,2010,2011,2012,2013,2014,2015,2016,2017,2018,2019,2020,2021",basic_db,18,1,normalized_label,needs_review,
KNHANES,medium,KNHANES,DE2_hs,DE2_hs,DE2_hs,갑상선 장애  입원경험 | 갑상선 장애 입원경험,2007,2009,"2007,2008,2009",basic_db,3,1,normalized_label,needs_review,
KNHANES,high,KNHANES,DE2_lt,DE2_lt,DE2_lt,갑상샘 질환 유병여부 | 갑상선 장애  유병여부 | 갑상선 장애 유병여부 | 평생 갑상선장애,2005,2012,"2005,2007,2008,2009,2010,2011,2012",basic_db,7,1,normalized_label,needs_review,
KNHANES,medium,KNHANES,DE2_op,DE2_op,DE2_op,갑상선 장애  외래경험 | 갑상선 장애 외래경험,2007,2009,"2007,2008,2009",basic_db,3,1,normalized_label,needs_review,
KNHANES,high,KNHANES,DE2_pr,DE2_pr,DE2_pr,갑상샘 질환 현재 유병 여부 | 갑상선 장애  현재 유병 여부 | 갑상선 장애 현재 유병 여부 | 갑상선 질환 현재 유병 여부,2007,2021,"2007,2008,2009,2010,2011,2012,2013,2014,2015,2016,2017,2018,2019,2020,2021",basic_db,15,1,normalized_label,needs_review,
KNHANES,high,KNHANES,DE2_pt,DE2_pt,DE2_pt,갑상샘 질환 치료 | 갑상선 장애  치료 | 갑상선 장애 치료 | 갑상선 질환 치료 | 갑상선장애 현재 치료여부,2005,2021,"2005,2007,2008,2009,2010,2011,2012,2013,2014,2015,2016,2017,2018,2019,2020,2021",basic_db,16,1,normalized_label,needs_review,
KNHANES,high,KNHANES,DE2_yr,DE2_yr,DE2_yr,갑상선 장애  만성여부 | 갑상선 장애 만성여부 | 지난 1년 갑상선장애 | 지난 1년 갑상성질환 | 지난 1년간 갑상선장애,1998,2009,"1998,2001,2005,2007,2008,2009",basic_db,6,1,normalized_label,needs_review,
KNHANES,medium,KNHANES,DF1_6,DF1_6,DF1_6,신경증 미치료 이유 | 신경증 미치료이유,1998,2001,"1998,2001",basic_db,2,1,normalized_label,needs_review,
KNHANES,medium,KNHANES,DF1_f6,DF1_f6 | DF1_s4,DF1_f6 | DF1_s4,신경증 치료여부,1998,2001,"1998,2001",basic_db,2,2,normalized_label,needs_review,
KNHANES,high,KNHANES,DF1_ya,DF1_ya,DF1_ya,(소아청소년) 주의력결핍과잉행동장애 진단연령 | (소아청소년) 주의력결핍장애 진단연령 | (소아청소년)주의력결핍과잉행동장애 진단연령,2007,2021,"2007,2008,2009,2010,2011,2012,2013,2014,2015,2016,2017,2018,2019,2020,2021",basic_db,15,1,normalized_label,needs_review,
KNHANES,high,KNHANES,DF1_yd,DF1_yd,DF1_yd,(소아청소년) 주의력결핍과잉행동장애 의사진단 | (소아청소년) 주의력결핍장애 의사진단 | (소아청소년) 주의력결핍장애 의사진단 여부 | (소아청소년)주의력결핍과잉행동장애 의사진단,2007,2021,"2007,2008,2009,2010,2011,2012,2013,2014,2015,2016,2017,2018,2019,2020,2021",basic_db,15,1,normalized_label,needs_review,
KNHANES,medium,KNHANES,DF2_6,DF2_6,DF2_6,우울증 미치료 이유 | 우울증 미치료이유,1998,2001,"1998,2001",basic_db,2,1,normalized_label,needs_review,
KNHANES,high,KNHANES,DF2_dg,DF2_dg,DF2_dg,우울증 의사진단 | 우울증 의사진단 여부 | 우울증 의사진단여부,1998,2021,"1998,2001,2007,2008,2009,2010,2011,2012,2013,2014,2015,2016,2017,2018,2019,2020,2021",basic_db,17,1,normalized_label,needs_review,
KNHANES,medium,KNHANES,DF2_f6,DF2_f6 | DF2_s4,DF2_f6 | DF2_s4,우울증 치료여부,1998,2001,"1998,2001",basic_db,2,2,normalized_label,needs_review,
KNHANES,medium,KNHANES,DF3_6,DF3_6,DF3_6,정신분열증 미치료 이유 | 정신분열증 미치료이유,1998,2001,"1998,2001",basic_db,2,1,normalized_label,needs_review,
KNHANES,medium,KNHANES,DF3_f6,DF3_f6 | DF3_s4,DF3_f6 | DF3_s4,정신분열증 치료여부,1998,2001,"1998,2001",basic_db,2,2,normalized_label,needs_review,
KNHANES,medium,KNHANES,DF3_ya,DF3_ya,DF3_ya,(소아청소년) 간질 진단연령 | (소아청소년)간질 진단연령,2007,2012,"2007,2008,2009,2010,2011,2012",basic_db,6,1,normalized_label,needs_review,
KNHANES,medium,KNHANES,DF3_yd,DF3_yd,DF3_yd,(소아청소년) 간질 의사진단 | (소아청소년)간질 의사진단,2007,2012,"2007,2008,2009,2010,2011,2012",basic_db,6,1,normalized_label,needs_review,
KNHANES,medium,KNHANES,DF4_6,DF4_6,DF4_6,치매 미치료 이유 | 치매 미치료이유,1998,2001,"1998,2001",basic_db,2,1,normalized_label,needs_review,
KNHANES,medium,KNHANES,DF4_f6,DF4_f6 | DF4_s4,DF4_f6 | DF4_s4,치매 치료여부,1998,2001,"1998,2001",basic_db,2,2,normalized_label,needs_review,
KNHANES,high,KNHANES,DH1_dg,DH1_dg,DH1_dg,"백내장, 녹내장 의사진단여부 | 백내장,녹내장 의사진단 | 백내장,녹내장 의사진단여부",1998,2009,"1998,2001,2005,2007,2008,2009",basic_db,6,1,normalized_label,needs_review,
KNHANES,medium,KNHANES,DH1_hs,DH1_hs,DH1_hs,"백내장, 녹내장 입원경험 | 백내장,녹내장 입원경험",2007,2009,"2007,2008,2009",basic_db,3,1,normalized_label,needs_review,
KNHANES,medium,KNHANES,DH1_op,DH1_op,DH1_op,"백내장, 녹내장 외래경험 | 백내장,녹내장 외래경험",2007,2009,"2007,2008,2009",basic_db,3,1,normalized_label,needs_review,
KNHANES,medium,KNHANES,DH1_pr,DH1_pr,DH1_pr,"백내장, 녹내장 현재 유병 여부 | 백내장,녹내장 현재 유병 여부",2007,2009,"2007,2008,2009",basic_db,3,1,normalized_label,needs_review,
KNHANES,high,KNHANES,DH1_pt,DH1_pt,DH1_pt,"백내장, 녹내장 치료 | 백내장,녹내장 치료 | 백내장,녹내장 현재 치료여부",2005,2009,"2005,2007,2008,2009",basic_db,4,1,normalized_label,needs_review,
KNHANES,high,KNHANES,DH1_yr,DH1_yr,DH1_yr,"백내장, 녹내장 만성여부 | 백내장,녹내장 만성여부 | 지난 1년 백내장,녹내장 | 지난 1년간 백내장,녹내장",1998,2009,"1998,2001,2005,2007,2008,2009",basic_db,6,1,normalized_label,needs_review,
KNHANES,high,KNHANES,DH2_dg,DH2_dg,DH2_dg,백내장 의사진단 | 백내장 의사진단 여부 | 백내장 의사진단여부,1998,2021,"1998,2005,2007,2008,2009,2015,2016,2017,2018,2019,2020,2021",basic_db,12,1,normalized_label,needs_review,
KNHANES,high,KNHANES,DH3_dg,DH3_dg,DH3_dg,녹내장 의사진단 | 녹내장 의사진단 여부 | 녹내장 의사진단여부,1998,2021,"1998,2005,2007,2008,2009,2015,2016,2017,2018,2019,2020,2021",basic_db,12,1,normalized_label,needs_review,
KNHANES,medium,KNHANES,DH4_6,DH4_6,DH4_6,만성중이염 미치료 이유 | 만성중이염 미치료이유,1998,2001,"1998,2001",basic_db,2,1,normalized_label,needs_review,
KNHANES,high,KNHANES,DH4_ag,DH4_ag,DH4_ag,"중이염 진단시기 | 중이염 진단시기 (소아,청소년 포함) | 중이염 진단시기(소아,청소년 포함)",2007,2023,"2007,2008,2009,2015,2016,2017,2018,2019,2020,2021,2022,2023",basic_db,12,1,normalized_label,needs_review,
KNHANES,high,KNHANES,DH4_dg,DH4_dg,DH4_dg,"만성중이염 의사진단 | 중이염 의사진단 여부 | 중이염 의사진단 여부(소아,청소년 포함) | 중이염 의사진단여부 | 중이염 의사진단여부 (소아,청소년 포함) | 중이염 의사진단여부(소아,청소년 포함)",1998,2023,"1998,2001,2005,2007,2008,2009,2015,2016,2017,2018,2019,2020,2021,2022,2023",basic_db,15,1,normalized_label,needs_review,
KNHANES,medium,KNHANES,DH4_f6,DH4_f6 | DH4_s4,DH4_f6 | DH4_s4,만성중이염 치료여부,1998,2001,"1998,2001",basic_db,2,2,normalized_label,needs_review,
KNHANES,medium,KNHANES,DH6_dg,DH6_dg,DH6_dg,황반변성 의사진단 여부 | 황반변성 의사진단여부,2015,2021,"2015,2016,2017,2018,2019,2020,2021",basic_db,7,1,normalized_label,needs_review,
KNHANES,high,KNHANES,DI1_32,DI1_32 | DI1_33,DI1_32 | DI1_33,고혈압관리교육_보건소 | 고혈압관리교육_한방의원 | 고혈압교육_보건소 | 고혈압관리교육_보건소 | 고혈압관리교육_한방의원 | 고혈압교육_한방병의원 | 고혈압교육_한방의원,2007,2012,"2007,2008,2009,2010,2011,2012",basic_db,11,2,normalized_label,needs_review,
KNHANES,medium,KNHANES,DI1_6,DI1_6,DI1_6,고혈압 미치료 이유 | 고혈압 미치료이유,1998,2001,"1998,2001",basic_db,2,1,normalized_label,needs_review,
KNHANES,high,KNHANES,DI1_dg,DI1_dg | HE_HPdg,DI1_dg | HE_HPdg,고혈압 의사진단 | 고혈압 의사진단 여부 | 고혈압 의사진단여부,1998,2024,"1998,2001,2005,2007,2008,2009,2010,2011,2012,2013,2014,2015,2016,2017,2018,2019,2020,2021,2022,2023,2024",basic_db,33,2,normalized_label,needs_review,
KNHANES,medium,KNHANES,DI1_f6,DI1_f6 | DI1_s4,DI1_f6 | DI1_s4,고혈압 치료여부,1998,2001,"1998,2001",basic_db,2,2,normalized_label,needs_review,
KNHANES,medium,KNHANES,DI2_ab,DI2_ab,DI2_ab,고지혈증  결근/결석일수 | 고지혈증 결근/결석일수,2007,2009,"2007,2008,2009",basic_db,3,1,normalized_label,needs_review,
KNHANES,high,KNHANES,DI2_ag,DI2_ag,DI2_ag,고지혈증  진단시기 | 고지혈증 진단시기 | 이상지질혈증 진단시기 | 이상지혈증 진단시기,2007,2024,"2007,2008,2009,2010,2011,2012,2013,2014,2015,2016,2017,2018,2019,2020,2021,2022,2023,2024",basic_db,18,1,normalized_label,needs_review,
KNHANES,high,KNHANES,DI2_dg,DI2_dg | HE_HLdg,DI2_dg | HE_HLdg,고지혈증  의사진단여부 | 고지혈증 의사진단 | 고지혈증 의사진단여부 | 이상지질혈증 의사진단 여부 | 이상지질혈증 의사진단여부 | 이상지혈증 의사진단여부 | 고지혈증 의사진단 여부 | 고지혈증 의사진단여부,2005,2024,"2005,2007,2008,2009,2010,2011,2012,2013,2014,2015,2016,2017,2018,2019,2020,2021,2022,2023,2024",basic_db,25,2,normalized_label,needs_review,
KNHANES,medium,KNHANES,DI2_hs,DI2_hs,DI2_hs,고지혈증  입원경험 | 고지혈증 입원경험,2007,2009,"2007,2008,2009",basic_db,3,1,normalized_label,needs_review,
KNHANES,high,KNHANES,DI2_lt,DI2_lt,DI2_lt,고지혈증  유병여부 | 고지혈증 유병여부 | 이상지혈증 유병여부 | 평생 고지혈증,2005,2012,"2005,2007,2008,2009,2010,2011,2012",basic_db,7,1,normalized_label,needs_review,
KNHANES,medium,KNHANES,DI2_op,DI2_op,DI2_op,고지혈증  외래경험 | 고지혈증 외래경험,2007,2009,"2007,2008,2009",basic_db,3,1,normalized_label,needs_review,
KNHANES,high,KNHANES,DI2_pr,DI2_pr,DI2_pr,고지혈증  현재 유병 여부 | 고지혈증 현재 유병 여부 | 이상지질혈증 현재 유병 여부 | 이상지혈증 현재 유병 여부,2007,2024,"2007,2008,2009,2010,2011,2012,2013,2014,2015,2016,2017,2018,2019,2020,2021,2022,2023,2024",basic_db,18,1,normalized_label,needs_review,
KNHANES,high,KNHANES,DI2_pt,DI2_pt,DI2_pt,고지혈증  치료 | 고지혈증 치료 | 고지혈증 현재 치료여부 | 이상지질혈증 치료 | 이상지혈증 치료,2005,2024,"2005,2007,2008,2009,2010,2011,2012,2013,2014,2015,2016,2017,2018,2019,2020,2021,2022,2023,2024",basic_db,19,1,normalized_label,needs_review,
KNHANES,medium,KNHANES,DI2_sb,DI2_sb,DI2_sb,고지혈증  와병일수 | 고지혈증 와병일수,2007,2009,"2007,2008,2009",basic_db,3,1,normalized_label,needs_review,
KNHANES,high,KNHANES,DI2_yr,DI2_yr,DI2_yr,고지혈증  만성여부 | 고지혈증 만성여부 | 지난 1년간 고지혈증,2005,2009,"2005,2007,2008,2009",basic_db,4,1,normalized_label,needs_review,
KNHANES,medium,KNHANES,DI3_6,DI3_6,DI3_6,중풍 미치료 이유 | 중풍 미치료이유,1998,2001,"1998,2001",basic_db,2,1,normalized_label,needs_review,
KNHANES,high,KNHANES,DI3_dg,DI3_dg,DI3_dg,뇌졸중 의사진단 | 뇌졸중 의사진단 여부 | 뇌졸중 의사진단여부 | 뇌졸증 의사진단여부 | 중풍 의사진단,1998,2024,"1998,2001,2005,2007,2008,2009,2010,2011,2012,2013,2014,2015,2016,2017,2018,2019,2020,2021,2024",basic_db,19,1,normalized_label,needs_review,
KNHANES,medium,KNHANES,DI3_f6,DI3_f6 | DI3_s4,DI3_f6 | DI3_s4,중풍 치료여부,1998,2001,"1998,2001",basic_db,2,2,normalized_label,needs_review,
KNHANES,high,KNHANES,DI4_dg,DI4_dg,DI4_dg,"심근경색증 또는 협심증 의사진단 여부 | 심근경색증 또는 협심증 의사진단여부 | 심근경색증, 협심증 의사진단여부 | 심근경색증,협심증 의사진단여부 | 협심증,심근경색 의사진단 | 협심증,심근경색증 의사진단",1998,2024,"1998,2001,2005,2007,2008,2009,2010,2011,2012,2013,2014,2015,2016,2017,2018,2019,2020,2021,2024",basic_db,19,1,normalized_label,needs_review,
KNHANES,medium,KNHANES,DI4_hs,DI4_hs,DI4_hs,"심근경색증, 협심증 입원경험 | 심근경색증,협심증 입원경험",2007,2009,"2007,2008,2009",basic_db,3,1,normalized_label,needs_review,
KNHANES,high,KNHANES,DI4_lt,DI4_lt,DI4_lt,"심근경색증, 협심증 유병여부 | 심근경색증,협심증 유병여부 | 평생 협심증,심근경색증",2005,2012,"2005,2007,2008,2009,2010,2011,2012",basic_db,7,1,normalized_label,needs_review,
KNHANES,medium,KNHANES,DI4_op,DI4_op,DI4_op,"심근경색증, 협심증 외래경험 | 심근경색증,협심증 외래경험",2007,2009,"2007,2008,2009",basic_db,3,1,normalized_label,needs_review,
KNHANES,high,KNHANES,DI4_pr,DI4_pr,DI4_pr,"심근경색증 또는 협심증 현재 유병 여부 | 심근경색증, 협심증 현재 유병 여부 | 심근경색증,협심증 현재 유병 여부",2007,2021,"2007,2008,2009,2010,2011,2012,2013,2014,2015,2016,2017,2018,2019,2020,2021",basic_db,15,1,normalized_label,needs_review,
KNHANES,high,KNHANES,DI4_pt,DI4_pt,DI4_pt,"심근경색증 또는 협심증 치료 | 심근경색증, 협심증 치료 | 심근경색증,협심증 치료 | 협심증,심근경색증 현재 치료여부",2005,2021,"2005,2007,2008,2009,2010,2011,2012,2013,2014,2015,2016,2017,2018,2019,2020,2021",basic_db,16,1,normalized_label,needs_review,
KNHANES,high,KNHANES,DI4_yr,DI4_yr,DI4_yr,"심근경색증, 협심증 만성여부 | 심근경색증,협심증 만성여부 | 지난 1년 협심증,심근경색 | 지난 1년 협심증,심근경색증 | 지난 1년간 협심증,심근경색증",1998,2009,"1998,2001,2005,2007,2008,2009",basic_db,6,1,normalized_label,needs_review,
KNHANES,high,KNHANES,DI5_dg,DI5_dg,DI5_dg,심근경색 의사진단여부 | 심근경색증 의사진단 | 심근경색증 의사진단 여부 | 심근경색증 의사진단여부,2001,2024,"2001,2005,2007,2008,2009,2010,2011,2012,2013,2014,2015,2016,2017,2018,2019,2020,2021,2024",basic_db,18,1,normalized_label,needs_review,
KNHANES,medium,KNHANES,DI6_ab,DI6_ab,DI6_ab,협심증  결근/결석일수 | 협심증 결근/결석일수,2007,2009,"2007,2008,2009",basic_db,3,1,normalized_label,needs_review,
KNHANES,medium,KNHANES,DI6_ag,DI6_ag,DI6_ag,협심증  진단시기 | 협심증 진단시기,2007,2024,"2007,2008,2009,2010,2011,2012,2013,2014,2015,2016,2017,2018,2019,2020,2021,2024",basic_db,16,1,normalized_label,needs_review,
KNHANES,high,KNHANES,DI6_dg,DI6_dg,DI6_dg,협심증  의사진단여부 | 협심증 의사진단 | 협심증 의사진단 여부 | 협심증 의사진단여부,2001,2024,"2001,2005,2007,2008,2009,2010,2011,2012,2013,2014,2015,2016,2017,2018,2019,2020,2021,2024",basic_db,18,1,normalized_label,needs_review,
KNHANES,medium,KNHANES,DI6_hs,DI6_hs,DI6_hs,협심증  입원경험 | 협심증 입원경험,2007,2009,"2007,2008,2009",basic_db,3,1,normalized_label,needs_review,
KNHANES,high,KNHANES,DI6_lt,DI6_lt,DI6_lt,평생 협심증 | 협심증  유병여부 | 협심증 유병여부,2005,2012,"2005,2007,2008,2009,2010,2011,2012",basic_db,7,1,normalized_label,needs_review,
KNHANES,medium,KNHANES,DI6_op,DI6_op,DI6_op,협심증  외래경험 | 협심증 외래경험,2007,2009,"2007,2008,2009",basic_db,3,1,normalized_label,needs_review,
KNHANES,medium,KNHANES,DI6_pr,DI6_pr,DI6_pr,협심증  현재 유병 여부 | 협심증 현재 유병 여부,2007,2021,"2007,2008,2009,2010,2011,2012,2013,2014,2015,2016,2017,2018,2019,2020,2021",basic_db,15,1,normalized_label,needs_review,
KNHANES,high,KNHANES,DI6_pt,DI6_pt,DI6_pt,협심증  치료 | 협심증 치료 | 협심증 현재 치료여부,2005,2021,"2005,2007,2008,2009,2010,2011,2012,2013,2014,2015,2016,2017,2018,2019,2020,2021",basic_db,16,1,normalized_label,needs_review,
KNHANES,medium,KNHANES,DI6_sb,DI6_sb,DI6_sb,협심증  와병일수 | 협심증 와병일수,2007,2009,"2007,2008,2009",basic_db,3,1,normalized_label,needs_review,
KNHANES,high,KNHANES,DI6_yr,DI6_yr,DI6_yr,지난 1년 협심증 | 지난 1년간 협심증 | 협심증  만성여부 | 협심증 만성여부,2001,2009,"2001,2005,2007,2008,2009",basic_db,5,1,normalized_label,needs_review,
KNHANES,medium,KNHANES,DI8_6,DI8_6,DI8_6,"치질,치핵 미치료 이유 | 치질,치핵 미치료이유",1998,2001,"1998,2001",basic_db,2,1,normalized_label,needs_review,
KNHANES,medium,KNHANES,DI8_f6,DI8_f6 | DI8_s4,DI8_f6 | DI8_s4,"치질,치핵 치료여부",1998,2001,"1998,2001",basic_db,2,2,normalized_label,needs_review,
KNHANES,medium,KNHANES,DI9_ya,DI9_ya,DI9_ya,(소아청소년) 선천성 심장질환 진단연령 | (소아청소년)선천성 심장질환 진단연령,2007,2018,"2007,2008,2009,2010,2011,2012,2013,2014,2015,2016,2017,2018",basic_db,12,1,normalized_label,needs_review,
KNHANES,medium,KNHANES,DI9_yd,DI9_yd,DI9_yd,(소아청소년) 선천성 심장질환 의사진단 | (소아청소년)선천성 심장질환 의사진단,2007,2018,"2007,2008,2009,2010,2011,2012,2013,2014,2015,2016,2017,2018",basic_db,12,1,normalized_label,needs_review,
KNHANES,medium,KNHANES,DJ1_6,DJ1_6,DJ1_6,결핵 미치료 이유 | 결핵 미치료이유,1998,2001,"1998,2001",basic_db,2,1,normalized_label,needs_review,
KNHANES,medium,KNHANES,DJ1_f6,DJ1_f6 | DJ1_s4,DJ1_f6 | DJ1_s4,결핵 치료여부,1998,2001,"1998,2001",basic_db,2,2,normalized_label,needs_review,
KNHANES,high,KNHANES,DJ2_4,DJ2_4,DJ2_4,결핵 주 치료기관 | 결핵주치료기관 | 주로 이용한 의료기관 - 결핵 | 폐결핵 치료처,2005,2012,"2005,2007,2008,2009,2010,2011,2012",basic_db,7,1,normalized_label,needs_review,
KNHANES,high,KNHANES,DJ2_dg,DJ2_dg,DJ2_dg,폐결핵 의사진단 | 폐결핵 의사진단 여부 | 폐결핵 의사진단여부,2005,2024,"2005,2007,2008,2009,2010,2011,2012,2013,2014,2015,2016,2017,2018,2019,2020,2021,2024",basic_db,17,1,normalized_label,needs_review,
KNHANES,high,KNHANES,DJ4_3,DJ4_3,DJ4_3,"(성인)천식 약복용 | 정기적인 천식약 복용/흡입 | 천식 약복용 | 천식 약복용 (소아,청소년 포함) | 천식 약복용(모든 연령) | 천식 약복용(소아,청소년 포함)",2005,2024,"2005,2007,2008,2009,2010,2011,2012,2013,2014,2015,2016,2017,2018,2019,2020,2021,2022,2023,2024",basic_db,19,1,normalized_label,needs_review,
KNHANES,medium,KNHANES,DJ4_6,DJ4_6,DJ4_6,천식 미치료 이유 | 천식 미치료이유,1998,2001,"1998,2001",basic_db,2,1,normalized_label,needs_review,
KNHANES,high,KNHANES,DJ4_ag,DJ4_ag,DJ4_ag,"천식 진단시기 | 천식 진단시기 (소아,청소년 포함) | 천식 진단시기(소아,청소년 포함)",2007,2024,"2007,2008,2009,2010,2011,2012,2013,2014,2015,2016,2017,2018,2019,2020,2021,2022,2023,2024",basic_db,18,1,normalized_label,needs_review,
KNHANES,high,KNHANES,DJ4_dg,DJ4_dg,DJ4_dg,"천식 의사진단 | 천식 의사진단 여부 | 천식 의사진단 여부(소아,청소년 포함) | 천식 의사진단여부 | 천식 의사진단여부 (소아,청소년 포함) | 천식 의사진단여부(소아,청소년 포함)",1998,2024,"1998,2001,2005,2007,2008,2009,2010,2011,2012,2013,2014,2015,2016,2017,2018,2019,2020,2021,2022,2023,2024",basic_db,21,1,normalized_label,needs_review,
KNHANES,medium,KNHANES,DJ4_f6,DJ4_f6 | DJ4_s4,DJ4_f6 | DJ4_s4,천식 치료여부,1998,2001,"1998,2001",basic_db,2,2,normalized_label,needs_review,
KNHANES,medium,KNHANES,DJ5_ab,DJ5_ab,DJ5_ab,만성폐쇄성 폐질환  결근/결석 일수 | 만성폐쇄성 폐질환 결근/결석 일수,2007,2009,"2007,2008,2009",basic_db,3,1,normalized_label,needs_review,
KNHANES,medium,KNHANES,DJ5_ag,DJ5_ag,DJ5_ag,만성폐쇄성 폐질환  진단시기 | 만성폐쇄성 폐질환 진단시기,2007,2009,"2007,2008,2009",basic_db,3,1,normalized_label,needs_review,
KNHANES,high,KNHANES,DJ5_dg,DJ5_dg | HE_PFTdr,DJ5_dg | HE_PFTdr,만성기관지염 의사진단 | 만성폐색성폐질환 의사진단 | 만성폐쇄성 폐질환  의사진단여부 | 만성폐쇄성 폐질환 의사진단여부 | 만성폐쇄성폐질환 의사진단 | 만성페쇄성폐질환 의사진단 여부 | 만성폐쇄성폐질환 의사진단 여부,1998,2024,"1998,2001,2005,2007,2008,2009,2010,2011,2012,2013,2014,2015,2016,2017,2018,2019,2024",basic_db,17,2,normalized_label,needs_review,
KNHANES,medium,KNHANES,DJ5_hs,DJ5_hs,DJ5_hs,만성폐쇄성 폐질환  입원경험 | 만성폐쇄성 폐질환 입원경험,2007,2009,"2007,2008,2009",basic_db,3,1,normalized_label,needs_review,
KNHANES,high,KNHANES,DJ5_lt,DJ5_lt | HE_COPD1,DJ5_lt | HE_COPD1,만성폐쇄성 폐질환  유병여부 | 만성폐쇄성 폐질환 유병여부 | 평생 만성폐쇄성폐질환 | 만성폐쇄성폐질환 유병여부,2005,2024,"2005,2007,2008,2009,2024",basic_db,5,2,normalized_label,needs_review,
KNHANES,medium,KNHANES,DJ5_op,DJ5_op,DJ5_op,만성폐쇄성 폐질환  외래경험 | 만성폐쇄성 폐질환 외래경험,2007,2009,"2007,2008,2009",basic_db,3,1,normalized_label,needs_review,
KNHANES,medium,KNHANES,DJ5_pr,DJ5_pr,DJ5_pr,만성폐쇄성 폐질환  현재 유병 여부 | 만성폐쇄성 폐질환 현재 유병 여부,2007,2009,"2007,2008,2009",basic_db,3,1,normalized_label,needs_review,
KNHANES,high,KNHANES,DJ5_pt,DJ5_pt,DJ5_pt,만성폐쇄성 폐질환  치료 | 만성폐쇄성 폐질환 치료 | 만성폐쇄성폐질환 현재 치료여부,2005,2009,"2005,2007,2008,2009",basic_db,4,1,normalized_label,needs_review,
KNHANES,medium,KNHANES,DJ5_sb,DJ5_sb,DJ5_sb,만성폐쇄성 폐질환  와병일수 | 만성폐쇄성 폐질환 와병일수,2007,2009,"2007,2008,2009",basic_db,3,1,normalized_label,needs_review,
KNHANES,medium,KNHANES,DJ6_6,DJ6_6,DJ6_6,축농증 미치료 이유 | 축농증 미치료이유,1998,2001,"1998,2001",basic_db,2,1,normalized_label,needs_review,
KNHANES,high,KNHANES,DJ6_ag,DJ6_ag,DJ6_ag,"부비동염 진단시기 | 부비동염 진단시기 (소아,청소년 포함) | 부비동염 진단시기(소아,청소년 포함) | 부비동염(축농증) 진단시기",2007,2023,"2007,2008,2009,2015,2016,2017,2018,2019,2020,2021,2022,2023",basic_db,12,1,normalized_label,needs_review,
KNHANES,high,KNHANES,DJ6_dg,DJ6_dg,DJ6_dg,"만성부비동염 의사진단 | 부비동염 의사진단 여부 | 부비동염 의사진단 여부(소아,청소년 포함) | 부비동염 의사진단여부 (소아,청소년 포함) | 부비동염(축농증) 의사진단여부 | 축농증 의사진단",1998,2023,"1998,2001,2005,2007,2008,2009,2015,2016,2017,2018,2019,2020,2021,2022,2023",basic_db,15,1,normalized_label,needs_review,
KNHANES,medium,KNHANES,DJ6_f6,DJ6_f6 | DJ6_s4,DJ6_f6 | DJ6_s4,축농증 치료여부,1998,2001,"1998,2001",basic_db,2,2,normalized_label,needs_review,
KNHANES,medium,KNHANES,DJ6_ya,DJ6_ya,DJ6_ya,(소아청소년) 부비동염 진단연령 | (소아청소년)부비동염 진단연령,2007,2009,"2007,2008,2009",basic_db,3,1,normalized_label,needs_review,
KNHANES,medium,KNHANES,DJ6_yd,DJ6_yd,DJ6_yd,(소아청소년) 부비동염 의사진단 | (소아청소년)부비동염 의사진단,2007,2009,"2007,2008,2009",basic_db,3,1,normalized_label,needs_review,
KNHANES,medium,KNHANES,DJ8_6,DJ8_6,DJ8_6,알레르기성비염 미치료 이유 | 알레르기성비염 미치료이유,1998,2001,"1998,2001",basic_db,2,1,normalized_label,needs_review,
KNHANES,high,KNHANES,DJ8_ag,DJ8_ag,DJ8_ag,"알레르기비염 진단시기 | 알레르기비염 진단시기 (소아,청소년 포함) | 알레르기비염 진단시기(소아,청소년 포함) | 알레르기성 비염 진단시기",2007,2024,"2007,2008,2009,2013,2014,2015,2016,2017,2018,2019,2020,2021,2022,2023,2024",basic_db,15,1,normalized_label,needs_review,
KNHANES,high,KNHANES,DJ8_dg,DJ8_dg,DJ8_dg,"알레르기비염 의사진단 여부 | 알레르기비염 의사진단 여부(소아,청소년 포함) | 알레르기비염 의사진단여부 (소아,청소년 포함) | 알레르기성 비염 의사진단여부 | 알레르기성비염 의사진단",1998,2024,"1998,2001,2005,2007,2008,2009,2013,2014,2015,2016,2017,2018,2019,2020,2021,2022,2023,2024",basic_db,18,1,normalized_label,needs_review,
KNHANES,medium,KNHANES,DJ8_f6,DJ8_f6 | DJ8_s4,DJ8_f6 | DJ8_s4,알레르기성비염 치료여부,1998,2001,"1998,2001",basic_db,2,2,normalized_label,needs_review,
KNHANES,medium,KNHANES,DJ9_ya,DJ9_ya,DJ9_ya,(소아청소년) 폐렴 진단연령 | (소아청소년)폐렴 진단연령,2007,2021,"2007,2008,2009,2010,2011,2012,2013,2014,2015,2016,2017,2018,2019,2020,2021",basic_db,15,1,normalized_label,needs_review,
KNHANES,high,KNHANES,DJ9_yd,DJ9_yd,DJ9_yd,(소아청소년) 폐렴 의사진단 | (소아청소년) 폐렴 의사진단 여부 | (소아청소년)폐렴 의사진단 | 지난 1년간 의사진단 폐렴,2005,2021,"2005,2007,2008,2009,2010,2011,2012,2013,2014,2015,2016,2017,2018,2019,2020,2021",basic_db,16,1,normalized_label,needs_review,
KNHANES,medium,KNHANES,DK10_ya,DK10_ya,DK10_ya,(소아청소년) 설사 진단연령 | (소아청소년)설사 진단연령,2007,2009,"2007,2008,2009",basic_db,3,1,normalized_label,needs_review,
KNHANES,medium,KNHANES,DK10_yd,DK10_yd,DK10_yd,(소아청소년) 설사 의사진단 | (소아청소년)설사 의사진단,2007,2009,"2007,2008,2009",basic_db,3,1,normalized_label,needs_review,
KNHANES,medium,KNHANES,DK1_6,DK1_6,DK1_6,빈혈 미치료 이유 | 빈혈 미치료이유,1998,2001,"1998,2001",basic_db,2,1,normalized_label,needs_review,
KNHANES,medium,KNHANES,DK1_f6,DK1_f6 | DK1_s4,DK1_f6 | DK1_s4,빈혈 치료여부,1998,2001,"1998,2001",basic_db,2,2,normalized_label,needs_review,
KNHANES,medium,KNHANES,DK2_6,DK2_6,DK2_6,소화성궤양 미치료 이유 | 소화성궤양 미치료이유,1998,2001,"1998,2001",basic_db,2,1,normalized_label,needs_review,
KNHANES,medium,KNHANES,DK2_f6,DK2_f6 | DK2_s4,DK2_f6 | DK2_s4,소화성궤양 치료여부,1998,2001,"1998,2001",basic_db,2,2,normalized_label,needs_review,
KNHANES,medium,KNHANES,DK4_ag,DK4_ag,DK4_ag,간경변증  진단시기 | 간경변증 진단시기,2007,2021,"2007,2008,2009,2010,2011,2012,2013,2014,2015,2016,2017,2018,2019,2020,2021",basic_db,15,1,normalized_label,needs_review,
KNHANES,high,KNHANES,DK4_dg,DK4_dg,DK4_dg,간경변증  의사진단여부 | 간경변증 의사진단 | 간경변증 의사진단 여부 | 간경변증 의사진단여부,2005,2021,"2005,2007,2008,2009,2010,2011,2012,2013,2014,2015,2016,2017,2018,2019,2020,2021",basic_db,16,1,normalized_label,needs_review,
KNHANES,medium,KNHANES,DK4_hs,DK4_hs,DK4_hs,간경변증  입원경험 | 간경변증 입원경험,2007,2009,"2007,2008,2009",basic_db,3,1,normalized_label,needs_review,
KNHANES,high,KNHANES,DK4_lt,DK4_lt,DK4_lt,간경변증  유병여부 | 간경변증 유병여부 | 평생 간경변증,2005,2012,"2005,2007,2008,2009,2010,2011,2012",basic_db,7,1,normalized_label,needs_review,
KNHANES,medium,KNHANES,DK4_op,DK4_op,DK4_op,간경변증  외래경험 | 간경변증 외래경험,2007,2009,"2007,2008,2009",basic_db,3,1,normalized_label,needs_review,
KNHANES,medium,KNHANES,DK4_pr,DK4_pr,DK4_pr,간경변증  현재 유병 여부 | 간경변증 현재 유병 여부,2007,2021,"2007,2008,2009,2010,2011,2012,2013,2014,2015,2016,2017,2018,2019,2020,2021",basic_db,15,1,normalized_label,needs_review,
KNHANES,high,KNHANES,DK4_pt,DK4_pt,DK4_pt,간경변증  치료 | 간경변증 치료 | 간경변증 현재 치료여부,2005,2021,"2005,2007,2008,2009,2010,2011,2012,2013,2014,2015,2016,2017,2018,2019,2020,2021",basic_db,16,1,normalized_label,needs_review,
KNHANES,high,KNHANES,DK4_yr,DK4_yr,DK4_yr,간경변증  만성여부 | 간경변증 만성여부 | 지난 1년간 간경변증,2005,2009,"2005,2007,2008,2009",basic_db,4,1,normalized_label,needs_review,
KNHANES,medium,KNHANES,DK5_6,DK5_6,DK5_6,충치 미치료 이유 | 충치 미치료이유,1998,2001,"1998,2001",basic_db,2,1,normalized_label,needs_review,
KNHANES,medium,KNHANES,DK5_f6,DK5_f6 | DK5_s4,DK5_f6 | DK5_s4,충치 치료여부,1998,2001,"1998,2001",basic_db,2,2,normalized_label,needs_review,
KNHANES,medium,KNHANES,DK6_6,DK6_6,DK6_6,치주질환 미치료 이유 | 치주질환 미치료이유,1998,2001,"1998,2001",basic_db,2,1,normalized_label,needs_review,
KNHANES,medium,KNHANES,DK6_f6,DK6_f6 | DK6_s4,DK6_f6 | DK6_s4,치주질환 치료여부,1998,2001,"1998,2001",basic_db,2,2,normalized_label,needs_review,
KNHANES,medium,KNHANES,DK8_dg,DK8_dg,DK8_dg,B형간염 의사진단 여부 | B형간염 의사진단여부,2007,2021,"2007,2008,2009,2010,2011,2012,2013,2014,2015,2016,2017,2018,2019,2020,2021",basic_db,15,1,normalized_label,needs_review,
KNHANES,medium,KNHANES,DK9_dg,DK9_dg,DK9_dg,C형간염 의사진단 여부 | C형간염 의사진단여부,2007,2021,"2007,2008,2009,2010,2011,2012,2013,2014,2015,2016,2017,2018,2019,2020,2021",basic_db,15,1,normalized_label,needs_review,
KNHANES,high,KNHANES,DL1_ag,DL1_ag,DL1_ag,"아토피 피부염 진단시기 | 아토피 피부염 진단시기 (소아,청소년 포함) | 아토피 피부염 진단시기(소아,청소년 포함) | 아토피피부염 진단시기 (소아,청소년 포함) | 아토피피부염 진단시기(소아,청소년 포함)",2007,2024,"2007,2008,2009,2010,2011,2012,2013,2014,2015,2016,2017,2018,2019,2020,2021,2022,2023,2024",basic_db,18,1,normalized_label,needs_review,
KNHANES,high,KNHANES,DL1_dg,DL1_dg,DL1_dg,"아토피 피부염 의사진단 여부 | 아토피 피부염 의사진단여부 | 아토피 피부염 의사진단여부 (소아,청소년 포함) | 아토피 피부염 의사진단여부(소아,청소년 포함) | 아토피성피부염 의사진단 | 아토피피부염 의사진단 여부(소아,청소년 포함) | 아토피피부염 의사진단여부 (소아,청소년 포함)",2005,2024,"2005,2007,2008,2009,2010,2011,2012,2013,2014,2015,2016,2017,2018,2019,2020,2021,2022,2023,2024",basic_db,19,1,normalized_label,needs_review,
KNHANES,medium,KNHANES,DL1_pr,DL1_pr,DL1_pr,아토피 피부염 현재 유병 여부 | 아토피피부염 현재 유병 여부,2007,2021,"2007,2008,2009,2010,2011,2012,2013,2014,2015,2016,2017,2018,2019,2020,2021",basic_db,15,1,normalized_label,needs_review,
KNHANES,high,KNHANES,DL1_pt,DL1_pt,DL1_pt,아토피 피부염 치료 | 아토피성피부염 현재 치료여부 | 아토피피부염 치료,2005,2021,"2005,2007,2008,2009,2010,2011,2012,2013,2014,2015,2016,2017,2018,2019,2020,2021",basic_db,16,1,normalized_label,needs_review,
KNHANES,high,KNHANES,DL2_dg,DL2_dg,DL2_dg,"빈혈 의사진단여부 | 빈혈 의사진단여부 (소아,청소년 포함) | 빈혈 의사진단여부(소아,청소년 포함)",2007,2009,"2007,2008,2009",basic_db,3,1,normalized_label,needs_review,
KNHANES,high,KNHANES,DL2_lt,DL2_lt | HE_anem,DL2_lt | HE_anem,빈혈 유병여부 | 빈혈 유병여부 | 빈혈 유병여부(10세이상) | 빈혈 유병여부(19세이상) | 빈혈유병여부 (10세이상),2007,2024,"2007,2008,2009,2010,2011,2012,2013,2014,2015,2016,2017,2018,2019,2020,2021,2022,2023,2024",basic_db,21,2,normalized_label,needs_review,
KNHANES,medium,KNHANES,DL3_ya,DL3_ya,DL3_ya,(소아청소년) 수두 진단연령 | (소아청소년)수두 진단연령,2007,2009,"2007,2008,2009",basic_db,3,1,normalized_label,needs_review,
KNHANES,medium,KNHANES,DL3_yd,DL3_yd,DL3_yd,(소아청소년) 수두 의사진단 | (소아청소년)수두 의사진단,2007,2009,"2007,2008,2009",basic_db,3,1,normalized_label,needs_review,
KNHANES,medium,KNHANES,DL4_ya,DL4_ya,DL4_ya,(소아청소년) 기타질환 진단연령 | (소아청소년)기타질환 진단연령,2007,2012,"2007,2008,2009,2010,2011,2012",basic_db,6,1,normalized_label,needs_review,
KNHANES,medium,KNHANES,DL4_yd,DL4_yd,DL4_yd,(소아청소년) 기타질환 의사진단 | (소아청소년)기타질환  의사진단,2007,2012,"2007,2008,2009,2010,2011,2012",basic_db,6,1,normalized_label,needs_review,
KNHANES,medium,KNHANES,DL4_yt,DL4_yt,DL4_yt,(소아청소년) 기타질환명 | (소아청소년)기타질환명,2007,2012,"2007,2008,2009,2010,2011,2012",basic_db,6,1,normalized_label,needs_review,
KNHANES,medium,KNHANES,DM1_6,DM1_6,DM1_6,관절염 미치료 이유 | 관절염 미치료이유,1998,2001,"1998,2001",basic_db,2,1,normalized_label,needs_review,
KNHANES,high,KNHANES,DM1_dg,DM1_dg,DM1_dg,관절염 의사진단 | 관절염 의사진단 여부 | 관절염 의사진단여부,1998,2021,"1998,2001,2005,2007,2008,2009,2010,2011,2012,2013,2014,2015,2016,2017,2018,2019,2020,2021",basic_db,18,1,normalized_label,needs_review,
KNHANES,medium,KNHANES,DM1_f6,DM1_f6 | DM1_s4,DM1_f6 | DM1_s4,관절염 치료여부,1998,2001,"1998,2001",basic_db,2,2,normalized_label,needs_review,
KNHANES,high,KNHANES,DM2_dg,DM2_dg,DM2_dg,골관절염 의사진단 | 골관절염 의사진단 여부 | 골관절염 의사진단여부,2005,2021,"2005,2007,2008,2009,2010,2011,2012,2013,2014,2015,2016,2017,2018,2019,2020,2021",basic_db,16,1,normalized_label,needs_review,
KNHANES,high,KNHANES,DM3_dg,DM3_dg,DM3_dg,류마티스성 관절염 의사진단 | 류마티스성 관절염 의사진단 여부 | 류마티스성 관절염 의사진단여부,2005,2021,"2005,2007,2008,2009,2010,2011,2012,2013,2014,2015,2016,2017,2018,2019,2020,2021",basic_db,16,1,normalized_label,needs_review,
KNHANES,medium,KNHANES,DM4_6,DM4_6,DM4_6,골다공증 미치료 이유 | 골다공증 미치료이유,1998,2001,"1998,2001",basic_db,2,1,normalized_label,needs_review,
KNHANES,high,KNHANES,DM4_dg,DM4_dg,DM4_dg,골다공증 의사진단 | 골다공증 의사진단 여부 | 골다공증 의사진단여부,1998,2024,"1998,2001,2005,2007,2008,2009,2015,2016,2017,2018,2019,2020,2021,2024",basic_db,14,1,normalized_label,needs_review,
KNHANES,medium,KNHANES,DM4_f6,DM4_f6 | DM4_s4,DM4_f6 | DM4_s4,골다공증 치료여부,1998,2001,"1998,2001",basic_db,2,2,normalized_label,needs_review,
KNHANES,high,KNHANES,DM4_lt,DM4_lt | DX_OST,DM4_lt | DX_OST,골다공증 유병여부 | 골다공증 유병여부 | 평생 골다공증,2005,2024,"2005,2007,2008,2009,2024",basic_db,5,2,normalized_label,needs_review,
KNHANES,medium,KNHANES,DM5_6,DM5_6,DM5_6,디스크 미치료 이유 | 디스크 미치료이유,1998,2001,"1998,2001",basic_db,2,1,normalized_label,needs_review,
KNHANES,medium,KNHANES,DM5_f6,DM5_f6 | DM5_s4,DM5_f6 | DM5_s4,디스크 치료여부,1998,2001,"1998,2001",basic_db,2,2,normalized_label,needs_review,
KNHANES,medium,KNHANES,DM6_6,DM6_6,DM6_6,"요통,좌골통 미치료 이유 | 요통,좌골통 미치료이유",1998,2001,"1998,2001",basic_db,2,1,normalized_label,needs_review,
KNHANES,medium,KNHANES,DM6_f6,DM6_f6 | DM6_s4,DM6_f6 | DM6_s4,"요통,좌골통 치료여부",1998,2001,"1998,2001",basic_db,2,2,normalized_label,needs_review,
KNHANES,medium,KNHANES,DM7_6,DM7_6,DM7_6,신경통 미치료 이유 | 신경통 미치료이유,1998,2001,"1998,2001",basic_db,2,1,normalized_label,needs_review,
KNHANES,medium,KNHANES,DM7_f6,DM7_f6 | DM7_s4,DM7_f6 | DM7_s4,신경통 치료여부,1998,2001,"1998,2001",basic_db,2,2,normalized_label,needs_review,
KNHANES,high,KNHANES,DM8_dg,DM8_dg,DM8_dg,통풍 의사진단 | 통풍 의사진단 여부 | 통풍 의사진단여부,1998,2021,"1998,2019,2020,2021",basic_db,4,1,normalized_label,needs_review,
KNHANES,medium,KNHANES,DN6_ya,DN6_ya,DN6_ya,(소아청소년) 요로감염 진단연령 | (소아청소년)요로감염 진단연령,2007,2018,"2007,2008,2009,2010,2011,2012,2013,2014,2015,2016,2017,2018",basic_db,12,1,normalized_label,needs_review,
KNHANES,high,KNHANES,DN6_yd,DN6_yd,DN6_yd,(소아청소년) 요로감염 의사진단 | (소아청소년)요로감염 의사진단 | 지난 1년간 의사진단 요로감염,2005,2018,"2005,2007,2008,2009,2010,2011,2012,2013,2014,2015,2016,2017,2018",basic_db,13,1,normalized_label,needs_review,
KNHANES,medium,KNHANES,DS_2,DS_2 | D_8_1,DS_2 | D_8_1,무릎관절통 여부,2009,2015,"2009,2010,2011,2012,2013,2014,2015",basic_db,7,2,normalized_label,needs_review,
KNHANES,medium,KNHANES,DS_3,DS_3 | D_8_3,DS_3 | D_8_3,엉덩관절통 여부,2009,2015,"2009,2010,2011,2012,2013,2014,2015",basic_db,7,2,normalized_label,needs_review,
KNHANES,medium,KNHANES,DS_4_2,DS_4_2 | D_8_2_t,DS_4_2 | D_8_2_t,무릎강직 지속시간,2009,2015,"2009,2010,2011,2012,2013,2014,2015",basic_db,7,2,normalized_label,needs_review,
KNHANES,medium,KNHANES,DW_LS_A,DW_LS_A | DX_LSP_A,DW_LS_A | DX_LSP_A,요추(lumar spine) 면적,2024,2024,2024,basic_db,2,2,normalized_label,needs_review,
KNHANES,medium,KNHANES,DW_LS_BMC,DW_LS_BMC | DX_LSP_BMC,DW_LS_BMC | DX_LSP_BMC,요추(lumar spine) 골량,2024,2024,2024,basic_db,2,2,normalized_label,needs_review,
KNHANES,medium,KNHANES,DW_LS_BMD,DW_LS_BMD | DX_LSP_BMD,DW_LS_BMD | DX_LSP_BMD,요추(lumar spine) 골밀도,2024,2024,2024,basic_db,2,2,normalized_label,needs_review,
KNHANES,medium,KNHANES,D_4_1,D_4_1,D_4_1,(소아청소년) 유병질환여부 | (소아청소년)유병질환여부,2007,2014,"2007,2008,2009,2010,2011,2012,2013,2014",basic_db,8,1,normalized_label,needs_review,
KNHANES,medium,KNHANES,EC1_2_1,EC1_2_1,EC1_2_1,미취업사유-기타상세 | 미취업사유: 기타상세,2007,2017,"2007,2008,2009,2010,2011,2012,2013,2014,2015,2016,2017",basic_db,11,1,normalized_label,needs_review,
KNHANES,medium,KNHANES,EC_env_1,EC_env_1,EC_env_1,"작업환경 : 깨끗, 쾌적 | 작업환경-깨끗,쾌적",2007,2009,"2007,2008,2009",basic_db,3,1,normalized_label,needs_review,
KNHANES,medium,KNHANES,EC_env_2,EC_env_2,EC_env_2,"작업환경 : 위험, 사고 가능성 | 작업환경-위험,사고가능성",2007,2009,"2007,2008,2009",basic_db,3,1,normalized_label,needs_review,
KNHANES,medium,KNHANES,EC_env_3,EC_env_3,EC_env_3,작업환경 : 시간에 쫓기며 일함 | 작업환경-시간에 쫓기며 일함,2007,2009,"2007,2008,2009",basic_db,3,1,normalized_label,needs_review,
KNHANES,medium,KNHANES,EC_env_4,EC_env_4,EC_env_4,"작업환경 : 결정권한,영향력 행사 | 작업환경-결정권한,영향력행사",2007,2009,"2007,2008,2009",basic_db,3,1,normalized_label,needs_review,
KNHANES,high,KNHANES,EC_env_5,EC_env_5,EC_env_5,"작업환경 :  존중, 신임 받음 | 작업환경 : 존중, 신임 받음 | 작업환경-존중,신임 받음",2007,2009,"2007,2008,2009",basic_db,3,1,normalized_label,needs_review,
KNHANES,medium,KNHANES,EC_env_6,EC_env_6,EC_env_6,작업환경 : 불편한 자세로 장시간 일함 | 작업환경-불편한자세로 장시간 일함,2007,2009,"2007,2008,2009",basic_db,3,1,normalized_label,needs_review,
KNHANES,medium,KNHANES,EC_hrm_1,EC_hrm_1,EC_hrm_1,유해요인 : 위험한 화학물질 | 유해요인-위험한화학물질,2007,2009,"2007,2008,2009",basic_db,3,1,normalized_label,needs_review,
KNHANES,medium,KNHANES,EC_hrm_2,EC_hrm_2,EC_hrm_2,유해요인 : 공기오염물질 | 유해요인-공기오염물질,2007,2009,"2007,2008,2009",basic_db,3,1,normalized_label,needs_review,
KNHANES,medium,KNHANES,EC_hrm_3,EC_hrm_3,EC_hrm_3,"유해요인 : 위험한 도구,기계,장비 | 유해요인-위험한 도구,기계,장비",2007,2009,"2007,2008,2009",basic_db,3,1,normalized_label,needs_review,
KNHANES,medium,KNHANES,EC_hrm_4,EC_hrm_4,EC_hrm_4,"유해요인 : 화재, 화상, 전기충격 | 유해요인-화재,화상,전기충격",2007,2009,"2007,2008,2009",basic_db,3,1,normalized_label,needs_review,
KNHANES,medium,KNHANES,EC_hrm_5,EC_hrm_5,EC_hrm_5,유해요인 : 소음 | 유해요인-소음,2007,2009,"2007,2008,2009",basic_db,3,1,normalized_label,needs_review,
KNHANES,medium,KNHANES,EC_hrm_6,EC_hrm_6,EC_hrm_6,유해요인 : 질병 감염 요인 | 유해요인-질병감염요인,2007,2009,"2007,2008,2009",basic_db,3,1,normalized_label,needs_review,
KNHANES,medium,KNHANES,EC_ind,EC_ind,EC_ind,(취업자) 산업분류 | (취업자)산업분류,2007,2009,"2007,2008,2009",basic_db,3,1,normalized_label,needs_review,
KNHANES,high,KNHANES,EC_lgw_2,EC_lgw_2,EC_lgw_2,(성인) 최장일자리 : 직업분류코드 | (성인) 최장일자리 : 직업분류코드+실업 | (성인) 최장일자리 : 직업분류코드+실업/비경활상태 | (성인) 최장일자리: 직업분류코드+실업/비경활상태 | 최장일자리-직업분류코드 | 최장일자리: 직업분류코드+실업/비경활상태,2007,2024,"2007,2008,2009,2010,2011,2012,2013,2014,2015,2016,2017,2018,2019,2020,2021,2022,2023,2024",basic_db,18,1,normalized_label,needs_review,
KNHANES,high,KNHANES,EC_lgw_4,EC_lgw_4,EC_lgw_4,(성인) 최장일자리 : 종사상지위 | (성인) 최장일자리: 종사상지위 | 최장일자리-종사상지위 | 최장일자리: 종사상지위,2007,2024,"2007,2008,2009,2010,2011,2012,2013,2014,2015,2016,2017,2018,2019,2020,2021,2022,2023,2024",basic_db,18,1,normalized_label,needs_review,
KNHANES,high,KNHANES,EC_lgw_5,EC_lgw_5,EC_lgw_5,(성인) 최장일자리 : 종사상지위 상세 | (성인) 최장일자리 : 종사상지위_임금근로자 상세 | (성인) 최장일자리: 종사상지위 상세 | 최장일자리-종사상지위_임금근로자 상세 | 최장일자리: 종사상지위 상세,2007,2024,"2007,2008,2009,2010,2011,2012,2013,2014,2015,2016,2017,2018,2019,2020,2021,2022,2023,2024",basic_db,18,1,normalized_label,needs_review,
KNHANES,medium,KNHANES,EC_nrw_1,EC_nrw_1,EC_nrw_1,(임금근로자) 감독 여부 | (임금근로자)감독여부,2007,2011,"2007,2008,2009,2010,2011",basic_db,5,1,normalized_label,needs_review,
KNHANES,high,KNHANES,EC_nrw_1_1,EC_nrw_1_1,EC_nrw_1_1,(임금근로자) 감독 인원 | (임금근로자) 감독인원 | (임금근로자)감독인원,2007,2011,"2007,2008,2009,2010,2011",basic_db,5,1,normalized_label,needs_review,
KNHANES,medium,KNHANES,EC_nrw_4,EC_nrw_4,EC_nrw_4,"(임금근로자) 파견, 용역근로 여부 | (임금근로자)파견,용역근로 여부",2007,2012,"2007,2008,2009,2010,2011,2012",basic_db,6,1,normalized_label,needs_review,
KNHANES,medium,KNHANES,EC_nrw_5,EC_nrw_5,EC_nrw_5,(임금근로자) 특수형태근로형태 여부 | (임금근로자)특수형태근로형태 여부,2007,2012,"2007,2008,2009,2010,2011,2012",basic_db,6,1,normalized_label,needs_review,
KNHANES,medium,KNHANES,EC_nrw_6,EC_nrw_6,EC_nrw_6,(임금근로자) 가정내근로 여부 | (임금근로자)가정내근로 여부,2007,2011,"2007,2008,2009,2010,2011",basic_db,5,1,normalized_label,needs_review,
KNHANES,high,KNHANES,EC_occp,EC_occp,EC_occp,(취업자) 직업분류 | (취업자) 표준직업분류 대분류 코드 | (취업자)직업분류 | 직업분류 | 표준직업분류 대분류 코드,2007,2024,"2007,2008,2009,2010,2011,2012,2013,2014,2015,2016,2017,2018,2019,2020,2021,2022,2023,2024",basic_db,18,1,normalized_label,needs_review,
KNHANES,high,KNHANES,EC_pedu_1,EC_pedu_1,EC_pedu_1,(성인) 유년기환경 : 아버지 교육수준 | (성인) 유년기환경: 아버지 교육수준 | 유년기환경-아버지 교육수준 | 유년기환경: 아버지 교육수준,2007,2024,"2007,2008,2009,2010,2011,2012,2013,2014,2015,2016,2017,2018,2019,2020,2021,2022,2023,2024",basic_db,18,1,normalized_label,needs_review,
KNHANES,high,KNHANES,EC_pedu_2,EC_pedu_2,EC_pedu_2,(성인) 유년기환경 : 어머니 교육수준 | (성인) 유년기환경: 어머니 교육수준 | 유년기환경-어머니 교육수준 | 유년기환경: 어머니 교육수준,2007,2024,"2007,2008,2009,2010,2011,2012,2013,2014,2015,2016,2017,2018,2019,2020,2021,2022,2023,2024",basic_db,18,1,normalized_label,needs_review,
KNHANES,high,KNHANES,EC_stt_2,EC_stt_2,EC_stt_2,(취업자) 종사상지위: 임금근로자 상세 | (취업자) 종사상지위_임금근로자 상세 | (취업자)종사상지위_임금근로자 상세 | 종사상지위: 임금근로자 상세,2007,2024,"2007,2008,2009,2010,2011,2012,2013,2014,2015,2016,2017,2018,2019,2020,2021,2022,2023,2024",basic_db,18,1,normalized_label,needs_review,
KNHANES,medium,KNHANES,EC_sz,EC_sz,EC_sz,(취업자) 사업체 규모 | (취업자)사업체 규모,2007,2009,"2007,2008,2009",basic_db,3,1,normalized_label,needs_review,
KNHANES,medium,KNHANES,EC_wh,EC_wh,EC_wh,(취업자) 근로시간제 | (취업자)근로시간제,2007,2017,"2007,2008,2009,2010,2011,2012,2013,2014,2015,2016,2017",basic_db,11,1,normalized_label,needs_review,
KNHANES,high,KNHANES,EC_wht_6,EC_wht_6,EC_wht_6,변형근로시간 : 기타상세 | 변형근로시간-기타상세 | 변형근로시간: 기타상세 | 변형근로시간:기타상세,2007,2024,"2007,2008,2009,2010,2011,2012,2013,2014,2015,2016,2017,2018,2019,2020,2021,2024",basic_db,16,1,normalized_label,needs_review,
KNHANES,medium,KNHANES,E_Cl_1,E_Cl_1,E_Cl_1,시력검사: 시력(좌안) | 시력검사:시력_좌안,2013,2023,"2013,2014,2015,2016,2017,2018,2019,2020,2021,2022,2023",basic_db,11,1,normalized_label,needs_review,
KNHANES,medium,KNHANES,E_Cl_m,E_Cl_m,E_Cl_m,시력검사: 시력 측정방법(좌안) | 시력검사:시력 측정방법_좌안,2013,2023,"2013,2014,2015,2016,2017,2018,2019,2020,2021,2022,2023",basic_db,11,1,normalized_label,needs_review,
KNHANES,medium,KNHANES,E_Cr_1,E_Cr_1,E_Cr_1,시력검사: 시력(우안) | 시력검사:시력_우안,2013,2023,"2013,2014,2015,2016,2017,2018,2019,2020,2021,2022,2023",basic_db,11,1,normalized_label,needs_review,
KNHANES,medium,KNHANES,E_Cr_m,E_Cr_m,E_Cr_m,시력검사: 시력 측정방법(우안) | 시력검사:시력 측정방법_우안,2013,2023,"2013,2014,2015,2016,2017,2018,2019,2020,2021,2022,2023",basic_db,11,1,normalized_label,needs_review,
KNHANES,high,KNHANES,E_Dl_2_1,E_Dl_2_1,E_Dl_2_1,시력검사: 자동굴절 교정시력(좌안) | 시력검사:자동굴절_교정시력_좌안 | 시력검사:자동굴절_교정시력_좌완,2013,2023,"2013,2014,2015,2016,2017,2018,2019,2020,2021,2022,2023",basic_db,11,1,normalized_label,needs_review,
KNHANES,high,KNHANES,E_Dl_a,E_Dl_a,E_Dl_a,시력검사: 자동굴절 A(좌안) | 시력검사:자동굴절_A_좌안 | 시력검사:자동굴절_A_좌완,2013,2024,"2013,2014,2015,2016,2017,2018,2019,2020,2021,2022,2023,2024",basic_db,12,1,normalized_label,needs_review,
KNHANES,high,KNHANES,E_Dl_dcyl,E_Dl_dcyl,E_Dl_dcyl,시력검사: 자동굴절 Dcyl(좌안) | 시력검사:자동굴절_Dcyl_좌안 | 시력검사:자동굴절_Dcyl_좌완,2013,2024,"2013,2014,2015,2016,2017,2018,2019,2020,2021,2022,2023,2024",basic_db,12,1,normalized_label,needs_review,
KNHANES,high,KNHANES,E_Dl_dsph,E_Dl_dsph,E_Dl_dsph,시력검사: 자동굴절 Dsph(좌안) | 시력검사:자동굴절_Dsph_좌안 | 시력검사:자동굴절_Dsph_좌완,2013,2024,"2013,2014,2015,2016,2017,2018,2019,2020,2021,2022,2023,2024",basic_db,12,1,normalized_label,needs_review,
KNHANES,high,KNHANES,E_Dr_2_1,E_Dr_2_1,E_Dr_2_1,시력검사: 자동굴절 교정시력(우안) | 시력검사:자동굴절_교정시력_우안 | 시력검사:자동굴절_교정시력_우완,2013,2023,"2013,2014,2015,2016,2017,2018,2019,2020,2021,2022,2023",basic_db,11,1,normalized_label,needs_review,
KNHANES,high,KNHANES,E_Dr_a,E_Dr_a,E_Dr_a,시력검사: 자동굴절 A(우안) | 시력검사:자동굴절_A_우안 | 시력검사:자동굴절_A_우완,2013,2024,"2013,2014,2015,2016,2017,2018,2019,2020,2021,2022,2023,2024",basic_db,12,1,normalized_label,needs_review,
KNHANES,high,KNHANES,E_Dr_dcyl,E_Dr_dcyl,E_Dr_dcyl,시력검사: 자동굴절 Dcyl(우안) | 시력검사:자동굴절_Dcyl_우안 | 시력검사:자동굴절_Dcyl_우완,2013,2024,"2013,2014,2015,2016,2017,2018,2019,2020,2021,2022,2023,2024",basic_db,12,1,normalized_label,needs_review,
KNHANES,high,KNHANES,E_Dr_dsph,E_Dr_dsph,E_Dr_dsph,시력검사: 자동굴절 Dsph(우안) | 시력검사:자동굴절_Dsph_우안 | 시력검사:자동굴절_Dsph_우완,2013,2024,"2013,2014,2015,2016,2017,2018,2019,2020,2021,2022,2023,2024",basic_db,12,1,normalized_label,needs_review,
KNHANES,high,KNHANES,E_GR,DH3_lt | E_GR,DH3_lt | E_GR,녹내장 유병여부 | 녹내장 유병여부 | 평생 녹내장,2005,2021,"2005,2007,2008,2009,2017,2018,2019,2020,2021",basic_db,9,2,normalized_label,needs_review,
KNHANES,medium,KNHANES,F_ANCH,F_ANCH | F_anch,F_ANCH | F_anch,22.멸치 | 멸치,1998,2011,"1998,2001,2005,2007,2008,2009,2010,2011",basic_db,8,2,normalized_name,needs_review,
KNHANES,medium,KNHANES,F_APPLE,F_APPLE | F_apple,F_APPLE | F_apple,49.사과 | 사과,1998,2011,"1998,2001,2005,2007,2008,2009,2010,2011",basic_db,8,2,normalized_name,needs_review,
KNHANES,medium,KNHANES,F_BANANA,F_BANANA | F_banana,F_BANANA | F_banana,50.바나나 | 바나나,2001,2011,"2001,2005,2007,2008,2009,2010,2011",basic_db,7,2,normalized_name,needs_review,
KNHANES,high,KNHANES,F_BARLEY,F_BARLEY | F_barley,F_BARLEY | F_barley,2.보리/잡곡 | 보리 | 보리/잡곡,1998,2011,"1998,2001,2005,2007,2008,2009,2010,2011",basic_db,8,2,normalized_name,needs_review,
KNHANES,medium,KNHANES,F_BEAN,F_BEAN | F_bean,F_BEAN | F_bean,9.콩류 | 콩류,1998,2011,"1998,2001,2005,2007,2008,2009,2010,2011",basic_db,8,2,normalized_name,needs_review,
KNHANES,medium,KNHANES,F_BEEF,F_BEEF | F_beef,F_BEEF | F_beef,13.쇠고기 | 쇠고기,1998,2011,"1998,2001,2005,2007,2008,2009,2010,2011",basic_db,8,2,normalized_name,needs_review,
KNHANES,medium,KNHANES,F_BEER,F_BEER | F_beer,F_BEER | F_beer,58.맥주 | 맥주,2001,2011,"2001,2005,2007,2008,2009,2010,2011",basic_db,7,2,normalized_name,needs_review,
KNHANES,medium,KNHANES,F_BN_CD,F_BN_CD | F_bn_cd,F_BN_CD | F_bn_cd,8.두부 | 두부,1998,2011,"1998,2001,2005,2007,2008,2009,2010,2011",basic_db,8,2,normalized_name,needs_review,
KNHANES,medium,KNHANES,F_BN_MLK,F_BN_MLK | F_bn_mlk,F_BN_MLK | F_bn_mlk,10.두유 | 두유,2005,2011,"2005,2007,2008,2009,2010,2011",basic_db,6,2,normalized_name,needs_review,
KNHANES,medium,KNHANES,F_BREAD,F_BREAD | F_bread,F_BREAD | F_bread,5.빵류 | 빵류,1998,2011,"1998,2001,2005,2007,2008,2009,2010,2011",basic_db,8,2,normalized_name,needs_review,
KNHANES,medium,KNHANES,F_CABB,F_CABB | F_cabb,F_CABB | F_cabb,36.양배추 | 양배추,2001,2011,"2001,2005,2007,2008,2009,2010,2011",basic_db,7,2,normalized_name,needs_review,
KNHANES,medium,KNHANES,F_CARROT,F_CARROT | F_carrot,F_CARROT | F_carrot,34.당근 | 당근,1998,2011,"1998,2001,2005,2007,2008,2009,2010,2011",basic_db,8,2,normalized_name,needs_review,
KNHANES,medium,KNHANES,F_CHICK,F_CHICK | F_chick,F_CHICK | F_chick,14.닭고기 | 닭고기,1998,2011,"1998,2001,2005,2007,2008,2009,2010,2011",basic_db,8,2,normalized_name,needs_review,
KNHANES,medium,KNHANES,F_CITRUS,F_CITRUS | F_citrus,F_CITRUS | F_citrus,51.오렌지 | 오렌지,2005,2011,"2005,2007,2008,2009,2010,2011",basic_db,6,2,normalized_name,needs_review,
KNHANES,medium,KNHANES,F_CLAM,F_CLAM | F_clam,F_CLAM | F_clam,25.조개류 | 조개류,1998,2011,"1998,2001,2005,2007,2008,2009,2010,2011",basic_db,8,2,normalized_name,needs_review,
KNHANES,medium,KNHANES,F_COFFEE,F_COFFEE | F_coffee,F_COFFEE | F_coffee,56.커피 | 커피,2001,2011,"2001,2005,2007,2008,2009,2010,2011",basic_db,7,2,normalized_name,needs_review,
KNHANES,medium,KNHANES,F_CRACK,F_CRACK | F_crack,F_CRACK | F_crack,7.과자류 | 과자류,2001,2011,"2001,2005,2007,2008,2009,2010,2011",basic_db,7,2,normalized_name,needs_review,
KNHANES,medium,KNHANES,F_CUCUM,F_CUCUM | F_cucum,F_CUCUM | F_cucum,32.오이 | 오이,1998,2011,"1998,2001,2005,2007,2008,2009,2010,2011",basic_db,8,2,normalized_name,needs_review,
KNHANES,medium,KNHANES,F_EGG,F_EGG | F_egg,F_EGG | F_egg,17.달걀 | 달걀,1998,2011,"1998,2001,2005,2007,2008,2009,2010,2011",basic_db,8,2,normalized_name,needs_review,
KNHANES,medium,KNHANES,F_FPASTE,F_FPASTE | F_fpaste,F_FPASTE | F_fpaste,23.어묵류 | 어묵류,1998,2011,"1998,2001,2005,2007,2008,2009,2010,2011",basic_db,8,2,normalized_name,needs_review,
KNHANES,medium,KNHANES,F_FRIED,F_FRIED | F_fried,F_FRIED | F_fried,63.튀긴음식 | 튀긴음식,2005,2011,"2005,2007,2008,2009,2010,2011",basic_db,6,2,normalized_name,needs_review,
KNHANES,medium,KNHANES,F_GRAPE,F_GRAPE | F_grape,F_GRAPE | F_grape,47.포도 | 포도,2001,2011,"2001,2005,2007,2008,2009,2010,2011",basic_db,7,2,normalized_name,needs_review,
KNHANES,medium,KNHANES,F_HAM,F_HAM | F_ham,F_HAM | F_ham,16.햄/소시지 | 햄/소시지,1998,2011,"1998,2001,2005,2007,2008,2009,2010,2011",basic_db,8,2,normalized_name,needs_review,
KNHANES,medium,KNHANES,F_HAMBER,F_HAMBER | F_hamber,F_HAMBER | F_hamber,61.햄버거 | 햄버거,1998,2011,"1998,2001,2005,2007,2008,2009,2010,2011",basic_db,8,2,normalized_name,needs_review,
KNHANES,medium,KNHANES,F_ICECM,F_ICECM | F_icecm,F_ICECM | F_icecm,54.아이스크림 | 아이스크림,2001,2011,"2001,2005,2007,2008,2009,2010,2011",basic_db,7,2,normalized_name,needs_review,
KNHANES,medium,KNHANES,F_INSTND,F_INSTND | F_instnd,F_INSTND | F_instnd,3.라면 | 라면,1998,2011,"1998,2001,2005,2007,2008,2009,2010,2011",basic_db,8,2,normalized_name,needs_review,
KNHANES,medium,KNHANES,F_KCABB,F_KCABB | F_kcabb,F_KCABB | F_kcabb,27.배추 | 배추,1998,2011,"1998,2001,2005,2007,2008,2009,2010,2011",basic_db,8,2,normalized_name,needs_review,
KNHANES,medium,KNHANES,F_LAVER,F_LAVER | F_laver,F_LAVER | F_laver,40.김 | 김,1998,2011,"1998,2001,2005,2007,2008,2009,2010,2011",basic_db,8,2,normalized_name,needs_review,
KNHANES,medium,KNHANES,F_MACK,F_MACK | F_mack,F_MACK | F_mack,18.고등어 | 고등어,2001,2011,"2001,2005,2007,2008,2009,2010,2011",basic_db,7,2,normalized_name,needs_review,
KNHANES,medium,KNHANES,F_MILK,F_MILK | F_milk,F_MILK | F_milk,52.우유 | 우유,1998,2011,"1998,2001,2005,2007,2008,2009,2010,2011",basic_db,8,2,normalized_name,needs_review,
KNHANES,medium,KNHANES,F_MMELON,F_MMELON | F_mmelon,F_MMELON | F_mmelon,45.참외 | 참외,1998,2011,"1998,2001,2005,2007,2008,2009,2010,2011",basic_db,8,2,normalized_name,needs_review,
KNHANES,medium,KNHANES,F_MUSH,F_MUSH | F_mush,F_MUSH | F_mush,38.버섯류 | 버섯류,2001,2011,"2001,2005,2007,2008,2009,2010,2011",basic_db,7,2,normalized_name,needs_review,
KNHANES,medium,KNHANES,F_NOODLE,F_NOODLE | F_noodle,F_NOODLE | F_noodle,4.국수 | 국수,1998,2011,"1998,2001,2005,2007,2008,2009,2010,2011",basic_db,8,2,normalized_name,needs_review,
KNHANES,medium,KNHANES,F_PEACH,F_PEACH | F_peach,F_PEACH | F_peach,48.복숭아 | 복숭아,1998,2011,"1998,2001,2005,2007,2008,2009,2010,2011",basic_db,8,2,normalized_name,needs_review,
KNHANES,medium,KNHANES,F_PEAR,F_PEAR | F_pear,F_PEAR | F_pear,43.배 | 배,1998,2011,"1998,2001,2005,2007,2008,2009,2010,2011",basic_db,8,2,normalized_name,needs_review,
KNHANES,medium,KNHANES,F_PEPPER,F_PEPPER | F_pepper,F_PEPPER | F_pepper,33.고추 | 고추,1998,2011,"1998,2001,2005,2007,2008,2009,2010,2011",basic_db,8,2,normalized_name,needs_review,
KNHANES,medium,KNHANES,F_PERS,F_PERS | F_pers,F_PERS | F_pers,42.감 | 감,1998,2011,"1998,2001,2005,2007,2008,2009,2010,2011",basic_db,8,2,normalized_name,needs_review,
KNHANES,medium,KNHANES,F_PIZZA,F_PIZZA | F_pizza,F_PIZZA | F_pizza,62.피자 | 피자,2001,2011,"2001,2005,2007,2008,2009,2010,2011",basic_db,7,2,normalized_name,needs_review,
KNHANES,medium,KNHANES,F_POLL,F_POLL | F_poll,F_POLL | F_poll,21.명태 | 명태,2001,2011,"2001,2005,2007,2008,2009,2010,2011",basic_db,7,2,normalized_name,needs_review,
KNHANES,medium,KNHANES,F_PORK,F_PORK | F_pork,F_PORK | F_pork,15.돼지고기 | 돼지고기,1998,2011,"1998,2001,2005,2007,2008,2009,2010,2011",basic_db,8,2,normalized_name,needs_review,
KNHANES,medium,KNHANES,F_POTATO,F_POTATO | F_potato,F_POTATO | F_potato,11.감자 | 감자,1998,2011,"1998,2001,2005,2007,2008,2009,2010,2011",basic_db,8,2,normalized_name,needs_review,
KNHANES,medium,KNHANES,F_PUMP,F_PUMP | F_pump,F_PUMP | F_pump,35.호박 | 호박,1998,2011,"1998,2001,2005,2007,2008,2009,2010,2011",basic_db,8,2,normalized_name,needs_review,
KNHANES,medium,KNHANES,F_RADISH,F_RADISH | F_radish,F_RADISH | F_radish,28.무 | 무,1998,2011,"1998,2001,2005,2007,2008,2009,2010,2011",basic_db,8,2,normalized_name,needs_review,
KNHANES,medium,KNHANES,F_RCAKE,F_RCAKE | F_rcake,F_RCAKE | F_rcake,6.떡류 | 떡류,1998,2011,"1998,2001,2005,2007,2008,2009,2010,2011",basic_db,8,2,normalized_name,needs_review,
KNHANES,medium,KNHANES,F_RD_LV,F_RD_LV | F_rd_lv,F_RD_LV | F_rd_lv,29.무청 | 무청,2005,2011,"2005,2007,2008,2009,2010,2011",basic_db,6,2,normalized_name,needs_review,
KNHANES,medium,KNHANES,F_RICE,F_RICE | F_rice,F_RICE | F_rice,1.쌀 | 쌀,1998,2011,"1998,2001,2005,2007,2008,2009,2010,2011",basic_db,8,2,normalized_name,needs_review,
KNHANES,medium,KNHANES,F_RWINE,F_RWINE | F_rwine,F_RWINE | F_rwine,60.막걸리 | 막걸리,2001,2011,"2001,2005,2007,2008,2009,2010,2011",basic_db,7,2,normalized_name,needs_review,
KNHANES,medium,KNHANES,F_SEAWD,F_SEAWD | F_seawd,F_SEAWD | F_seawd,39.미역 | 미역,1998,2011,"1998,2001,2005,2007,2008,2009,2010,2011",basic_db,8,2,normalized_name,needs_review,
KNHANES,medium,KNHANES,F_SFISH,F_SFISH | F_sfish,F_SFISH | F_sfish,26.젓갈류 | 젓갈류,2001,2011,"2001,2005,2007,2008,2009,2010,2011",basic_db,7,2,normalized_name,needs_review,
KNHANES,medium,KNHANES,F_SODA,F_SODA | F_soda,F_SODA | F_soda,55.탄산음료 | 탄산음료,2001,2011,"2001,2005,2007,2008,2009,2010,2011",basic_db,7,2,normalized_name,needs_review,
KNHANES,medium,KNHANES,F_SOJU,F_SOJU | F_soju,F_SOJU | F_soju,59.소주 | 소주,2001,2011,"2001,2005,2007,2008,2009,2010,2011",basic_db,7,2,normalized_name,needs_review,
KNHANES,medium,KNHANES,F_SPIN,F_SPIN | F_spin,F_SPIN | F_spin,31.시금치 | 시금치,1998,2011,"1998,2001,2005,2007,2008,2009,2010,2011",basic_db,8,2,normalized_name,needs_review,
KNHANES,medium,KNHANES,F_SPROUT,F_SPROUT | F_sprout,F_SPROUT | F_sprout,30.콩나물 | 콩나물,1998,2011,"1998,2001,2005,2007,2008,2009,2010,2011",basic_db,8,2,normalized_name,needs_review,
KNHANES,medium,KNHANES,F_SQUID,F_SQUID | F_squid,F_SQUID | F_squid,24.오징어 | 오징어,1998,2011,"1998,2001,2005,2007,2008,2009,2010,2011",basic_db,8,2,normalized_name,needs_review,
KNHANES,medium,KNHANES,F_STRAW,F_STRAW | F_straw,F_STRAW | F_straw,46.딸기 | 딸기,1998,2011,"1998,2001,2005,2007,2008,2009,2010,2011",basic_db,8,2,normalized_name,needs_review,
KNHANES,medium,KNHANES,F_SWPOT,F_SWPOT | F_swpot,F_SWPOT | F_swpot,12.고구마 | 고구마,1998,2011,"1998,2001,2005,2007,2008,2009,2010,2011",basic_db,8,2,normalized_name,needs_review,
KNHANES,medium,KNHANES,F_TANG,F_TANG | F_tang,F_TANG | F_tang,41.귤 | 귤,2005,2011,"2005,2007,2008,2009,2010,2011",basic_db,6,2,normalized_name,needs_review,
KNHANES,medium,KNHANES,F_TEA,F_TEA | F_tea,F_TEA | F_tea,57.녹차 | 녹차,2001,2011,"2001,2005,2007,2008,2009,2010,2011",basic_db,7,2,normalized_name,needs_review,
KNHANES,medium,KNHANES,F_TOMATO,F_TOMATO | F_tomato,F_TOMATO | F_tomato,37.토마토 | 토마토,1998,2011,"1998,2001,2005,2007,2008,2009,2010,2011",basic_db,8,2,normalized_name,needs_review,
KNHANES,medium,KNHANES,F_TUNA,F_TUNA | F_tuna,F_TUNA | F_tuna,19.참치 | 참치,2001,2011,"2001,2005,2007,2008,2009,2010,2011",basic_db,7,2,normalized_name,needs_review,
KNHANES,medium,KNHANES,F_WMELON,F_WMELON | F_wmelon,F_WMELON | F_wmelon,44.수박 | 수박,1998,2011,"1998,2001,2005,2007,2008,2009,2010,2011",basic_db,8,2,normalized_name,needs_review,
KNHANES,medium,KNHANES,F_YFISH,F_YFISH | F_yfish,F_YFISH | F_yfish,20.조기 | 조기,2001,2011,"2001,2005,2007,2008,2009,2010,2011",basic_db,7,2,normalized_name,needs_review,
KNHANES,medium,KNHANES,F_YOGURT,F_YOGURT | F_yogurt,F_YOGURT | F_yogurt,53.요구르트 | 요구르트,1998,2011,"1998,2001,2005,2007,2008,2009,2010,2011",basic_db,8,2,normalized_name,needs_review,
KNHANES,high,KNHANES,HE_ALT,HE_ALT | HE_alt,HE_ALT | HE_alt,"ALT (SGPT) | ALT(SGPT) | GPT | Alanine Aminotransferase, GPT | 혈청지피티",1998,2024,"1998,2001,2005,2007,2008,2009,2010,2011,2012,2013,2014,2015,2016,2017,2018,2019,2020,2021,2022,2023,2024",basic_db,21,2,normalized_label | normalized_name,needs_review,
KNHANES,high,KNHANES,HE_AST,HE_AST | HE_ast,HE_AST | HE_ast,"AST (SGOT) | AST(SGOT) | GOT | Aspartate transminase, GOT | 혈청지오티",1998,2024,"1998,2001,2005,2007,2008,2009,2010,2011,2012,2013,2014,2015,2016,2017,2018,2019,2020,2021,2022,2023,2024",basic_db,21,2,normalized_label | normalized_name,needs_review,
KNHANES,medium,KNHANES,HE_CHOL,HE_CHOL | HE_chol,HE_CHOL | HE_chol,총콜레스테롤,1998,2024,"1998,2001,2005,2007,2008,2009,2010,2011,2012,2013,2014,2015,2016,2017,2018,2019,2020,2021,2022,2023,2024",basic_db,21,2,normalized_label,needs_review,
KNHANES,high,KNHANES,HE_COPD,HE_COPD,HE_COPD,폐기능 판정결과 | 폐기능 판정결과(40세이상) | 폐기능판정결과,2007,2019,"2007,2008,2009,2010,2011,2012,2013,2014,2015,2016,2017,2018,2019",basic_db,13,1,normalized_label,needs_review,
KNHANES,high,KNHANES,HE_CREA,HE_CREA | HE_crea,HE_CREA | HE_crea,크레아티닌 | 크레아티닌 | 혈중 크레아티닌 | 혈중크레아티닌,1998,2024,"1998,2001,2005,2007,2008,2009,2010,2011,2012,2013,2014,2015,2016,2017,2018,2019,2020,2021,2022,2023,2024",basic_db,21,2,normalized_label,needs_review,
KNHANES,high,KNHANES,HE_Cd,HE_Cd | HE_cd,HE_Cd | HE_cd,중금속:카드뮴 | 카드뮴 | 카드뮴,2005,2017,"2005,2008,2009,2010,2011,2012,2013,2016,2017",basic_db,9,2,normalized_name,needs_review,
KNHANES,high,KNHANES,HE_DBP,HE_DBP | HE_dbp,HE_DBP | HE_dbp,"최종 이완기 혈압 | 최종 이완기 혈압 | 최종 이완기 혈압(2,3차 평균) | 최종 이완기혈압 | 최종 이완기혈압(2,3차 평균)",2005,2024,"2005,2007,2008,2009,2010,2011,2012,2013,2014,2015,2016,2017,2018,2019,2020,2021,2022,2023,2024",basic_db,19,2,normalized_label,needs_review,
KNHANES,high,KNHANES,HE_DBP1,HE_DBP1 | HE_dbp1,HE_DBP1 | HE_dbp1,1차 이완기 혈압 | 1차 이완기혈압 | 1차 이완기 혈압 | 1차이완기혈압,1998,2024,"1998,2001,2005,2007,2008,2009,2010,2011,2012,2013,2014,2015,2016,2017,2018,2019,2020,2021,2022,2023,2024",basic_db,21,2,normalized_label,needs_review,
KNHANES,high,KNHANES,HE_DBP2,HE_DBP2 | HE_dbp2,HE_DBP2 | HE_dbp2,2차 이완기 혈압 | 2차 이완기혈압 | 2차 이완기 혈압 | 2차이완기혈압,1998,2024,"1998,2001,2005,2007,2008,2009,2010,2011,2012,2013,2014,2015,2016,2017,2018,2019,2020,2021,2022,2023,2024",basic_db,21,2,normalized_label,needs_review,
KNHANES,high,KNHANES,HE_DBP3,HE_DBP3 | HE_dbp3,HE_DBP3 | HE_dbp3,3차 이완기 혈압 | 3차 이완기 혈압 | 3차 이완기혈압,2005,2024,"2005,2007,2008,2009,2010,2011,2012,2013,2014,2015,2016,2017,2018,2019,2020,2021,2022,2023,2024",basic_db,19,2,normalized_label,needs_review,
KNHANES,high,KNHANES,HE_DM,HE_DM,HE_DM,당뇨병 유병여부(19세이상) | 당뇨병유병여부 (10세이상) | 당뇨병유병여부 (19세이상),2007,2018,"2007,2008,2009,2010,2011,2012,2013,2014,2015,2016,2017,2018",basic_db,12,1,normalized_label,needs_review,
KNHANES,high,KNHANES,HE_DMdr,HE_DMdr,HE_DMdr,검진당일 당뇨병 약 복용 여부 | 검진당일 당뇨병 약복용 여부 | 당뇨병 약복용여부 | 당일 당뇨병 약복용,2007,2021,"2007,2008,2009,2010,2011,2012,2013,2014,2015,2016,2017,2018,2019,2020,2021",basic_db,15,1,normalized_label,needs_review,
KNHANES,high,KNHANES,HE_FEV1,HE_FEV1 | HE_fev1,HE_FEV1 | HE_fev1,1초간 노력성 호기량 | 1초간 노력성 호기량 | 1초간 노력성호기량,2007,2024,"2007,2008,2009,2010,2011,2012,2013,2014,2015,2016,2017,2018,2019,2024",basic_db,14,2,normalized_label,needs_review,
KNHANES,high,KNHANES,HE_FEV1FVC,HE_FEV1FVC | HE_fev1fvc,HE_FEV1FVC | HE_fev1fvc,1초간 노력성 호기량 / 노력성 폐활량 | 1초간 노력성호기량/노력성폐활량 | 1초간 노력성 호기량/ 노력성 폐활량,2007,2024,"2007,2008,2009,2010,2011,2012,2013,2014,2015,2016,2017,2018,2019,2024",basic_db,14,2,normalized_label,needs_review,
KNHANES,high,KNHANES,HE_FEV1p,HE_FEV1p | HE_fev1p,HE_FEV1p | HE_fev1p,1초간 노력성 호기량(정상추정치와의 비율) | 1초간 노력성 호기량(정상추정치와의 비율) | 1초간 노력성 호기량(정상추정치와의비율),2007,2019,"2007,2008,2009,2010,2011,2012,2013,2014,2015,2016,2017,2018,2019",basic_db,13,2,normalized_label,needs_review,
KNHANES,high,KNHANES,HE_FST,HE_FST | HE_fst,HE_FST | HE_fst,공복시간 | 공복시간 | 공복여부,1998,2024,"1998,2001,2005,2007,2008,2009,2010,2011,2012,2013,2014,2015,2016,2017,2018,2019,2020,2021,2022,2023,2024",basic_db,21,2,normalized_label,needs_review,
KNHANES,high,KNHANES,HE_FVC,HE_FVC | HE_fvc,HE_FVC | HE_fvc,노력성 폐활량 | 노력성 폐활량 | 노력성폐활량,2007,2024,"2007,2008,2009,2010,2011,2012,2013,2014,2015,2016,2017,2018,2019,2024",basic_db,14,2,normalized_label,needs_review,
KNHANES,medium,KNHANES,HE_FVCp,HE_FVCp | HE_fvcp,HE_FVCp | HE_fvcp,노력성 폐활량(정상추정치와의 비율),2007,2019,"2007,2008,2009,2010,2011,2012,2013,2014,2015,2016,2017,2018,2019",basic_db,13,2,normalized_label,needs_review,
KNHANES,high,KNHANES,HE_GLU,HE_GLU | HE_glu,HE_GLU | HE_glu,공복시 혈당 | 공복시혈당 | 공복혈당,1998,2024,"1998,2001,2005,2007,2008,2009,2010,2011,2012,2013,2014,2015,2016,2017,2018,2019,2020,2021,2022,2023,2024",basic_db,21,2,normalized_label,needs_review,
KNHANES,high,KNHANES,HE_HBsAg,HE_HBsAg,HE_HBsAg,B형 간염 항원 | B형간염 표면항원(수치) | B형간염표면항원(수치) | B형간염항원,1998,2018,"1998,2001,2005,2007,2008,2009,2010,2011,2012,2013,2014,2015,2016,2017,2018",basic_db,15,1,normalized_label,needs_review,
KNHANES,high,KNHANES,HE_HCHOL,HE_HCHOL | HE_hCHOL,HE_HCHOL | HE_hCHOL,고콜레스테롤혈증 유병여부 (10세이상) | 고콜레스테롤혈증 유병여부 (19세이상) | 고콜레스테롤혈증 유병여부(19세이상) | 고콜레스테롤혈증 유병여부 | 고콜레스테롤혈증 유병여부(19세이상),2007,2024,"2007,2008,2009,2010,2011,2012,2013,2014,2015,2016,2017,2018,2019,2020,2021,2022,2023,2024",basic_db,18,2,normalized_label,needs_review,
KNHANES,high,KNHANES,HE_HDL,HE_HDL | HE_HDL_st2,HE_HDL | HE_HDL_st2,HDL-콜레스테롤 | HDL-콜레스테롤(보정값) | 전환식 HDL-콜레스테롤 | 전환식적용 HDL-콜레스테롤 | HDL콜레스테롤,1998,2024,"1998,2001,2005,2007,2008,2009,2010,2011,2012,2013,2014,2015,2016,2017,2018,2019,2020,2021,2022,2023,2024",basic_db,21,2,normalized_label,needs_review,
KNHANES,high,KNHANES,HE_HLdr,HE_HLdr,HE_HLdr,검진당일 고지혈증 약 복용 여부 | 검진당일 고지혈증 약복용 여부 | 고지혈증 약물복용여부,2010,2015,"2010,2011,2012,2013,2014,2015",basic_db,6,1,normalized_label,needs_review,
KNHANES,high,KNHANES,HE_HP,DI1_lt | HE_HP | HE_hp,DI1_lt | HE_HP | HE_hp,고혈압 유병여부 | 고혈압 유병여부(19세이상) | 고혈압유병여부 (19세이상) | 고혈압유병여부(19세이상) | 고혈압 유병여부 | 평생 고혈압 | 고혈압유병여부 (19세이상),2005,2024,"2005,2007,2008,2009,2010,2011,2012,2013,2014,2015,2016,2017,2018,2019,2020,2021,2022,2023,2024",basic_db,25,3,normalized_label,needs_review,
KNHANES,high,KNHANES,HE_HPdr,HE_HPdr,HE_HPdr,검진당일 고혈압 약 복용 여부 | 검진당일 고혈압 약복용 여부 | 고혈압 약복용여부 | 당일 고혈압 약복용,2007,2021,"2007,2008,2009,2010,2011,2012,2013,2014,2015,2016,2017,2018,2019,2020,2021",basic_db,15,1,normalized_label,needs_review,
KNHANES,medium,KNHANES,HE_HT,HE_HT | HE_ht,HE_HT | HE_ht,신장,1998,2024,"1998,2001,2005,2007,2008,2009,2010,2011,2012,2013,2014,2015,2016,2017,2018,2019,2020,2021,2022,2023,2024",basic_db,21,2,normalized_name,needs_review,
KNHANES,high,KNHANES,HE_HTG,HE_HTG | HE_hTG,HE_HTG | HE_hTG,고중성지방혈증 유병여부 (10세이상) | 고중성지방혈증 유병여부(10세이상) | 고중성지방혈증 유병여부 | 고중성지방혈증 유병여부(10세이상) | 고중성지방혈증 유병여부(19세이상),2007,2024,"2007,2008,2009,2010,2011,2012,2013,2014,2015,2016,2017,2018,2019,2020,2021,2022,2023,2024",basic_db,18,2,normalized_label,needs_review,
KNHANES,high,KNHANES,HE_Hg,HE_Hg | HE_hg,HE_Hg | HE_hg,수은 | 수은 | 중금속:수은,2005,2017,"2005,2008,2009,2010,2011,2012,2013,2016,2017",basic_db,9,2,normalized_name,needs_review,
KNHANES,high,KNHANES,HE_LDL_drct,HE_LDL_drct,HE_LDL_drct,LDL-콜레스테롤(직접검사) | LDL-콜레스테롤(직접법) | LDL콜레스테롤(직접검사) | LDL콜레스테롤_직접검사,2009,2024,"2009,2010,2011,2012,2013,2014,2015,2016,2017,2018,2019,2020,2021,2022,2023,2024",basic_db,16,1,normalized_label,needs_review,
KNHANES,high,KNHANES,HE_MENS,HE_MENS | HE_mens | HS_MENS,HE_MENS | HE_mens | HS_MENS,검진당일 생리여부 | 생리 여부 | 생리여부 | 생리중여부 | 생리 또는 임신여부 | 생리 또는 임신여부 | 생리/임신여부,1998,2024,"1998,2001,2005,2007,2008,2009,2010,2011,2012,2013,2014,2015,2016,2017,2018,2019,2020,2021,2022,2023,2024",basic_db,21,3,normalized_label | normalized_name,needs_review,
KNHANES,medium,KNHANES,HE_Mn,HE_Mn | HE_mn,HE_Mn | HE_mn,망간,2008,2009,"2008,2009",basic_db,2,2,normalized_name,needs_review,
KNHANES,high,KNHANES,HE_PLS,HE_PLS | HE_PLS_15,HE_PLS | HE_PLS_15,15초 맥박수 | 15초 맥박수 | 15초간 맥박수 | 15초맥박수 | 맥박(15초),1998,2019,"1998,2001,2005,2007,2008,2009,2010,2011,2012,2013,2014,2015,2016,2017,2018,2019",basic_db,16,2,normalized_label,needs_review,
KNHANES,high,KNHANES,HE_Pb,HE_Pb | HE_pb,HE_Pb | HE_pb,납 | 납 | 중금속:납,2005,2017,"2005,2008,2009,2010,2011,2012,2013,2016,2017",basic_db,9,2,normalized_name,needs_review,
KNHANES,high,KNHANES,HE_SBP,HE_SBP | HE_sbp,HE_SBP | HE_sbp,"수축기 혈압(2,3차 평균) | 최종 수축기 혈압 | 최종 수축기 혈압(2,3차 평균) | 최종 수축기혈압 | 최종 수축기혈압(2,3차 평균) | 최종 수축기 혈압",2005,2024,"2005,2007,2008,2009,2010,2011,2012,2013,2014,2015,2016,2017,2018,2019,2020,2021,2022,2023,2024",basic_db,19,2,normalized_label,needs_review,
KNHANES,high,KNHANES,HE_SBP1,HE_SBP1 | HE_sbp1,HE_SBP1 | HE_sbp1,1차 수축기 혈압 | 1차 수축기혈압 | 1차 수축기 혈압 | 1차수축기혈압,1998,2024,"1998,2001,2005,2007,2008,2009,2010,2011,2012,2013,2014,2015,2016,2017,2018,2019,2020,2021,2022,2023,2024",basic_db,21,2,normalized_label,needs_review,
KNHANES,high,KNHANES,HE_SBP2,HE_SBP2 | HE_sbp2,HE_SBP2 | HE_sbp2,2차 수축기 혈압 | 2차 수축기혈압 | 2차 수축기 혈압 | 2차수축기혈압,1998,2024,"1998,2001,2005,2007,2008,2009,2010,2011,2012,2013,2014,2015,2016,2017,2018,2019,2020,2021,2022,2023,2024",basic_db,21,2,normalized_label,needs_review,
KNHANES,high,KNHANES,HE_SBP3,HE_SBP3 | HE_sbp3,HE_SBP3 | HE_sbp3,3차 수축기 혈압 | 3차 수축기 혈압 | 3차 수축기혈압,2005,2024,"2005,2007,2008,2009,2010,2011,2012,2013,2014,2015,2016,2017,2018,2019,2020,2021,2022,2023,2024",basic_db,19,2,normalized_label,needs_review,
KNHANES,medium,KNHANES,HE_TB,HE_TB | HE_tb,HE_TB | HE_tb,흉부영상 판독결과,2008,2013,"2008,2009,2010,2011,2012,2013",basic_db,6,2,normalized_label,needs_review,
KNHANES,medium,KNHANES,HE_UCREA,HE_UCREA | HE_Ucrea,HE_UCREA | HE_Ucrea,요중크레아티닌 | 요크레아티닌,2008,2024,"2008,2009,2010,2011,2012,2013,2014,2015,2016,2017,2018,2019,2020,2021,2022,2023,2024",basic_db,17,2,normalized_label,needs_review,
KNHANES,medium,KNHANES,HE_USG,HE_USG | HE_Usg,HE_USG | HE_Usg,소변_SG | 요비중,1998,2024,"1998,2005,2007,2008,2009,2010,2011,2012,2013,2014,2015,2016,2017,2018,2019,2020,2021,2022,2023,2024",basic_db,20,2,normalized_name,needs_review,
KNHANES,high,KNHANES,HE_Ukal_etc,HE_Ukal_etc,HE_Ukal_etc,"요칼륨 보고범위(하한, 상한) | 요칼륨 보고범위(하한,상한) | 요칼륨 장비분석범위 | 요칼륨 장비분석범위 초과",2017,2024,"2017,2018,2019,2020,2021,2022,2023,2024",basic_db,8,1,normalized_label,needs_review,
KNHANES,high,KNHANES,HE_UpH,HE_UpH | HE_Uph,HE_UpH | HE_Uph,소변_pH | 소변_pH | 요산도,1998,2024,"1998,2005,2007,2008,2009,2010,2011,2012,2013,2014,2015,2016,2017,2018,2019,2020,2021,2022,2023,2024",basic_db,20,2,normalized_label,needs_review,
KNHANES,medium,KNHANES,HE_WC,HE_WC | HE_wc,HE_WC | HE_wc,허리둘레,1998,2024,"1998,2001,2005,2007,2008,2009,2010,2011,2012,2013,2014,2015,2016,2017,2018,2019,2020,2021,2022,2023,2024",basic_db,21,2,normalized_label,needs_review,
KNHANES,medium,KNHANES,HE_WT,HE_WT | HE_wt,HE_WT | HE_wt,체중,1998,2024,"1998,2001,2005,2007,2008,2009,2010,2011,2012,2013,2014,2015,2016,2017,2018,2019,2020,2021,2022,2023,2024",basic_db,21,2,normalized_name,needs_review,
KNHANES,high,KNHANES,HE_cough1,HE_cough1,HE_cough1,3개월이상 기침 경험여부 | 연속 3개월이상 기침 경험여부 | 연속3개월이상 기침 경험여부,2010,2024,"2010,2011,2012,2013,2014,2015,2016,2017,2018,2019,2024",basic_db,11,1,normalized_label,needs_review,
KNHANES,high,KNHANES,HE_cough2,HE_cough2,HE_cough2,기침 경험기간 | 연속 3개월이상 기침 경험기간 | 연속3개월이상 기침 경험기간,2010,2024,"2010,2011,2012,2013,2014,2015,2016,2017,2018,2019,2024",basic_db,11,1,normalized_label,needs_review,
KNHANES,high,KNHANES,HE_dPRG,HE_dPRG | HE_dprg,HE_dPRG | HE_dprg,임신 개월수 | 임신개월수 | 임신단계,2005,2024,"2005,2007,2008,2009,2010,2011,2012,2013,2014,2015,2016,2017,2018,2019,2020,2021,2022,2023,2024",basic_db,19,2,normalized_label | normalized_name,needs_review,
KNHANES,medium,KNHANES,HE_fFST,HE_fFST,HE_fFST,최종 섭취음식 | 최종섭취음식,2005,2011,"2005,2007,2008,2009,2010,2011",basic_db,6,1,normalized_label,needs_review,
KNHANES,high,KNHANES,HE_mARM,HE_mARM | HE_nARM,HE_mARM | HE_nARM,혈압 측정 팔 | 혈압측정팔 | 혈압측정 팔,2005,2024,"2005,2007,2008,2009,2010,2011,2012,2013,2014,2015,2016,2017,2018,2019,2020,2021,2022,2023,2024",basic_db,19,2,normalized_label,needs_review,
KNHANES,high,KNHANES,HE_mPLS,HE_mPLS,HE_mPLS,60초 맥박수 | 60초간 맥박수 | 60초맥박수,2005,2024,"2005,2007,2008,2009,2010,2011,2012,2013,2014,2015,2016,2017,2018,2019,2020,2021,2022,2023,2024",basic_db,19,1,normalized_label,needs_review,
KNHANES,high,KNHANES,HE_obe,HE_obe,HE_obe,비만 유병여부 | 비만 유병여부(19세이상) | 비만유병여부 (19세이상),2007,2024,"2007,2008,2009,2010,2011,2012,2013,2014,2015,2016,2017,2018,2019,2020,2021,2022,2023,2024",basic_db,18,1,normalized_label,needs_review,
KNHANES,medium,KNHANES,HE_prg,HE_prg,HE_prg,임신 여부 | 임신여부,2007,2024,"2007,2008,2009,2010,2011,2012,2013,2014,2015,2016,2017,2018,2019,2020,2021,2022,2023,2024",basic_db,18,1,normalized_label,needs_review,
KNHANES,high,KNHANES,HE_rPLS,HE_rPLS,HE_rPLS,맥박 규칙성 여부 | 맥박(정상여부) | 맥박규칙성 | 맥박규칙성 여부 | 맥박의 규칙성,2005,2024,"2005,2007,2008,2009,2010,2011,2012,2013,2014,2015,2016,2017,2018,2019,2020,2021,2022,2023,2024",basic_db,19,1,normalized_label,needs_review,
KNHANES,high,KNHANES,HE_sput1,HE_sput1,HE_sput1,3개월이상 가래 경험여부 | 연속 3개월이상 가래 경험여부 | 연속3개월이상 가래 경험여부,2010,2024,"2010,2011,2012,2013,2014,2015,2016,2017,2018,2019,2024",basic_db,11,1,normalized_label,needs_review,
KNHANES,high,KNHANES,HE_sput2,HE_sput2,HE_sput2,가래 경험기간 | 연속 3개월이상 가래 경험기간 | 연속3개월이상 가래 경험기간,2010,2024,"2010,2011,2012,2013,2014,2015,2016,2017,2018,2019,2024",basic_db,11,1,normalized_label,needs_review,
KNHANES,medium,KNHANES,HE_tb10_D,HE_tb10_D | HE_tb10_d,HE_tb10_D | HE_tb10_d,기타 발현일수,2008,2013,"2008,2009,2010,2011,2012,2013",basic_db,6,2,normalized_label,needs_review,
KNHANES,medium,KNHANES,HE_tb1_D,HE_tb1_D | HE_tb1_d,HE_tb1_D | HE_tb1_d,기침 발현일수,2008,2013,"2008,2009,2010,2011,2012,2013",basic_db,6,2,normalized_label,needs_review,
KNHANES,medium,KNHANES,HE_tb2_D,HE_tb2_D | HE_tb2_d,HE_tb2_D | HE_tb2_d,가래 발현일수,2008,2013,"2008,2009,2010,2011,2012,2013",basic_db,6,2,normalized_label,needs_review,
KNHANES,medium,KNHANES,HE_tb3_D,HE_tb3_D | HE_tb3_d,HE_tb3_D | HE_tb3_d,혈담 발현일수,2008,2013,"2008,2009,2010,2011,2012,2013",basic_db,6,2,normalized_label,needs_review,
KNHANES,medium,KNHANES,HE_tb4_D,HE_tb4_D | HE_tb4_d,HE_tb4_D | HE_tb4_d,흉통 발현일수,2008,2013,"2008,2009,2010,2011,2012,2013",basic_db,6,2,normalized_label,needs_review,
KNHANES,medium,KNHANES,HE_tb5_D,HE_tb5_D | HE_tb5_d,HE_tb5_D | HE_tb5_d,호흡곤란 발현일수,2008,2013,"2008,2009,2010,2011,2012,2013",basic_db,6,2,normalized_label,needs_review,
KNHANES,medium,KNHANES,HE_tb6_D,HE_tb6_D | HE_tb6_d,HE_tb6_D | HE_tb6_d,체중감소 발현일수,2008,2013,"2008,2009,2010,2011,2012,2013",basic_db,6,2,normalized_label,needs_review,
KNHANES,medium,KNHANES,HE_tb7_D,HE_tb7_D | HE_tb7_d,HE_tb7_D | HE_tb7_d,피로감 발현일수,2008,2013,"2008,2009,2010,2011,2012,2013",basic_db,6,2,normalized_label,needs_review,
KNHANES,medium,KNHANES,HE_tb8_D,HE_tb8_D | HE_tb8_d,HE_tb8_D | HE_tb8_d,발열 발현일수,2008,2013,"2008,2009,2010,2011,2012,2013",basic_db,6,2,normalized_label,needs_review,
KNHANES,medium,KNHANES,HE_tb9_D,HE_tb9_D | HE_tb9_d,HE_tb9_D | HE_tb9_d,야간발열 발현일수,2008,2013,"2008,2009,2010,2011,2012,2013",basic_db,6,2,normalized_label,needs_review,
KNHANES,high,KNHANES,HS_BF,HS_BF | Y_MTM_YN | Y_mtm_yn,HS_BF | Y_MTM_YN | Y_mtm_yn,모유 수유 여부 | 모유 수유여부 | 모유수유여부 | 모유수유 여부 | 모유수유여부,2001,2024,"2001,2005,2007,2008,2009,2010,2011,2012,2013,2014,2015,2016,2017,2018,2019,2020,2021,2022,2023,2024",basic_db,21,3,normalized_label | normalized_name,needs_review,
KNHANES,high,KNHANES,HS_DMf,HE_DMfh1 | HS_DMf,HE_DMfh1 | HS_DMf,당뇨_아버지 | 당뇨병가족력(부) | 당뇨병 가족력(부) | 당뇨병 의사진단 여부(부),1998,2024,"1998,2001,2010,2011,2012,2013,2014,2015,2016,2017,2018,2019,2020,2021,2022,2023,2024",basic_db,17,2,normalized_label,needs_review,
KNHANES,high,KNHANES,HS_DMm,HE_DMfh2 | HS_DMm,HE_DMfh2 | HS_DMm,당뇨_어머니 | 당뇨병가족력(모) | 당뇨병 가족력(모) | 당뇨병 의사진단 여부(모),1998,2024,"1998,2001,2010,2011,2012,2013,2014,2015,2016,2017,2018,2019,2020,2021,2022,2023,2024",basic_db,17,2,normalized_label,needs_review,
KNHANES,medium,KNHANES,HW_MP_A,HW_MP_A | LW_mp_a,HW_MP_A | LW_mp_a,폐경연령,2001,2024,"2001,2005,2007,2008,2009,2010,2011,2012,2013,2014,2015,2016,2017,2018,2019,2020,2021,2022,2023,2024",basic_db,20,2,normalized_label,needs_review,
KNHANES,high,KNHANES,HW_MS,HW_MS | LW_ms,HW_MS | LW_ms,(만10세이상) 월경여부 | (만10세이상)월경여부 | 월경여부 | 월경여부,2005,2024,"2005,2007,2008,2009,2010,2011,2012,2013,2014,2015,2016,2017,2018,2019,2020,2021,2022,2023,2024",basic_db,19,2,normalized_label,needs_review,
KNHANES,medium,KNHANES,HW_MS_A,HW_MS_A | LW_ms_a,HW_MS_A | LW_ms_a,초경연령,2001,2024,"2001,2005,2007,2008,2009,2010,2011,2012,2013,2014,2015,2016,2017,2018,2019,2020,2021,2022,2023,2024",basic_db,20,2,normalized_label,needs_review,
KNHANES,high,KNHANES,HW_PG,HW_PG | LW_pr,HW_PG | LW_pr,(만15세이상) 임신경험여부 | (만15세이상)임신경험여부 | 임신경험여부 | 임신경험여부,2007,2024,"2007,2008,2009,2010,2011,2012,2013,2014,2015,2016,2017,2018,2019,2020,2021,2022,2023,2024",basic_db,18,2,normalized_label,needs_review,
KNHANES,high,KNHANES,ID,ID | id,ID | id,개인 아이디 | 개인아이디 | 개인아이디,1998,2024,"1998,2001,2005,2007,2008,2009,2010,2011,2012,2013,2014,2015,2016,2017,2018,2019,2020,2021,2022,2023,2024",basic_db,21,2,normalized_label,needs_review,
KNHANES,medium,KNHANES,ID_F,ID_F | id_f,ID_F | id_f,아버지 아이디 | 아버지ID,2007,2024,"2007,2008,2009,2010,2011,2012,2013,2014,2015,2016,2017,2018,2019,2020,2021,2022,2023,2024",basic_db,18,2,normalized_label,needs_review,
KNHANES,medium,KNHANES,ID_M,ID_M | id_m,ID_M | id_m,어머니 아이디 | 어머니ID,2007,2024,"2007,2008,2009,2010,2011,2012,2013,2014,2015,2016,2017,2018,2019,2020,2021,2022,2023,2024",basic_db,18,2,normalized_label,needs_review,
KNHANES,medium,KNHANES,ID_fam,ID_fam,ID_fam,가구 아이디 | 가구아이디,2007,2024,"2007,2008,2009,2010,2011,2012,2013,2014,2015,2016,2017,2018,2019,2020,2021,2022,2023,2024",basic_db,18,1,normalized_label,needs_review,
KNHANES,high,KNHANES,LF_SAFE,LF_SAFE | LF_safe,LF_SAFE | LF_safe,식생활 형편 | 식생활형편 | 최근 1년 동안 식생활 형편 | 식생활형편,2005,2024,"2005,2007,2008,2009,2010,2011,2012,2013,2014,2015,2016,2017,2018,2019,2020,2021,2022,2023,2024",basic_db,19,2,normalized_label,needs_review,
KNHANES,high,KNHANES,LF_SECUR_Y,LF_SECUR_Y | LF_secur_y,LF_SECUR_Y | LF_secur_y,식품안정성 조사여부 | 식품안정성 조사참여자 | 식품안정성조사 여부 | 식품안정성조사 참여자 | 식품안정성조사 여부 | 식품안정성조사 참여자,2013,2024,"2013,2014,2015,2016,2017,2018,2019,2020,2021,2022,2023,2024",basic_db,12,2,normalized_label,needs_review,
KNHANES,high,KNHANES,LK_EDU,LK_EDU | LK_edu,LK_EDU | LK_edu,영양교육 여부 | 영양교육 여부 | 최근 1년 동안 영양교육 및 상담 경험 여부,2005,2024,"2005,2007,2008,2009,2010,2011,2012,2013,2014,2015,2016,2017,2018,2019,2020,2021,2022,2023,2024",basic_db,19,2,normalized_label,needs_review,
KNHANES,medium,KNHANES,LK_GD,LK_GD | LK_gd,LK_GD | LK_gd,식생활지침 인지여부,2005,2009,"2005,2007,2008,2009",basic_db,4,2,normalized_label,needs_review,
KNHANES,high,KNHANES,LK_GD_P1,LK_GD_P1 | LK_gd_p1,LK_GD_P1 | LK_gd_p1,식생활지침 1: 다양한 식품섭취 | 식생활지침 1: 다양한 식품섭취 | 식생활지침 1: 다양한 식품섭취을 섭취하자,2005,2009,"2005,2007,2008,2009",basic_db,4,2,normalized_label,needs_review,
KNHANES,high,KNHANES,LK_GD_P2,LK_GD_P2 | LK_gd_p2,LK_GD_P2 | LK_gd_p2,식생활지침 2: 싱겁게 먹기 | 식생활지침 2: 싱겁게 먹기 | 식생활지침 2: 짠 음식을 피하고 싱겁게 먹자,2005,2009,"2005,2007,2008,2009",basic_db,4,2,normalized_label,needs_review,
KNHANES,high,KNHANES,LK_GD_P3,LK_GD_P3 | LK_gd_p3,LK_GD_P3 | LK_gd_p3,식생활지침 3: 알맞게 섭취 | 식생활지침 3: 알맞게 섭취 | 식생활지침 3: 알맞게 섭취하자,2005,2009,"2005,2007,2008,2009",basic_db,4,2,normalized_label,needs_review,
KNHANES,high,KNHANES,LK_GD_P4,LK_GD_P4 | LK_gd_p4,LK_GD_P4 | LK_gd_p4,"식생활지침 4: 식사는 즐겁게, 아침을 먹자 | 식생활지침 4: 아침식사하기 | 식생활지침 4: 아침식사하기",2005,2009,"2005,2007,2008,2009",basic_db,4,2,normalized_label,needs_review,
KNHANES,high,KNHANES,LK_GD_P5,LK_GD_P5 | LK_gd_p5,LK_GD_P5 | LK_gd_p5,"식생활지침 5: 위생적, 필요한 만큼 준비 | 식생활지침 5: 위생적, 필요한 만큼 준비 | 식생활지침 5: 위생적으로, 필요한 만큼 준비하자",2005,2009,"2005,2007,2008,2009",basic_db,4,2,normalized_label,needs_review,
KNHANES,high,KNHANES,LK_GD_P6,LK_GD_P6 | LK_gd_p6,LK_GD_P6 | LK_gd_p6,식생활지침 6: 밥을 주식으로 하는 우리 식생활을 즐기자 | 식생활지침 6: 우리 식생활 즐기기 | 식생활지침 6: 우리 식생활 즐기기,2005,2009,"2005,2007,2008,2009",basic_db,4,2,normalized_label,needs_review,
KNHANES,high,KNHANES,LK_GD_P7,LK_GD_P7 | LK_gd_p7,LK_GD_P7 | LK_gd_p7,식생활지침 7: 술의 양 제한 | 식생활지침 7: 술의 양 제한 | 식생활지침 7: 술의 양을 제한하자(만19세이상 응답),2005,2009,"2005,2007,2008,2009",basic_db,4,2,normalized_label,needs_review,
KNHANES,high,KNHANES,LK_LAB,LK_LAB | LK_LB_US | LK_lab,LK_LAB | LK_LB_US | LK_lab,영양표시 이용 여부 | 영양표시 이용여부 | 영양표시 읽는 여부 | 영양표시 읽는 여부 | 영양표시 읽음,2005,2024,"2005,2007,2008,2009,2010,2011,2012,2013,2014,2015,2016,2017,2018,2019,2020,2021,2022,2023,2024",basic_db,19,3,normalized_label | normalized_name,needs_review,
KNHANES,medium,KNHANES,LK_LB_CO,LK_LB_CO,LK_LB_CO,영양표시 인지 여부 | 영양표시 인지여부,2010,2024,"2010,2011,2012,2013,2014,2015,2016,2017,2018,2019,2020,2021,2022,2023,2024",basic_db,15,1,normalized_label,needs_review,
KNHANES,high,KNHANES,LK_LB_EF,LK_LB_EF | LK_lb_ef,LK_LB_EF | LK_lb_ef,영양표시 영향 여부 | 영양표시 영향여부 | 영양표시 영향여부,2005,2024,"2005,2007,2008,2009,2010,2011,2012,2013,2014,2015,2016,2017,2018,2019,2020,2021,2022,2023,2024",basic_db,19,2,normalized_label,needs_review,
KNHANES,high,KNHANES,LK_LB_IT,LK_LB_IT | LK_lb_it,LK_LB_IT | LK_lb_it,영양표시 중 관심 영양소 | 영양표시 중 관심영양소 | 영양표시 중 관심영양소,2005,2024,"2005,2007,2008,2009,2010,2011,2012,2013,2014,2015,2016,2017,2018,2019,2020,2021,2022,2023,2024",basic_db,19,2,normalized_label,needs_review,
KNHANES,high,KNHANES,LQ4_00,LQ4_00,LQ4_00,일상생활 및 사회생활에서의 활동제한 유무 | 활동제한 여부 | 활동제한여부,2005,2024,"2005,2007,2008,2009,2010,2011,2012,2013,2014,2015,2016,2017,2018,2019,2020,2021,2022,2023,2024",basic_db,19,1,normalized_label,needs_review,
KNHANES,high,KNHANES,LQ4_01,LQ4_01,LQ4_01,"활동제한 사유 : 골절, 관절부상 | 활동제한 사유: 골절, 관절부상 | 활동제한 원인-골절,관절부상 | 활동제한사유_골절, 관절부상",2005,2024,"2005,2007,2008,2009,2010,2011,2012,2013,2014,2015,2016,2017,2018,2019,2020,2021,2022,2024",basic_db,18,1,normalized_label,needs_review,
KNHANES,high,KNHANES,LQ4_02,LQ4_02,LQ4_02,활동제한 사유 : 기타 사고 | 활동제한 사유: 기타 손상 | 활동제한 사유:기타 손상 | 활동제한 원인-기타 사고 | 활동제한사유_기타사고,2005,2024,"2005,2007,2008,2009,2010,2011,2012,2013,2014,2015,2016,2017,2018,2019,2020,2021,2022,2024",basic_db,18,1,normalized_label,needs_review,
KNHANES,high,KNHANES,LQ4_03,LQ4_03,LQ4_03,"(성인) 활동제한 사유: 관절염, 류마티즘 | 활동제한 사유: 관절염, 류마티즘 | 활동제한 원인-관절염 | 활동제한사유_관절염, 류마티즘",2005,2024,"2005,2007,2008,2009,2010,2011,2012,2013,2014,2015,2016,2017,2018,2019,2020,2021,2022,2024",basic_db,18,1,normalized_label,needs_review,
KNHANES,high,KNHANES,LQ4_04,LQ4_04,LQ4_04,활동제한 사유 : 심장질환 | 활동제한 사유: 심장질환 | 활동제한 원인-심장질환 | 활동제한사유_심장질환,2005,2024,"2005,2007,2008,2009,2010,2011,2012,2013,2014,2015,2016,2017,2018,2019,2020,2021,2022,2024",basic_db,18,1,normalized_label,needs_review,
KNHANES,high,KNHANES,LQ4_05,LQ4_05,LQ4_05,"활동제한 사유 : 호흡문제, 폐질환, 천식 | 활동제한 사유: 호흡문제, 폐질환, 천식 | 활동제한 원인-호흡,폐,천식 | 활동제한사유_호흡문제, 폐질환, 천식",2005,2024,"2005,2007,2008,2009,2010,2011,2012,2013,2014,2015,2016,2017,2018,2019,2020,2021,2022,2024",basic_db,18,1,normalized_label,needs_review,
KNHANES,high,KNHANES,LQ4_06,LQ4_06,LQ4_06,(성인) 활동제한 사유 : 뇌졸중 | (성인) 활동제한 사유: 뇌졸중 | 활동제한 사유: 뇌졸중 | 활동제한 원인-뇌졸중 | 활동제한사유_뇌졸중,2005,2024,"2005,2007,2008,2009,2010,2011,2012,2013,2014,2015,2016,2017,2018,2019,2020,2021,2022,2024",basic_db,18,1,normalized_label,needs_review,
KNHANES,high,KNHANES,LQ4_07,LQ4_07,LQ4_07,(성인) 활동제한 사유 : 당뇨병 | (성인) 활동제한 사유: 당뇨병 | 활동제한 사유: 당뇨병 | 활동제한 원인-당뇨병 | 활동제한사유_당뇨병,2005,2024,"2005,2007,2008,2009,2010,2011,2012,2013,2014,2015,2016,2017,2018,2019,2020,2021,2022,2024",basic_db,18,1,normalized_label,needs_review,
KNHANES,high,KNHANES,LQ4_08,LQ4_08,LQ4_08,(성인) 활동제한 사유 : 고혈압 | (성인) 활동제한 사유: 고혈압 | 활동제한 사유: 고혈압 | 활동제한 원인-고혈압 | 활동제한사유_고혈압,2005,2024,"2005,2007,2008,2009,2010,2011,2012,2013,2014,2015,2016,2017,2018,2019,2020,2021,2022,2024",basic_db,18,1,normalized_label,needs_review,
KNHANES,high,KNHANES,LQ4_09,LQ4_09,LQ4_09,"(성인) 활동제한 사유 : 등, 목의 문제 | (성인) 활동제한 사유: 등, 목의 문제 | 활동제한 사유: 등, 목의 문제 | 활동제한 원인-등,목의 문제 | 활동제한사유_등, 목의 문제",2005,2024,"2005,2007,2008,2009,2010,2011,2012,2013,2014,2015,2016,2017,2018,2019,2020,2021,2022,2024",basic_db,18,1,normalized_label,needs_review,
KNHANES,high,KNHANES,LQ4_10,LQ4_10,LQ4_10,(성인) 활동제한 사유 : 암 | (성인) 활동제한 사유: 암 | 활동제한 사유: 암 | 활동제한 원인-암 | 활동제한사유_암,2005,2024,"2005,2007,2008,2009,2010,2011,2012,2013,2014,2015,2016,2017,2018,2019,2020,2021,2022,2024",basic_db,18,1,normalized_label,needs_review,
KNHANES,high,KNHANES,LQ4_11,LQ4_11,LQ4_11,"활동제한 사유 : 치아 및 구강질환 | 활동제한 사유: 치아 및 구강질환 | 활동제한 원인-치아,구강질환 | 활동제한사유_치아 및 구강질환",2005,2024,"2005,2007,2008,2009,2010,2011,2012,2013,2014,2015,2016,2017,2018,2019,2020,2021,2022,2024",basic_db,18,1,normalized_label,needs_review,
KNHANES,high,KNHANES,LQ4_12,LQ4_12,LQ4_12,활동제한 사유 : 시력문제 | 활동제한 사유: 시력문제 | 활동제한 원인-시력문제 | 활동제한사유_시력문제,2005,2024,"2005,2007,2008,2009,2010,2011,2012,2013,2014,2015,2016,2017,2018,2019,2020,2021,2022,2024",basic_db,18,1,normalized_label,needs_review,
KNHANES,high,KNHANES,LQ4_13,LQ4_13,LQ4_13,활동제한 사유 : 청각문제 | 활동제한 사유: 청각문제 | 활동제한 원인-청력문제 | 활동제한사유_청각문제,2005,2024,"2005,2007,2008,2009,2010,2011,2012,2013,2014,2015,2016,2017,2018,2019,2020,2021,2022,2024",basic_db,18,1,normalized_label,needs_review,
KNHANES,high,KNHANES,LQ4_14,LQ4_14,LQ4_14,(성인) 활동제한 사유 : 치매 | (성인) 활동제한 사유: 치매 | 활동제한 사유: 치매 | 활동제한 원인-치매 | 활동제한사유_치매,2005,2024,"2005,2007,2008,2009,2010,2011,2012,2013,2014,2015,2016,2017,2018,2019,2020,2021,2022,2024",basic_db,18,1,normalized_label,needs_review,
KNHANES,high,KNHANES,LQ4_15,LQ4_15,LQ4_15,"활동제한 사유 : 우울/불안/정서상 문제 | 활동제한 사유: 우울, 불안, 정서상 문제 | 활동제한 사유: 우울/불안/정서상 문제 | 활동제한 원인-우울,불안,정서 문제 | 활동제한사유_우울/불안/정서상 문제",2005,2024,"2005,2007,2008,2009,2010,2011,2012,2013,2014,2015,2016,2017,2018,2019,2020,2021,2022,2024",basic_db,18,1,normalized_label,needs_review,
KNHANES,high,KNHANES,LQ4_16,LQ4_16,LQ4_16,활동제한 사유 : 정신지체 | 활동제한 사유: 정신지체 | 활동제한 원인-정신지체 | 활동제한사유_정신지체,2005,2024,"2005,2007,2008,2009,2010,2011,2012,2013,2014,2015,2016,2017,2018,2019,2020,2021,2022,2024",basic_db,18,1,normalized_label,needs_review,
KNHANES,high,KNHANES,LQ4_17,LQ4_17,LQ4_17,(소아청소년) 활동제한 사유 : 언어문제 | (소아청소년)활동제한사유_언어문제 | (청소년) 활동제한 사유 : 언어문제 | (청소년) 활동제한 사유: 언어문제 | 활동제한 원인-언어문제,2005,2021,"2005,2007,2008,2009,2010,2011,2012,2013,2014,2015,2016,2017,2018,2019,2020,2021",basic_db,16,1,normalized_label,needs_review,
KNHANES,high,KNHANES,LQ4_18,LQ4_18,LQ4_18,(소아청소년) 활동제한 사유 : 경련/간질 | (소아청소년)활동제한사유_경련/간질 | (청소년) 활동제한 사유 : 경련/간질 | (청소년) 활동제한 사유: 경련/간질 | 활동제한 원인-경련/간질,2005,2021,"2005,2007,2008,2009,2010,2011,2012,2013,2014,2015,2016,2017,2018,2019,2020,2021",basic_db,16,1,normalized_label,needs_review,
KNHANES,high,KNHANES,LQ4_19,LQ4_19,LQ4_19,(소아청소년) 활동제한 사유 : 기타발달장애 | (소아청소년)활동제한사유_기타발달장애 | (청소년) 활동제한 사유 : 기타발달장애 | (청소년) 활동제한 사유: 기타발달장애 | 활동제한 원인-기타 발달장애,2005,2021,"2005,2007,2008,2009,2010,2011,2012,2013,2014,2015,2016,2017,2018,2019,2020,2021",basic_db,16,1,normalized_label,needs_review,
KNHANES,high,KNHANES,LQ4_20,LQ4_20,LQ4_20,(소아청소년) 활동제한 사유 : 주의력결핍 및 과잉행동 | (소아청소년)활동제한사유_주의력결핍 및 과잉행동 | (청소년) 활동제한 사유 : 주의력결핍 및 과잉행동 | (청소년) 활동제한 사유: 주의력결핍 및 과잉행동 | 활동제한 원인-주의력결핍과잉행동장애,2005,2021,"2005,2007,2008,2009,2010,2011,2012,2013,2014,2015,2016,2017,2018,2019,2020,2021",basic_db,16,1,normalized_label,needs_review,
KNHANES,high,KNHANES,LQ4_21,LQ4_21,LQ4_21,(성인) 활동제한 사유 : 비만 | (성인) 활동제한 사유: 비만 | 활동제한 사유 : 비만 | 활동제한 사유: 비만 | 활동제한 원인-비만 | 활동제한사유_비만,2005,2024,"2005,2007,2008,2009,2010,2011,2012,2013,2014,2015,2016,2017,2018,2019,2020,2021,2022,2024",basic_db,18,1,normalized_label,needs_review,
KNHANES,high,KNHANES,LQ4_22,LQ4_22,LQ4_22,(성인) 활동제한 사유 : 노령 | (성인) 활동제한 사유: 노령 | 활동제한 사유 : 노령 | 활동제한 사유: 노령 | 활동제한 원인-노령 | 활동제한사유_노령,2005,2024,"2005,2007,2008,2009,2010,2011,2012,2013,2014,2015,2016,2017,2018,2019,2020,2021,2022,2024",basic_db,18,1,normalized_label,needs_review,
KNHANES,high,KNHANES,LQ4_23,LQ4_23,LQ4_23,활동제한 사유 :  기타 | 활동제한 사유 : 기타 | 활동제한 사유: 기타 | 활동제한 원인-기타 | 활동제한사유_기타,2005,2024,"2005,2007,2008,2009,2010,2011,2012,2013,2014,2015,2016,2017,2018,2019,2020,2021,2022,2024",basic_db,18,1,normalized_label,needs_review,
KNHANES,high,KNHANES,LQ4_24,LQ4_24,LQ4_24,활동제한 사유 :  기타 상세 | 활동제한 사유 : 기타 상세 | 활동제한 사유 : 기타상세 | 활동제한 사유: 기타상세 | 활동제한사유_기타상세,2007,2024,"2007,2008,2009,2010,2011,2012,2013,2014,2015,2016,2017,2018,2019,2020,2021,2022,2024",basic_db,17,1,normalized_label,needs_review,
KNHANES,high,KNHANES,LQ4_25,LQ4_25,LQ4_25,(성인) 활동제한 사유 : 신부전증 | (성인) 활동제한 사유: 신부전증 | 활동제한 사유(성인): 신부전 | 활동제한 사유: 신부전 | 활동제한 사유: 신부전증,2016,2024,"2016,2017,2018,2019,2020,2021,2022,2024",basic_db,8,1,normalized_label,needs_review,
KNHANES,high,KNHANES,LQ4_26,LQ4_26,LQ4_26,(성인) 활동제한 사유 : 어지럼증 | (성인) 활동제한 사유: 어지럼증 | 활동제한 사유: 어지럼증,2016,2024,"2016,2017,2018,2019,2020,2021,2022,2024",basic_db,8,1,normalized_label,needs_review,
KNHANES,high,KNHANES,LQ4_27,LQ4_27,LQ4_27,(성인) 활동제한 사유 : 위장장애 | (성인) 활동제한 사유: 위장장애 | 활동제한 사유: 위장장애,2016,2024,"2016,2017,2018,2019,2020,2021,2022,2024",basic_db,8,1,normalized_label,needs_review,
KNHANES,high,KNHANES,LQ4_29,LQ4_29,LQ4_29,(성인) 활동제한 사유 : 두통 | (성인) 활동제한 사유: 두통 | 활동제한 사유: 두통,2016,2024,"2016,2017,2018,2019,2020,2021,2022,2024",basic_db,8,1,normalized_label,needs_review,
KNHANES,high,KNHANES,LQ_1EQL,LQ_1EQL,LQ_1EQL,EuroQoL : 운동능력 | EuroQoL-운동능력 | EuroQoL: 운동능력,2005,2024,"2005,2007,2008,2009,2010,2011,2012,2013,2014,2015,2016,2017,2018,2019,2020,2022,2024",basic_db,17,1,normalized_label,needs_review,
KNHANES,medium,KNHANES,LQ_1HT,LQ_1HT,LQ_1HT,HINT-8 : 계단오르기 | HINT-8: 계단오르기,2019,2023,"2019,2021,2023",basic_db,3,1,normalized_label,needs_review,
KNHANES,high,KNHANES,LQ_2EQL,LQ_2EQL,LQ_2EQL,EuroQoL : 자기관리 | EuroQoL-자기관리 | EuroQoL: 자기관리,2005,2024,"2005,2007,2008,2009,2010,2011,2012,2013,2014,2015,2016,2017,2018,2019,2020,2022,2024",basic_db,17,1,normalized_label,needs_review,
KNHANES,medium,KNHANES,LQ_2HT,LQ_2HT,LQ_2HT,HINT-8 : 통증 | HINT-8: 통증,2019,2023,"2019,2021,2023",basic_db,3,1,normalized_label,needs_review,
KNHANES,high,KNHANES,LQ_3EQL,LQ_3EQL,LQ_3EQL,EuroQoL : 일상활동 | EuroQoL-일상활동 | EuroQoL: 일상활동,2005,2024,"2005,2007,2008,2009,2010,2011,2012,2013,2014,2015,2016,2017,2018,2019,2020,2022,2024",basic_db,17,1,normalized_label,needs_review,
KNHANES,medium,KNHANES,LQ_3HT,LQ_3HT,LQ_3HT,HINT-8 : 기운 | HINT-8: 기운,2019,2023,"2019,2021,2023",basic_db,3,1,normalized_label,needs_review,
KNHANES,high,KNHANES,LQ_4EQL,LQ_4EQL,LQ_4EQL,"EuroQoL : 통증/불편 | EuroQoL-통증/불편감 | EuroQoL: 통증, 불편 | EuroQoL: 통증/불편 | EuroQoL: 통증불편",2005,2024,"2005,2007,2008,2009,2010,2011,2012,2013,2014,2015,2016,2017,2018,2019,2020,2022,2024",basic_db,17,1,normalized_label,needs_review,
KNHANES,medium,KNHANES,LQ_4HT,LQ_4HT,LQ_4HT,HINT-8 : 일하기 | HINT-8: 일하기,2019,2023,"2019,2021,2023",basic_db,3,1,normalized_label,needs_review,
KNHANES,high,KNHANES,LQ_5EQL,LQ_5EQL,LQ_5EQL,"EuroQoL : 불안/우울 | EuroQoL-불안/우울 | EuroQoL: 불안, 우울 | EuroQoL: 불안/우울 | EuroQoL: 불안우울",2005,2024,"2005,2007,2008,2009,2010,2011,2012,2013,2014,2015,2016,2017,2018,2019,2020,2022,2024",basic_db,17,1,normalized_label,needs_review,
KNHANES,medium,KNHANES,LQ_5HT,LQ_5HT,LQ_5HT,HINT-8 : 우울 | HINT-8: 우울,2019,2023,"2019,2021,2023",basic_db,3,1,normalized_label,needs_review,
KNHANES,medium,KNHANES,LQ_6HT,LQ_6HT,LQ_6HT,HINT-8 : 기억 | HINT-8: 기억,2019,2023,"2019,2021,2023",basic_db,3,1,normalized_label,needs_review,
KNHANES,medium,KNHANES,LQ_7HT,LQ_7HT,LQ_7HT,HINT-8 : 잠자기 | HINT-8: 잠자기,2019,2023,"2019,2021,2023",basic_db,3,1,normalized_label,needs_review,
KNHANES,medium,KNHANES,LQ_8HT,LQ_8HT,LQ_8HT,HINT-8 : 행복 | HINT-8: 행복,2019,2023,"2019,2021,2023",basic_db,3,1,normalized_label,needs_review,
KNHANES,high,KNHANES,LQ_VAS,LQ_VAS,LQ_VAS,EuroQoL : VAS | EuroQoL-VAS | EuroQoL: VAS,2005,2012,"2005,2007,2008,2009,2010,2011,2012",basic_db,7,1,normalized_label,needs_review,
KNHANES,medium,KNHANES,LS_COMP1,LS_COMP1 | LS_comp1,LS_COMP1 | LS_comp1,식이보충제 제조회사명1,2005,2009,"2005,2007,2008,2009",basic_db,4,2,normalized_label,needs_review,
KNHANES,medium,KNHANES,LS_COMP2,LS_COMP2 | LS_comp2,LS_COMP2 | LS_comp2,식이보충제 제조회사명2,2005,2009,"2005,2007,2008,2009",basic_db,4,2,normalized_label,needs_review,
KNHANES,medium,KNHANES,LS_COMP3,LS_COMP3 | LS_comp3,LS_COMP3 | LS_comp3,식이보충제 제조회사명3,2005,2009,"2005,2007,2008,2009",basic_db,4,2,normalized_label,needs_review,
KNHANES,medium,KNHANES,LS_COMP4,LS_COMP4 | LS_comp4,LS_COMP4 | LS_comp4,식이보충제 제조회사명4,2005,2009,"2005,2007,2008,2009",basic_db,4,2,normalized_label,needs_review,
KNHANES,medium,KNHANES,LS_DUR1,LS_DUR1 | LS_dur1,LS_DUR1 | LS_dur1,식이보충제 복용기간1,2005,2009,"2005,2007,2008,2009",basic_db,4,2,normalized_label,needs_review,
KNHANES,medium,KNHANES,LS_DUR2,LS_DUR2 | LS_dur2,LS_DUR2 | LS_dur2,식이보충제 복용기간2,2005,2009,"2005,2007,2008,2009",basic_db,4,2,normalized_label,needs_review,
KNHANES,medium,KNHANES,LS_DUR3,LS_DUR3 | LS_dur3,LS_DUR3 | LS_dur3,식이보충제 복용기간3,2005,2009,"2005,2007,2008,2009",basic_db,4,2,normalized_label,needs_review,
KNHANES,medium,KNHANES,LS_DUR4,LS_DUR4 | LS_dur4,LS_DUR4 | LS_dur4,식이보충제 복용기간4,2005,2009,"2005,2007,2008,2009",basic_db,4,2,normalized_label,needs_review,
KNHANES,medium,KNHANES,LS_FQ1,LS_FQ1 | LS_fq1,LS_FQ1 | LS_fq1,식이보충제 복용횟수1,2005,2009,"2005,2007,2008,2009",basic_db,4,2,normalized_label,needs_review,
KNHANES,medium,KNHANES,LS_FQ2,LS_FQ2 | LS_fq2,LS_FQ2 | LS_fq2,식이보충제 복용횟수2,2005,2009,"2005,2007,2008,2009",basic_db,4,2,normalized_label,needs_review,
KNHANES,medium,KNHANES,LS_FQ3,LS_FQ3 | LS_fq3,LS_FQ3 | LS_fq3,식이보충제 복용횟수3,2005,2009,"2005,2007,2008,2009",basic_db,4,2,normalized_label,needs_review,
KNHANES,medium,KNHANES,LS_FQ4,LS_FQ4 | LS_fq4,LS_FQ4 | LS_fq4,식이보충제 복용횟수4,2005,2009,"2005,2007,2008,2009",basic_db,4,2,normalized_label,needs_review,
KNHANES,high,KNHANES,LS_FUN,LS_FUN | LS_fun,LS_FUN | LS_fun,건강기능식품 복용 | 건강기능식품 복용 | 건강기능식품 복용여부,2005,2009,"2005,2007,2008,2009",basic_db,4,2,normalized_label,needs_review,
KNHANES,medium,KNHANES,LS_KIND1,LS_KIND1 | LS_kind1,LS_KIND1 | LS_kind1,식이보충제 종류1,2005,2009,"2005,2007,2008,2009",basic_db,4,2,normalized_label,needs_review,
KNHANES,medium,KNHANES,LS_KIND2,LS_KIND2 | LS_kind2,LS_KIND2 | LS_kind2,식이보충제 종류2,2005,2009,"2005,2007,2008,2009",basic_db,4,2,normalized_label,needs_review,
KNHANES,medium,KNHANES,LS_KIND3,LS_KIND3 | LS_kind3,LS_KIND3 | LS_kind3,식이보충제 종류3,2005,2009,"2005,2007,2008,2009",basic_db,4,2,normalized_label,needs_review,
KNHANES,medium,KNHANES,LS_KIND4,LS_KIND4 | LS_kind4,LS_KIND4 | LS_kind4,식이보충제 종류4,2005,2009,"2005,2007,2008,2009",basic_db,4,2,normalized_label,needs_review,
KNHANES,medium,KNHANES,LS_NAME1,LS_NAME1 | LS_name1,LS_NAME1 | LS_name1,식이보충제 제품명1,2005,2009,"2005,2007,2008,2009",basic_db,4,2,normalized_label,needs_review,
KNHANES,medium,KNHANES,LS_NAME2,LS_NAME2 | LS_name2,LS_NAME2 | LS_name2,식이보충제 제품명2,2005,2009,"2005,2007,2008,2009",basic_db,4,2,normalized_label,needs_review,
KNHANES,medium,KNHANES,LS_NAME3,LS_NAME3 | LS_name3,LS_NAME3 | LS_name3,식이보충제 제품명3,2005,2009,"2005,2007,2008,2009",basic_db,4,2,normalized_label,needs_review,
KNHANES,medium,KNHANES,LS_NAME4,LS_NAME4 | LS_name4,LS_NAME4 | LS_name4,식이보충제 제품명4,2005,2009,"2005,2007,2008,2009",basic_db,4,2,normalized_label,needs_review,
KNHANES,high,KNHANES,LS_QN_A1,LS_QN_A1 | LS_qn_a1,LS_QN_A1 | LS_qn_a1,식이보충제 1회 복용종류1 | 식이보충제 1회복용종류1 | 식이보충제 1회복용종류1,2005,2009,"2005,2007,2008,2009",basic_db,4,2,normalized_label,needs_review,
KNHANES,high,KNHANES,LS_QN_A2,LS_QN_A2 | LS_qn_a2,LS_QN_A2 | LS_qn_a2,식이보충제 1회 복용종류2 | 식이보충제 1회복용종류2 | 식이보충제 1회복용종류2,2005,2009,"2005,2007,2008,2009",basic_db,4,2,normalized_label,needs_review,
KNHANES,high,KNHANES,LS_QN_A3,LS_QN_A3 | LS_qn_a3,LS_QN_A3 | LS_qn_a3,식이보충제 1회 복용종류3 | 식이보충제 1회복용종류3 | 식이보충제 1회복용종류3,2005,2009,"2005,2007,2008,2009",basic_db,4,2,normalized_label,needs_review,
KNHANES,high,KNHANES,LS_QN_A4,LS_QN_A4 | LS_qn_a4,LS_QN_A4 | LS_qn_a4,식이보충제 1회 복용종류4 | 식이보충제 1회복용종류4 | 식이보충제 1회복용종류4,2005,2009,"2005,2007,2008,2009",basic_db,4,2,normalized_label,needs_review,
KNHANES,high,KNHANES,LS_QN_B1,LS_QN_B1 | LS_qn_b1,LS_QN_B1 | LS_qn_b1,식이보충제 1회 복용분량1 | 식이보충제 1회복용분량1 | 식이보충제 1회복용분량1,2005,2009,"2005,2007,2008,2009",basic_db,4,2,normalized_label,needs_review,
KNHANES,high,KNHANES,LS_QN_B2,LS_QN_B2 | LS_qn_b2,LS_QN_B2 | LS_qn_b2,식이보충제 1회 복용분량2 | 식이보충제 1회복용분량2 | 식이보충제 1회복용분량2,2005,2009,"2005,2007,2008,2009",basic_db,4,2,normalized_label,needs_review,
KNHANES,high,KNHANES,LS_QN_B3,LS_QN_B3 | LS_qn_b3,LS_QN_B3 | LS_qn_b3,식이보충제 1회 복용분량3 | 식이보충제 1회복용분량3 | 식이보충제 1회복용분량3,2005,2009,"2005,2007,2008,2009",basic_db,4,2,normalized_label,needs_review,
KNHANES,high,KNHANES,LS_QN_B4,LS_QN_B4 | LS_qn_b4,LS_QN_B4 | LS_qn_b4,식이보충제 1회 복용분량4 | 식이보충제 1회복용분량4 | 식이보충제 1회복용분량4,2005,2009,"2005,2007,2008,2009",basic_db,4,2,normalized_label,needs_review,
KNHANES,medium,KNHANES,LS_TYPE1,LS_TYPE1 | LS_type1,LS_TYPE1 | LS_type1,식이보충제 제품유형1,2005,2009,"2005,2007,2008,2009",basic_db,4,2,normalized_label,needs_review,
KNHANES,medium,KNHANES,LS_TYPE2,LS_TYPE2 | LS_type2,LS_TYPE2 | LS_type2,식이보충제 제품유형2,2005,2009,"2005,2007,2008,2009",basic_db,4,2,normalized_label,needs_review,
KNHANES,medium,KNHANES,LS_TYPE3,LS_TYPE3 | LS_type3,LS_TYPE3 | LS_type3,식이보충제 제품유형3,2005,2009,"2005,2007,2008,2009",basic_db,4,2,normalized_label,needs_review,
KNHANES,medium,KNHANES,LS_TYPE4,LS_TYPE4 | LS_type4,LS_TYPE4 | LS_type4,식이보충제 제품유형4,2005,2009,"2005,2007,2008,2009",basic_db,4,2,normalized_label,needs_review,
KNHANES,high,KNHANES,LS_VIT,LS_VIT | LS_vit,LS_VIT | LS_vit,비타민 또는 무기질제 복용여부 | 비타민/무기질 복용 | 비타민/무기질 복용,2001,2009,"2001,2005,2007,2008,2009",basic_db,5,2,normalized_label,needs_review,
KNHANES,medium,KNHANES,LW_ms_r3,LW_ms_r1_e | LW_ms_r3,LW_ms_r1_e | LW_ms_r3,(청소년)월경 규칙성여부 기타,2010,2012,"2010,2011,2012",basic_db,3,2,normalized_label,needs_review,
KNHANES,high,KNHANES,LW_mt,LW_mt,LW_mt,(만15세이상) 출산경험 | (만15세이상)출산경험 | 출산경험,2010,2024,"2010,2011,2012,2013,2014,2015,2016,2017,2018,2019,2020,2021,2022,2023,2024",basic_db,15,1,normalized_label,needs_review,
KNHANES,high,KNHANES,LW_mt_a1,LW_mt_a1,LW_mt_a1,(만15세이상) 첫 출산연령 | (만15세이상)첫 출산연령 | 첫 출산연령,2010,2024,"2010,2011,2012,2013,2014,2015,2016,2017,2018,2019,2020,2021,2022,2023,2024",basic_db,15,1,normalized_label,needs_review,
KNHANES,high,KNHANES,LW_mt_a2,LW_mt_a2,LW_mt_a2,(만15세이상) 마지막 출산연령 | (만15세이상)마지막 출산연령 | 마지막 출산연령,2010,2024,"2010,2011,2012,2013,2014,2015,2016,2017,2018,2019,2020,2021,2022,2023,2024",basic_db,15,1,normalized_label,needs_review,
KNHANES,high,KNHANES,LW_oc,HS_CONT | HW_OC_YN | LW_oc,HS_CONT | HW_OC_YN | LW_oc,경구 피임약 복용 여부 | 경구피임약 복용여부,2005,2024,"2005,2007,2008,2009,2010,2011,2012,2013,2014,2015,2016,2017,2018,2019,2020,2021,2022,2023,2024",basic_db,19,3,normalized_label,needs_review,
KNHANES,high,KNHANES,LW_pr_1,HW_PG_FQ | LW_pr_1,HW_PG_FQ | LW_pr_1,(만15세이상) 임신횟수 | (만15세이상)임신횟수 | 임신횟수 | 임신횟수,2007,2024,"2007,2008,2009,2010,2011,2012,2013,2014,2015,2016,2017,2018,2019,2020,2021,2022,2023,2024",basic_db,18,2,normalized_label,needs_review,
KNHANES,medium,KNHANES,LW_pr_2,HS_NABOR | LW_pr_2,HS_NABOR | LW_pr_2,자연유산 횟수,2005,2012,"2005,2010,2011,2012",basic_db,4,2,normalized_label,needs_review,
KNHANES,medium,KNHANES,LW_pr_3,HS_AABOR | LW_pr_3,HS_AABOR | LW_pr_3,인공유산 횟수,2005,2012,"2005,2010,2011,2012",basic_db,4,2,normalized_label,needs_review,
KNHANES,high,KNHANES,LW_wh,HW_EST | LW_wh,HW_EST | LW_wh,여성호르몬제 복용경험 | 여성호르몬제 복용여부 | 여성호르몬제 복용여부,2007,2024,"2007,2008,2009,2010,2011,2012,2024",basic_db,7,2,normalized_label,needs_review,
KNHANES,high,KNHANES,L_BR,L_BR,L_BR,식품섭취조사 1일 전 아침결식 여부 | 식품섭취조사 1일 전 아침결식여부 | 식품섭취조사 1일전 아침결식여부 | 식품섭취조사 2일 전 아침결식 여부,2013,2024,"2013,2014,2015,2016,2017,2018,2019,2020,2021,2022,2023,2024",basic_db,12,1,normalized_label,needs_review,
KNHANES,high,KNHANES,L_BR1,L_BR1 | L_br1,L_BR1 | L_br1,1일전 아침식사 | 1일전 아침식사 | 조사 1일전 아침식사 섭취여부,2001,2012,"2001,2005,2007,2008,2009,2010,2011,2012",basic_db,8,2,normalized_label,needs_review,
KNHANES,high,KNHANES,L_BR2,L_BR2 | L_br2,L_BR2 | L_br2,2일전 아침식사 | 2일전 아침식사 | 조사 2일전 아침식사 섭취여부,2001,2012,"2001,2005,2007,2008,2009,2010,2011,2012",basic_db,8,2,normalized_label,needs_review,
KNHANES,high,KNHANES,L_BR_FAM,L_BR_FAM | L_br_fam,L_BR_FAM | L_br_fam,가족과 아침식사 | 가족과 아침식사 | 가족과 함께 아침식사여부,2005,2012,"2005,2007,2008,2009,2010,2011,2012",basic_db,7,2,normalized_label,needs_review,
KNHANES,high,KNHANES,L_BR_TO,L_BR_TO,L_BR_TO,아침식사 동반여부 | 최근 1년 동안 아침식사 시 가족 및 가족 외 사람과의 동반 여부 | 최근 1년 동안 아침식사 시 가족 및 가족 외 사람과의 동반여부,2013,2024,"2013,2014,2015,2016,2017,2018,2019,2020,2021,2022,2023,2024",basic_db,12,1,normalized_label,needs_review,
KNHANES,high,KNHANES,L_BR_WHO,L_BR_WHO,L_BR_WHO,아침식사 동반대상 | 최근 1년 동안 아침식사 시 동반 대상 | 최근 1년 동안 아침식사 시 동반대상,2013,2024,"2013,2014,2015,2016,2017,2018,2019,2020,2021,2022,2023,2024",basic_db,12,1,normalized_label,needs_review,
KNHANES,high,KNHANES,L_DN,L_DN,L_DN,식품섭취조사 1일 전 저녁결식 여부 | 식품섭취조사 1일 전 저녁결식여부 | 식품섭취조사 1일전 저녁결식여부 | 식품섭취조사 2일 전 저녁결식 여부,2013,2024,"2013,2014,2015,2016,2017,2018,2019,2020,2021,2022,2023,2024",basic_db,12,1,normalized_label,needs_review,
KNHANES,high,KNHANES,L_DN1,L_DN1 | L_dn1,L_DN1 | L_dn1,1일전 저녁식사 | 1일전 저녁식사 | 조사 1일전 저녁식사 섭취여부,2001,2012,"2001,2005,2007,2008,2009,2010,2011,2012",basic_db,8,2,normalized_label,needs_review,
KNHANES,high,KNHANES,L_DN2,L_DN2 | L_dn2,L_DN2 | L_dn2,2일전 저녁식사 | 2일전 저녁식사 | 조사 2일전 저녁식사 섭취여부,2001,2012,"2001,2005,2007,2008,2009,2010,2011,2012",basic_db,8,2,normalized_label,needs_review,
KNHANES,high,KNHANES,L_DN_FAM,L_DN_FAM | L_dn_fam,L_DN_FAM | L_dn_fam,가족과 저녁식사 | 가족과 저녁식사 | 가족과 함께 저녁식사여부,2005,2012,"2005,2007,2008,2009,2010,2011,2012",basic_db,7,2,normalized_label,needs_review,
KNHANES,high,KNHANES,L_DN_TO,L_DN_TO,L_DN_TO,저녁식사 동반여부 | 최근 1년 동안 저녁식사 시 가족 및 가족 외 사람과의 동반 여부 | 최근 1년 동안 저녁식사 시 가족 및 가족 외 사람과의 동반여부,2013,2024,"2013,2014,2015,2016,2017,2018,2019,2020,2021,2022,2023,2024",basic_db,12,1,normalized_label,needs_review,
KNHANES,high,KNHANES,L_DN_WHO,L_DN_WHO,L_DN_WHO,저녁식사 동반대상 | 최근 1년 동안 저녁식사 시 동반 대상 | 최근 1년 동안 저녁식사 시 동반대상,2013,2024,"2013,2014,2015,2016,2017,2018,2019,2020,2021,2022,2023,2024",basic_db,12,1,normalized_label,needs_review,
KNHANES,high,KNHANES,L_LN,L_LN,L_LN,식품섭취조사 1일 전 점심결식 여부 | 식품섭취조사 1일 전 점심결식여부 | 식품섭취조사 1일전 점심결식여부 | 식품섭취조사 2일 전 점심결식 여부,2013,2024,"2013,2014,2015,2016,2017,2018,2019,2020,2021,2022,2023,2024",basic_db,12,1,normalized_label,needs_review,
KNHANES,high,KNHANES,L_LN1,L_LN1 | L_ln1,L_LN1 | L_ln1,1일전 점심식사 | 1일전 점심식사 | 조사 1일전 점심식사 섭취여부,2001,2012,"2001,2005,2007,2008,2009,2010,2011,2012",basic_db,8,2,normalized_label,needs_review,
KNHANES,high,KNHANES,L_LN2,L_LN2 | L_ln2,L_LN2 | L_ln2,2일전 점심식사 | 2일전 점심식사 | 조사 2일전 점심식사 섭취여부,2001,2012,"2001,2005,2007,2008,2009,2010,2011,2012",basic_db,8,2,normalized_label,needs_review,
KNHANES,high,KNHANES,L_LN_FAM,L_LN_FAM | L_ln_fam,L_LN_FAM | L_ln_fam,가족과 점심식사 | 가족과 점심식사 | 가족과 함께 점심식사여부,2005,2012,"2005,2007,2008,2009,2010,2011,2012",basic_db,7,2,normalized_label,needs_review,
KNHANES,high,KNHANES,L_LN_TO,L_LN_TO,L_LN_TO,점심식사 동반여부 | 최근 1년 동안 점심식사 시 가족 및 가족 외 사람과의 동반 여부 | 최근 1년 동안 점심식사 시 가족 및 가족 외 사람과의 동반여부,2013,2024,"2013,2014,2015,2016,2017,2018,2019,2020,2021,2022,2023,2024",basic_db,12,1,normalized_label,needs_review,
KNHANES,high,KNHANES,L_LN_WHO,L_LN_WHO,L_LN_WHO,점심식사 동반대상 | 최근 1년 동안 점심식사 시 동반 대상 | 최근 1년 동안 점심식사 시 동반대상,2013,2024,"2013,2014,2015,2016,2017,2018,2019,2020,2021,2022,2023,2024",basic_db,12,1,normalized_label,needs_review,
KNHANES,high,KNHANES,L_NBR_RS,L_NBR_RS | L_nbr_rs,L_NBR_RS | L_nbr_rs,아침결식이유 | 아침결식이유 | 아침식사를 거르는 경우 결식이유,2005,2009,"2005,2007,2008,2009",basic_db,4,2,normalized_label,needs_review,
KNHANES,high,KNHANES,L_OUT_FQ,L_OUT_FQ | L_out_fq,L_OUT_FQ | L_out_fq,외식 횟수 | 외식횟수 | 최근 1년 동안 평균 외식 빈도 | 외식횟수,1998,2024,"1998,2001,2005,2007,2008,2009,2010,2011,2012,2013,2014,2015,2016,2017,2018,2019,2020,2021,2022,2023,2024",basic_db,21,2,normalized_label,needs_review,
KNHANES,high,KNHANES,L_SNA_FQ,L_SNA_FQ | L_sna_fq,L_SNA_FQ | L_sna_fq,간식 횟수 | 간식회수 | 간식회수 | 간식횟수,1998,2009,"1998,2001,2005,2007,2008,2009",basic_db,6,2,normalized_label,needs_review,
KNHANES,high,KNHANES,MO4_11,MO4_11,MO4_11,"진료항목 : 발치 또는 구강내수술 | 진료항목 : 발치,구강내수술 | 진료항목: 발치 또는 구강내수술 | 진료항목: 발치,구강내수술 | 최근1년간 치과진료-발치/구강내수술",2010,2024,"2010,2011,2012,2013,2014,2015,2016,2017,2018,2019,2020,2021,2022,2023,2024",basic_db,15,1,normalized_label,needs_review,
KNHANES,high,KNHANES,MO4_12,MO4_12,MO4_12,진료항목 : 다쳐서 빠지거나 부러진 치아 치료 | 진료항목 : 다쳐서 빠지거나 부러진치아치료 | 진료항목 : 부러진 치아치료 | 진료항목: 다쳐서 빠지거나 부러진 치아 치료 | 진료항목: 다쳐서 빠지거나 부러진 치아치료 | 진료항목: 부러진 치아치료 | 최근1년간 치과진료-빠진/부러진 치아 치료,2010,2024,"2010,2011,2012,2013,2014,2015,2016,2017,2018,2019,2020,2021,2022,2023,2024",basic_db,15,1,normalized_label,needs_review,
KNHANES,high,KNHANES,MO4_15,MO4_15,MO4_15,진료항목 : 기타 | 진료항목: 기타 | 최근1년간 치과진료-기타,2010,2024,"2010,2011,2012,2013,2014,2015,2016,2017,2018,2019,2020,2021,2022,2023,2024",basic_db,15,1,normalized_label,needs_review,
KNHANES,medium,KNHANES,MO4_17,MO4_17,MO4_17,진료항목 : 예방치료 | 진료항목: 예방치료,2010,2019,"2010,2011,2012,2013,2014,2015,2016,2017,2018,2019",basic_db,10,1,normalized_label,needs_review,
KNHANES,high,KNHANES,MO4_18,MO4_18,MO4_18,"진료항목 : 보철물 제작, 수리 | 진료항목 : 보철물 제작,수리 | 진료항목: 보철물 제작, 수리 | 진료항목: 보철물 제작,수리 | 진료항목: 보철물제작,수리 | 최근1년간 치과진료-보철물 제작/수리",2010,2024,"2010,2011,2012,2013,2014,2015,2016,2017,2018,2019,2020,2021,2022,2023,2024",basic_db,15,1,normalized_label,needs_review,
KNHANES,high,KNHANES,MO4_4,MO4_4,MO4_4,진료항목 : 구강검사 | 진료항목: 구강검사 | 최근1년간 치과진료-정기구강검진,2010,2024,"2010,2011,2012,2013,2014,2015,2016,2017,2018,2019,2020,2021,2022,2023,2024",basic_db,15,1,normalized_label,needs_review,
KNHANES,high,KNHANES,MO4_7,MO4_7,MO4_7,진료항목 : 단순 충치 치료 | 진료항목 : 단순 충치치료 | 진료항목: 단순 충치치료 | 진료항목: 단순충치치료 | 최근1년간 치과진료-충치,2010,2024,"2010,2011,2012,2013,2014,2015,2016,2017,2018,2019,2020,2021,2022,2023,2024",basic_db,15,1,normalized_label,needs_review,
KNHANES,high,KNHANES,MO4_8,MO4_8,MO4_8,진료항목 : 치아신경치료 | 진료항목: 치아신경치료 | 최근1년간 치과진료-치통(신경치료),2010,2024,"2010,2011,2012,2013,2014,2015,2016,2017,2018,2019,2020,2021,2022,2023,2024",basic_db,15,1,normalized_label,needs_review,
KNHANES,high,KNHANES,MO4_9,MO4_9,MO4_9,진료항목 : 잇몸병 치료 | 진료항목: 잇몸병 치료 | 진료항목: 잇몸병치료 | 최근1년간 치과진료-치주질환(잇몸병치료),2010,2024,"2010,2011,2012,2013,2014,2015,2016,2017,2018,2019,2020,2021,2022,2023,2024",basic_db,15,1,normalized_label,needs_review,
KNHANES,high,KNHANES,M_2_yr,M_2_yr | mt_nontrt,M_2_yr | mt_nontrt,연간미충족여부(병의원) | 연간미충족의료율(병의원) | 연간미치료여부(병의원) | 필요 의료서비스 미충족 여부 | 필요 의료서비스 미충족 여부,2010,2024,"2010,2011,2012,2013,2014,2015,2016,2017,2018,2019,2020,2021,2022,2023,2024",basic_db,24,2,normalized_label,needs_review,
KNHANES,high,KNHANES,N_ASH,N_ASH | N_ash | n_ash,N_ASH | N_ash | n_ash,1일 회분섭취량(g) | 회분섭취량(g) | 회분,1998,2012,"1998,2001,2005,2007,2008,2009,2010,2011,2012",basic_db,9,3,normalized_name,needs_review,
KNHANES,high,KNHANES,N_B1,N_B1 | N_b1 | n_b1,N_B1 | N_b1 | n_b1,1일 티아민섭취량(mg) | 티아민 섭취량(mg) | 티아민섭취량(mg) | 티아민,1998,2024,"1998,2001,2005,2007,2008,2009,2010,2011,2012,2013,2014,2015,2016,2017,2018,2019,2020,2021,2022,2023,2024",basic_db,21,3,normalized_label | normalized_name,needs_review,
KNHANES,high,KNHANES,N_B2,N_B2 | N_b2 | n_b2,N_B2 | N_b2 | n_b2,1일 리보플라빈섭취량(mg) | 리보플라빈 섭취량(mg) | 리보플라빈섭취량(mg) | 리보플라빈,1998,2024,"1998,2001,2005,2007,2008,2009,2010,2011,2012,2013,2014,2015,2016,2017,2018,2019,2020,2021,2022,2023,2024",basic_db,21,3,normalized_label | normalized_name,needs_review,
KNHANES,high,KNHANES,N_BFD_Y,N_BFD_Y,N_BFD_Y,모유 수유여부(영유아) | 모유수유 여부(만1~3세) | 모유수유여부(영유아),2010,2024,"2010,2011,2012,2013,2014,2015,2016,2017,2018,2019,2020,2021,2022,2023,2024",basic_db,15,1,normalized_label,needs_review,
KNHANES,high,KNHANES,N_CA,N_CA | N_ca | n_ca,N_CA | N_ca | n_ca,1일 칼슘섭취량(mg) | 칼슘 섭취량(mg) | 칼슘섭취량(mg) | 칼슘,1998,2024,"1998,2001,2005,2007,2008,2009,2010,2011,2012,2013,2014,2015,2016,2017,2018,2019,2020,2021,2022,2023,2024",basic_db,21,3,normalized_label | normalized_name,needs_review,
KNHANES,high,KNHANES,N_CAROT,N_CAROT | N_carot | n_carot,N_CAROT | N_carot | n_carot,1일 카로틴섭취량(μg) | 베타카로틴 섭취량(μg) | 카로틴섭취량(μg) | b-카로틴 | 카로틴 | 카로틴,1998,2024,"1998,2001,2005,2007,2008,2009,2010,2011,2012,2013,2014,2015,2016,2017,2018,2019,2020,2021,2022,2023,2024",basic_db,21,3,normalized_name,needs_review,
KNHANES,high,KNHANES,N_CHO,N_CHO | N_cho | n_cho,N_CHO | N_cho | n_cho,1일 탄수화물섭취량(g) | 탄수화물 섭취량(g) | 탄수화물섭취량(g) | 탄수화물,1998,2024,"1998,2001,2005,2007,2008,2009,2010,2011,2012,2013,2014,2015,2016,2017,2018,2019,2020,2021,2022,2023,2024",basic_db,21,3,normalized_label | normalized_name,needs_review,
KNHANES,high,KNHANES,N_CHOL,N_CHOL | N_chol,N_CHOL | N_chol,콜레스테롤 섭취량(mg) | 콜레스테롤섭취량(mg) | 콜레스테롤섭취량(mg),2013,2024,"2013,2014,2015,2016,2017,2018,2019,2020,2021,2022,2023,2024",basic_db,12,2,normalized_label,needs_review,
KNHANES,high,KNHANES,N_DAY,N_DAY | n_day,N_DAY | n_day,영양조사 요일 | 영양조사를 실시한 요일 | 영양조사를실시한요일 | 영양조사를실시한요일,2007,2024,"2007,2008,2009,2010,2011,2012,2013,2014,2015,2016,2017,2018,2019,2020,2021,2022,2023,2024",basic_db,18,2,normalized_label,needs_review,
KNHANES,high,KNHANES,N_DIET,N_DIET | n_diet,N_DIET | n_diet,식사요법 여부 | 식사요법여부 | 식이요법여부 | 식이요법여부,2001,2024,"2001,2005,2007,2008,2009,2010,2011,2012,2013,2014,2015,2016,2017,2018,2019,2020,2021,2022,2023,2024",basic_db,20,2,normalized_label,needs_review,
KNHANES,high,KNHANES,N_DIET_WHY,N_DIET_WHY,N_DIET_WHY,식사요법 이유 | 식이요법 상세 이유 | 식이요법 상세이유 | 식이요법상세이유,2007,2024,"2007,2008,2009,2010,2011,2012,2013,2014,2015,2016,2017,2018,2019,2020,2021,2022,2023,2024",basic_db,18,1,normalized_label,needs_review,
KNHANES,high,KNHANES,N_DT_DS,N_DT_DS | N_dt_ds | n_dt_ds,N_DT_DS | N_dt_ds | n_dt_ds,식사요법 이유_질환 | 식이요법 이유 질병명 | 식이요법이유_질병명 | 식이요법이유 병명 | 식이요법이유질병명,2001,2024,"2001,2005,2007,2008,2009,2010,2011,2012,2013,2014,2015,2016,2017,2018,2019,2020,2021,2022,2023,2024",basic_db,20,3,normalized_label | normalized_name,needs_review,
KNHANES,high,KNHANES,N_DUSUAL,N_DUSUAL,N_DUSUAL,평소 식사량과 비교 | 평소식사량과 비교 | 평소식사량과비교,2007,2024,"2007,2008,2009,2010,2011,2012,2013,2014,2015,2016,2017,2018,2019,2020,2021,2022,2023,2024",basic_db,18,1,normalized_label,needs_review,
KNHANES,high,KNHANES,N_EN,N_EN | N_en | n_en,N_EN | N_en | n_en,1일 에너지섭취량(g) | 에너지 섭취량(Kcal) | 에너지 섭취량(kcal) | 에너지섭취량(Kcal) | 에너지섭취량(kcal) | 에너지,1998,2024,"1998,2001,2005,2007,2008,2009,2010,2011,2012,2013,2014,2015,2016,2017,2018,2019,2020,2021,2022,2023,2024",basic_db,21,3,normalized_label | normalized_name,needs_review,
KNHANES,high,KNHANES,N_FAT,N_FAT | N_fat | n_fat,N_FAT | N_fat | n_fat,1일 지방섭취량(g) | 지방 섭취량(g) | 지방섭취량(g) | 지방,1998,2024,"1998,2001,2005,2007,2008,2009,2010,2011,2012,2013,2014,2015,2016,2017,2018,2019,2020,2021,2022,2023,2024",basic_db,21,3,normalized_label | normalized_name,needs_review,
KNHANES,high,KNHANES,N_FE,N_FE | N_fe | n_fe,N_FE | N_fe | n_fe,1일 철섭취량(mg) | 철 섭취량(mg) | 철섭취량(mg) | 철,1998,2024,"1998,2001,2005,2007,2008,2009,2010,2011,2012,2013,2014,2015,2016,2017,2018,2019,2020,2021,2022,2023,2024",basic_db,21,3,normalized_label | normalized_name,needs_review,
KNHANES,high,KNHANES,N_FIBER,N_FIBER | N_fiber | n_fiber,N_FIBER | N_fiber | n_fiber,1일 조섬유섭취량(g) | 조섬유섭취량(g) | 섬유소 | 조섬유 | 조섬유,1998,2012,"1998,2001,2005,2007,2008,2009,2010,2011,2012",basic_db,9,3,normalized_name,needs_review,
KNHANES,high,KNHANES,N_INTK,N_INTK,N_INTK,1일 식품섭취량(g) | 식품 섭취량(g) | 식품섭취량(g),2007,2024,"2007,2008,2009,2010,2011,2012,2013,2014,2015,2016,2017,2018,2019,2020,2021,2022,2023,2024",basic_db,18,1,normalized_label,needs_review,
KNHANES,high,KNHANES,N_K,N_K | N_k | n_k,N_K | N_k | n_k,1일 칼륨섭취량(mg) | 칼륨 섭취량(mg) | 칼륨섭취량(mg) | 칼륨,1998,2024,"1998,2001,2005,2007,2008,2009,2010,2011,2012,2013,2014,2015,2016,2017,2018,2019,2020,2021,2022,2023,2024",basic_db,21,3,normalized_label | normalized_name,needs_review,
KNHANES,high,KNHANES,N_NA,N_NA | N_na | n_na,N_NA | N_na | n_na,1일 나트륨섭취량(mg) | 나트륨 섭취량(mg) | 나트륨섭취량(mg) | 나트륨,1998,2024,"1998,2001,2005,2007,2008,2009,2010,2011,2012,2013,2014,2015,2016,2017,2018,2019,2020,2021,2022,2023,2024",basic_db,21,3,normalized_label | normalized_name,needs_review,
KNHANES,high,KNHANES,N_NIAC,N_NIAC | N_niac | n_niac,N_NIAC | N_niac | n_niac,1일 나이아신섭취량(mg) | 나이아신 섭취량(mg) | 나이아신섭취량(mg) | 나이아신,1998,2024,"1998,2001,2005,2007,2008,2009,2010,2011,2012,2013,2014,2015,2016,2017,2018,2019,2020,2021,2022,2023,2024",basic_db,21,3,normalized_label | normalized_name,needs_review,
KNHANES,high,KNHANES,N_PHOS,N_PHOS | N_phos | n_phos,N_PHOS | N_phos | n_phos,1일 인섭취량(mg) | 인 섭취량(mg) | 인섭취량(mg) | 인,1998,2024,"1998,2001,2005,2007,2008,2009,2010,2011,2012,2013,2014,2015,2016,2017,2018,2019,2020,2021,2022,2023,2024",basic_db,21,3,normalized_label | normalized_name,needs_review,
KNHANES,high,KNHANES,N_PRG,N_PRG,N_PRG,임신 및 수유 여부(가임기여성) | 임신 및 수유여부(가임기여성) | 임신수유여부,2010,2021,"2010,2011,2012,2013,2014,2015,2016,2017,2018,2019,2020,2021",basic_db,12,1,normalized_label,needs_review,
KNHANES,high,KNHANES,N_PROT,N_PROT | N_prot | n_prot,N_PROT | N_prot | n_prot,1일 단백질섭취량(g) | 단백질 섭취량(g) | 단백질섭취량(g) | 단백질,1998,2024,"1998,2001,2005,2007,2008,2009,2010,2011,2012,2013,2014,2015,2016,2017,2018,2019,2020,2021,2022,2023,2024",basic_db,21,3,normalized_label | normalized_name,needs_review,
KNHANES,high,KNHANES,N_RETIN,N_RETIN | N_retin | n_retin,N_RETIN | N_retin | n_retin,1일 레티놀섭취량(μg) | 레티놀 섭취량(μg) | 레티놀섭취량(μg) | 레티놀,1998,2024,"1998,2001,2005,2007,2008,2009,2010,2011,2012,2013,2014,2015,2016,2017,2018,2019,2020,2021,2022,2023,2024",basic_db,21,3,normalized_label | normalized_name,needs_review,
KNHANES,high,KNHANES,N_TDF,N_TDF | N_tdf,N_TDF | N_tdf,식이섬유 섭취량(g) | 식이섬유섭취량(g) | 식이섬유섭취량(g),2013,2024,"2013,2014,2015,2016,2017,2018,2019,2020,2021,2022,2023,2024",basic_db,12,2,normalized_label,needs_review,
KNHANES,high,KNHANES,N_VA,HE_VitA | N_VA | N_va | n_va,HE_VitA | N_VA | N_va | n_va,1일 비타민A섭취량(μgRE) | 비타민A(레티놀 당량) 섭취량(μgRE) | 비타민A섭취량(μgRE) | 비타민A,1998,2018,"1998,2001,2005,2007,2008,2009,2010,2011,2012,2013,2014,2015,2016,2017,2018",basic_db,18,4,normalized_label | normalized_name,needs_review,
KNHANES,high,KNHANES,N_VITC,N_VITC | N_vitc | n_vitc,N_VITC | N_vitc | n_vitc,1일 비타민C섭취량(mg) | 비타민C 섭취량(mg) | 비타민C섭취량(mg) | 비타민C,1998,2024,"1998,2001,2005,2007,2008,2009,2010,2011,2012,2013,2014,2015,2016,2017,2018,2019,2020,2021,2022,2023,2024",basic_db,21,3,normalized_label | normalized_name,needs_review,
KNHANES,high,KNHANES,N_WATER,N_WATER | N_water | n_water,N_WATER | N_water | n_water,1일 수분섭취량(g) | 수분 섭취량(g) | 수분섭취량(g) | 수분,1998,2024,"1998,2001,2005,2007,2008,2009,2010,2011,2012,2013,2014,2015,2016,2017,2018,2019,2020,2021,2022,2023,2024",basic_db,21,3,normalized_label | normalized_name,needs_review,
KNHANES,high,KNHANES,N_WAT_C,N_WAT_C | N_wat_c | n_wat_c,N_WAT_C | N_wat_c | n_wat_c,물 섭취량(컵) | 물섭취량(컵) | 물섭취량(컵),2001,2024,"2001,2005,2007,2008,2009,2010,2011,2012,2013,2014,2015,2016,2017,2018,2019,2020,2021,2022,2023,2024",basic_db,20,3,normalized_label,needs_review,
KNHANES,high,KNHANES,OA_KH,DM2_lt | OA_KH,DM2_lt | OA_KH,골관절염 유병여부 | 골관절염유병여부 | 골관절염 유병여부 | 평생 골관절염,2005,2013,"2005,2007,2008,2009,2010,2011,2012,2013",basic_db,12,2,normalized_label,needs_review,
KNHANES,high,KNHANES,OR1,OR1,OR1,(만6세이상) 본인인지 구강건강상태 | (만6세이상)본인인지 구강건강상태 | 본인인지 구강건강상태,2007,2024,"2007,2008,2009,2010,2011,2012,2013,2014,2015,2019,2020,2021,2022,2023,2024",basic_db,15,1,normalized_label,needs_review,
KNHANES,medium,KNHANES,OR1_1,OR1_1,OR1_1,(만6세이상) 치과진료 필요여부 | (만6세이상)치과진료 필요여부,2007,2009,"2007,2008,2009",basic_db,3,1,normalized_label,needs_review,
KNHANES,high,KNHANES,OR1_2,OR1_2,OR1_2,1년간 구강검진 여부 | 지난 2주동안 구강검진 여부 | 최근 1년간 구강검진 여부 | 최근1년간 구강검진 여부,2007,2024,"2007,2008,2009,2010,2011,2012,2013,2014,2015,2016,2017,2018,2019,2020,2021,2022,2023,2024",basic_db,18,1,normalized_label,needs_review,
KNHANES,high,KNHANES,O_DFID,O_DFID,O_DFID,유치 우식경험여부 | 유치우식 경험여부 | 유치우식경험 여부,2007,2019,"2007,2008,2009,2010,2011,2012,2013,2014,2015,2019",basic_db,10,1,normalized_label,needs_review,
KNHANES,medium,KNHANES,O_DFTD,O_DFTD,O_DFTD,우식경험 유치수 | 우식경험유치 수,2007,2019,"2007,2008,2009,2010,2011,2012,2013,2014,2015,2019",basic_db,10,1,normalized_label,needs_review,
KNHANES,high,KNHANES,O_DID,O_DID,O_DID,유치 우식유병여부 | 유치우식 유병여부 | 유치우식유병 여부,2007,2019,"2007,2008,2009,2010,2011,2012,2013,2014,2015,2019",basic_db,10,1,normalized_label,needs_review,
KNHANES,high,KNHANES,O_DIP,O_DIP,O_DIP,영구치 우식유병여부 | 영구치우식 유병여부 | 영구치우식유병 여부,2007,2019,"2007,2008,2009,2010,2011,2012,2013,2014,2015,2019",basic_db,10,1,normalized_label,needs_review,
KNHANES,high,KNHANES,O_DMFIP,O_DMFIP,O_DMFIP,영구치 우식경험여부 | 영구치우식 경험여부 | 영구치우식경험 여부,2007,2019,"2007,2008,2009,2010,2011,2012,2013,2014,2015,2019",basic_db,10,1,normalized_label,needs_review,
KNHANES,medium,KNHANES,O_DMFTP,O_DMFTP,O_DMFTP,우식경험 영구치수 | 우식경험영구치 수,2007,2019,"2007,2008,2009,2010,2011,2012,2013,2014,2015,2019",basic_db,10,1,normalized_label,needs_review,
KNHANES,medium,KNHANES,O_DTD,O_DTD,O_DTD,우식유치 수 | 우식유치수,2007,2019,"2007,2008,2009,2010,2011,2012,2013,2014,2015,2019",basic_db,10,1,normalized_label,needs_review,
KNHANES,medium,KNHANES,O_DTP,O_DTP,O_DTP,우식영구치 수 | 우식영구치수,2007,2019,"2007,2008,2009,2010,2011,2012,2013,2014,2015,2019",basic_db,10,1,normalized_label,needs_review,
KNHANES,high,KNHANES,O_chew_d,O_chew_d,O_chew_d,저작불편 호소 여부 | 저작불편 호소 여부(19세이상) | 저작불편 호소여부,2010,2024,"2010,2011,2012,2013,2014,2015,2016,2017,2018,2019,2020,2021,2022,2023,2024",basic_db,15,1,normalized_label,needs_review,
KNHANES,medium,KNHANES,O_ortho,O_ortho,O_ortho,교정치료 경험 유무 | 교정치료 경험유무,2010,2024,"2010,2011,2012,2013,2014,2015,2019,2020,2021,2022,2023,2024",basic_db,12,1,normalized_label,needs_review,
KNHANES,high,KNHANES,O_pain,O_pain,O_pain,최근 1년간 치통 경험여부 | 최근 1년간 치통 경험유무 | 최근1년간 치통 경험유무 | 최근1년간 치통증상 경험유무,2010,2024,"2010,2011,2012,2013,2014,2015,2019,2020,2021,2022,2023,2024",basic_db,12,1,normalized_label,needs_review,
KNHANES,high,KNHANES,T_EX,T_EX | T_ex,T_EX | T_ex,이비인후검사 설문 및 검진 여부 | 이비인후검사 설문 및 검진 참여 | 이비인후검사 설문 및 검진여부 | 이비인후검사 설문 및 검진 참여,2013,2023,"2013,2014,2015,2016,2017,2018,2019,2020,2021,2022,2023",basic_db,11,2,normalized_label,needs_review,
KNHANES,high,KNHANES,T_HR1000_LT,T_HR1000_LT,T_HR1000_LT,1000Hz_좌측 | 좌측 귀: 1000Hz(1KHz) | 좌측 귀_1000Hz(1KHz),2013,2023,"2013,2019,2020,2021,2022,2023",basic_db,6,1,normalized_label,needs_review,
KNHANES,high,KNHANES,T_HR1000_RT,T_HR1000_RT,T_HR1000_RT,1000Hz_우측 | 우측 귀: 1000Hz(1KHz) | 우측 귀_1000Hz(1KHz),2013,2023,"2013,2019,2020,2021,2022,2023",basic_db,6,1,normalized_label,needs_review,
KNHANES,medium,KNHANES,T_HR1000_pass,T_HR1000_pass,T_HR1000_pass,청력부스 최대허용 소음기준: 1000Hz(1KHz) | 청력부스 최대허용 소음기준_1000Hz(1KHz),2019,2023,"2019,2020,2021,2022,2023",basic_db,5,1,normalized_label,needs_review,
KNHANES,high,KNHANES,T_HR2000_LT,T_HR2000_LT,T_HR2000_LT,2000Hz_좌측 | 좌측 귀: 2000Hz(2KHz) | 좌측 귀_2000Hz(2KHz),2013,2023,"2013,2019,2020,2021,2022,2023",basic_db,6,1,normalized_label,needs_review,
KNHANES,high,KNHANES,T_HR2000_RT,T_HR2000_RT,T_HR2000_RT,2000Hz_우측 | 우측 귀: 2000Hz(2KHz) | 우측 귀_2000Hz(2KHz),2013,2023,"2013,2019,2020,2021,2022,2023",basic_db,6,1,normalized_label,needs_review,
KNHANES,medium,KNHANES,T_HR2000_pass,T_HR2000_pass,T_HR2000_pass,청력부스 최대허용 소음기준: 2000Hz(2KHz) | 청력부스 최대허용 소음기준_2000Hz(2KHz),2019,2023,"2019,2020,2021,2022,2023",basic_db,5,1,normalized_label,needs_review,
KNHANES,high,KNHANES,T_HR4000_LT,T_HR4000_LT,T_HR4000_LT,4000Hz_좌측 | 좌측 귀: 4000Hz(4KHz) | 좌측 귀_4000Hz(4KHz),2013,2023,"2013,2019,2020,2021,2022,2023",basic_db,6,1,normalized_label,needs_review,
KNHANES,high,KNHANES,T_HR4000_RT,T_HR4000_RT,T_HR4000_RT,4000Hz_우측 | 우측 귀: 4000Hz(4KHz) | 우측 귀_4000Hz(4KHz),2013,2023,"2013,2019,2020,2021,2022,2023",basic_db,6,1,normalized_label,needs_review,
KNHANES,high,KNHANES,T_HR500_LT,T_HR500_LT,T_HR500_LT,500Hz_좌측 | 좌측 귀: 500Hz(0.5KHz) | 좌측 귀_500Hz(0.5KHz),2013,2023,"2013,2019,2020,2021,2022,2023",basic_db,6,1,normalized_label,needs_review,
KNHANES,high,KNHANES,T_HR500_RT,T_HR500_RT,T_HR500_RT,500Hz_우측 | 우측 귀: 500Hz(0.5KHz) | 우측 귀_500Hz(0.5KHz),2013,2023,"2013,2019,2020,2021,2022,2023",basic_db,6,1,normalized_label,needs_review,
KNHANES,medium,KNHANES,T_HR500_pass,T_HR500_pass,T_HR500_pass,청력부스 최대허용 소음기준: 500Hz(0.5KHz) | 청력부스 최대허용 소음기준_500Hz(0.5KHz),2019,2023,"2019,2020,2021,2022,2023",basic_db,5,1,normalized_label,needs_review,
KNHANES,medium,KNHANES,T_HR8000_LT,T_HR8000_LT,T_HR8000_LT,좌측 귀: 8000Hz(8KHz) | 좌측 귀_8000Hz(8KHz),2019,2023,"2019,2020,2021,2022,2023",basic_db,5,1,normalized_label,needs_review,
KNHANES,medium,KNHANES,T_HR8000_RT,T_HR8000_RT,T_HR8000_RT,우측 귀: 8000Hz(8KHz) | 우측 귀_8000Hz(8KHz),2019,2023,"2019,2020,2021,2022,2023",basic_db,5,1,normalized_label,needs_review,
KNHANES,high,KNHANES,T_IM_EX_L,T_IM_EX_L | T_IM_EX_R,T_IM_EX_L | T_IM_EX_R,임피던스검사 여부(우측) | 임피던스검사 여부(우측) | 임피던스검사 여부(좌측),2019,2023,"2019,2020,2021,2022,2023",basic_db,10,2,normalized_label,needs_review,
KNHANES,high,KNHANES,T_IM_EX_L_1,T_IM_EX_L_1 | T_IM_EX_R_1,T_IM_EX_L_1 | T_IM_EX_R_1,임피던스검사 미검진 사유(우측) | 임피던스검사 미검진 사유(우측) | 임피던스검사 미검진 사유(좌측),2019,2023,"2019,2020,2021,2022,2023",basic_db,10,2,normalized_label,needs_review,
KNHANES,high,KNHANES,T_NQ_FIR_P,T_NQ_FIR_P | T_NQ_OCP_P,T_NQ_FIR_P | T_NQ_OCP_P,설문4-2:청력보호장비 착용여부 | 설문5-2:청력보호장비 착용여부 | 청력보호장비 착용여부 | 설문6-1:청력보호장비 착용여부 | 설문7-1:청력보호장비 착용여부 | 설문7:-1:청력보호장비 착용여부 | 청력보호장비 착용여부,2013,2018,"2013,2014,2015,2016,2017,2018",basic_db,12,2,normalized_label,needs_review,
KNHANES,high,KNHANES,T_NQ_PH,T_NQ_PH | T_NQ_PH2,T_NQ_PH | T_NQ_PH2,설문3:이어폰사용 | 설문4:이어폰사용 | 시끄러운 장소에서 이어폰 사용경험 | 시끄러운 장소에서 이어폰 사용경험 | 이어폰 사용여부,2013,2023,"2013,2014,2015,2016,2017,2018,2022,2023",basic_db,8,2,normalized_label,needs_review,
KNHANES,high,KNHANES,T_NQ_PH_T,T_NQ_PH2_T | T_NQ_PH_T,T_NQ_PH2_T | T_NQ_PH_T,설문3-1:이어폰 사용시간(분) | 설문4-1:이어폰 사용시간(분) | 이어폰 사용시간 | 이어폰 사용시간 | 이어폰 평균 사용시간(분),2013,2023,"2013,2014,2015,2016,2017,2018,2022,2023",basic_db,8,2,normalized_label,needs_review,
KNHANES,medium,KNHANES,T_Q_CR,T_Q_CR,T_Q_CR,비염증상 경험 | 비염증상경험,2019,2023,"2019,2020,2021,2022,2023",basic_db,5,1,normalized_label,needs_review,
KNHANES,medium,KNHANES,T_Q_DZ3,T_Q_DZ3,T_Q_DZ3,어지럼증이나 균형감 이상 2 차례 이상 반복 경험 | 어지럼증이나 균형감 이상 2차례 이상 반복 경험,2019,2023,"2019,2020,2021,2022,2023",basic_db,5,1,normalized_label,needs_review,
KNHANES,medium,KNHANES,Y_BTH_HT,Y_BTH_HT | Y_bth_ht,Y_BTH_HT | Y_bth_ht,출생시 신장,2001,2009,"2001,2005,2007,2008,2009",basic_db,5,2,normalized_label,needs_review,
KNHANES,high,KNHANES,Y_BTH_WT,Y_BTH_WT | Y_bth_wt,Y_BTH_WT | Y_bth_wt,출생 시 체중 | 출생시 체중 | 출생시 체중,1998,2024,"1998,2001,2005,2007,2008,2009,2010,2011,2012,2013,2014,2015,2016,2017,2018,2019,2020,2021,2022,2023,2024",basic_db,21,2,normalized_label,needs_review,
KNHANES,medium,KNHANES,Y_DLV_DT,Y_DLV_DT | Y_dlv_dt,Y_DLV_DT | Y_dlv_dt,예정일과 출산일 차이(조산여부) | 출산일과 예정일 차이,2001,2009,"2001,2005,2007,2008,2009",basic_db,5,2,normalized_name,needs_review,
KNHANES,medium,KNHANES,Y_DLV_MT,Y_DLV_MT | Y_dlv_mt,Y_DLV_MT | Y_dlv_mt,분만방법,2005,2009,"2005,2007,2008,2009",basic_db,4,2,normalized_label,needs_review,
KNHANES,high,KNHANES,Y_FM_D1,Y_FM_D1,Y_FM_D1,조제분유 수유 기간 1차 | 조제분유 수유기간 1차 | 조제분유수유기간1차,2007,2024,"2007,2008,2009,2010,2011,2012,2013,2014,2015,2016,2017,2018,2019,2020,2021,2022,2023,2024",basic_db,18,1,normalized_label,needs_review,
KNHANES,high,KNHANES,Y_FM_D2,Y_FM_D2,Y_FM_D2,조제분유 수유 기간 2차 | 조제분유 수유기간 2차 | 조제분유수유기간2차,2008,2024,"2008,2009,2010,2011,2012,2013,2014,2015,2016,2017,2018,2019,2020,2021,2022,2023,2024",basic_db,17,1,normalized_label,needs_review,
KNHANES,high,KNHANES,Y_FM_RS,Y_FM_RS | Y_fm_rs,Y_FM_RS | Y_fm_rs,모유수유하지않은이유 | 조제분유시작이유 | 조제분유 시작이유,2001,2009,"2001,2005,2007,2008,2009",basic_db,5,2,normalized_label,needs_review,
KNHANES,high,KNHANES,Y_FM_S1,Y_FM_S1,Y_FM_S1,조제분유 수유 시작시기 1차 | 조제분유 시작시기 1차 | 조제분유시작시기1차,2007,2024,"2007,2008,2009,2010,2011,2012,2013,2014,2015,2016,2017,2018,2019,2020,2021,2022,2023,2024",basic_db,18,1,normalized_label,needs_review,
KNHANES,high,KNHANES,Y_FM_S2,Y_FM_S2,Y_FM_S2,조제분유 수유 시작시기 2차 | 조제분유 시작시기 2차 | 조제분유시작시기2차,2008,2024,"2008,2009,2010,2011,2012,2013,2014,2015,2016,2017,2018,2019,2020,2021,2022,2023,2024",basic_db,17,1,normalized_label,needs_review,
KNHANES,high,KNHANES,Y_FM_YN,Y_FM_YN | Y_fm_yn,Y_FM_YN | Y_fm_yn,조제분유 수유 여부 | 조제분유 수유여부 | 조제분유수유여부 | 조제분유 수유여부 | 조제분유수유여부,2001,2024,"2001,2005,2007,2008,2009,2010,2011,2012,2013,2014,2015,2016,2017,2018,2019,2020,2021,2022,2023,2024",basic_db,20,2,normalized_label,needs_review,
KNHANES,high,KNHANES,Y_MLK_ST,Y_MLK_ST | Y_mlk_st,Y_MLK_ST | Y_mlk_st,시판우유 전환시기 | 일반우유 시작시기 | 일반우유(생우유) 시작시기 | 일반우유(생우유) 시작시기(개월),1998,2024,"1998,2001,2005,2007,2008,2009,2010,2011,2012,2013,2014,2015,2016,2017,2018,2019,2020,2021,2022,2023,2024",basic_db,21,2,normalized_name,needs_review,
KNHANES,high,KNHANES,Y_MTM_D1,Y_MTM_D1,Y_MTM_D1,모유 수유 기간 1차 | 모유 수유기간 1차 | 모유수유기간1차,2007,2024,"2007,2008,2009,2010,2011,2012,2013,2014,2015,2016,2017,2018,2019,2020,2021,2022,2023,2024",basic_db,18,1,normalized_label,needs_review,
KNHANES,high,KNHANES,Y_MTM_D2,Y_MTM_D2,Y_MTM_D2,모유 수유 기간 2차 | 모유 수유기간 2차 | 모유수유기간2차,2008,2024,"2008,2009,2010,2011,2012,2013,2014,2015,2016,2017,2018,2019,2020,2021,2022,2023,2024",basic_db,17,1,normalized_label,needs_review,
KNHANES,high,KNHANES,Y_MTM_S1,Y_MTM_S1,Y_MTM_S1,모유 수유 시작시기 1차 | 모유 시작시기 1차 | 모유시작시기1차,2007,2024,"2007,2008,2009,2010,2011,2012,2013,2014,2015,2016,2017,2018,2019,2020,2021,2022,2023,2024",basic_db,18,1,normalized_label,needs_review,
KNHANES,high,KNHANES,Y_MTM_S2,Y_MTM_S2,Y_MTM_S2,모유 수유 시작시기 2차 | 모유 시작시기 2차 | 모유시작시기2차,2008,2024,"2008,2009,2010,2011,2012,2013,2014,2015,2016,2017,2018,2019,2020,2021,2022,2023,2024",basic_db,17,1,normalized_label,needs_review,
KNHANES,medium,KNHANES,Y_WN_MT,Y_WN_MT | Y_wn_mt,Y_WN_MT | Y_wn_mt,이유보충식 먹인 방법 | 이유보충식 먹인방법,2001,2009,"2001,2005,2007,2008,2009",basic_db,5,2,normalized_label,needs_review,
KNHANES,high,KNHANES,Y_WN_ST,Y_WN_ST | Y_wn_st,Y_WN_ST | Y_wn_st,이유보충식 시작시기 | 이유보충식 시작시기 | 이유보충식 시작시기(개월),1998,2024,"1998,2001,2005,2007,2008,2009,2010,2011,2012,2013,2014,2015,2016,2017,2018,2019,2020,2021,2022,2023,2024",basic_db,21,2,normalized_label,needs_review,
KNHANES,high,KNHANES,Y_fd_dr,Y_fd_dr | Y_mtm_dr,Y_fd_dr | Y_mtm_dr,모유만 수유기간 | 총모유수유기간 | 총모유수유기간(주) | 총모유 수유기간,1998,2005,"1998,2001,2005",basic_db,4,2,normalized_label,needs_review,
KNHANES,medium,KNHANES,Y_fm_st,Y_fm_st,Y_fm_st,조제분유 시작시기 | 조제분유시작시기,2001,2005,"2001,2005",basic_db,2,1,normalized_label,needs_review,
KNHANES,high,KNHANES,Y_nt_yn,HS_spmnt | Y_SUP_YN | Y_nt_yn,HS_spmnt | Y_SUP_YN | Y_nt_yn,만12개월 이전 영양제 복용 여부 | 영양제 복용 여부 | 영양제 복용여부 | 영양제 복용여부 | 영양제 복용여부 | 영양제복용,1998,2024,"1998,2001,2005,2007,2008,2009,2010,2011,2012,2013,2014,2015,2016,2017,2018,2019,2020,2021,2022,2023,2024",basic_db,23,3,normalized_label,needs_review,
KNHANES,high,KNHANES,ainc,ainc | ho_ainc,ainc | ho_ainc,월평균 가구소득 | 월평균 가구소득 | 월평균 가구소득 -개인에게 부여 | 월평균 가구총소득,1998,2024,"1998,2001,2005,2007,2008,2009,2010,2011,2012,2013,2014,2015,2016,2017,2018,2019,2020,2021,2022,2023,2024",basic_db,22,2,normalized_label,needs_review,
KNHANES,high,KNHANES,ainc_1,ainc_1,ainc_1,가구총소득(개방형) : 소득액 | 가구총소득(개방형): 소득액 | 가구총소득(개방형):소득액 | 가구총소득_개방형_소득액,2007,2024,"2007,2008,2009,2010,2011,2012,2013,2014,2015,2016,2017,2018,2019,2020,2021,2022,2023,2024",basic_db,18,1,normalized_label,needs_review,
KNHANES,medium,KNHANES,ainc_2,ainc_2,ainc_2,가구총소득(선택형) : 소득코드 | 가구총소득_선택형_소득코드,2007,2009,"2007,2008,2009",basic_db,3,1,normalized_label,needs_review,
KNHANES,high,KNHANES,ainc_unit1,ainc_unit1,ainc_unit1,가구총소득(개방형) : 소득단위 | 가구총소득(개방형): 소득단위 | 가구총소득_개방형_소득단위,2007,2024,"2007,2008,2009,2010,2011,2012,2013,2014,2015,2016,2017,2018,2019,2020,2021,2022,2023,2024",basic_db,18,1,normalized_label,needs_review,
KNHANES,medium,KNHANES,ainc_unit2,ainc_unit2,ainc_unit2,가구총소득(선택형) : 소득단위 | 가구총소득_선택형_소득단위,2007,2009,"2007,2008,2009",basic_db,3,1,normalized_label,needs_review,
KNHANES,high,KNHANES,edu,CH2_1 | edu | educ | educ_o,CH2_1 | edu | educ | educ_o,(19세미만) 교육수준 | (소아) 교육수준 - 학력 | (소아) 교육수준: 학력 | (소아)교육수준-하력 | 교육수준: 학력 | 교육수준 | 교육수준 | 교육수준 - 학력 | 교육수준(재분류) | 교육수준-학력 | 교육수준: 학력 | 교육수준 재분류 코드 | 교육수준(재분류),1998,2024,"1998,2001,2005,2007,2008,2009,2010,2011,2012,2013,2014,2015,2016,2017,2018,2019,2020,2021,2022,2023,2024",basic_db,61,4,normalized_label,needs_review,
KNHANES,medium,KNHANES,genertn,genertn,genertn,가구 세대구성코드 | 가구세대구성코드,2007,2024,"2007,2008,2009,2010,2011,2012,2013,2014,2015,2016,2017,2018,2019,2020,2021,2022,2023,2024",basic_db,18,1,normalized_label,needs_review,
KNHANES,high,KNHANES,graduat,graduat,graduat,교육수준 - 졸업여부 | 교육수준-졸업여부 | 교육수준: 졸업여부 | 졸업여부,2005,2024,"2005,2007,2008,2009,2010,2011,2012,2013,2014,2015,2016,2017,2018,2019,2020,2021,2022,2023,2024",basic_db,19,1,normalized_label,needs_review,
KNHANES,high,KNHANES,ho_incm,ho_incm,ho_incm,소득 사분위수(가구) | 소득4분위수(가구) | 소득사분위수(가구),1998,2024,"1998,2001,2005,2007,2008,2009,2010,2011,2012,2013,2014,2015,2016,2017,2018,2019,2020,2021,2022,2023,2024",basic_db,21,1,normalized_label,needs_review,
KNHANES,medium,KNHANES,house_long,house_long,house_long,현 거주지 10년이상 거주여부 | 현거주지 10년 이상 거주 여부,2007,2009,"2007,2008,2009",basic_db,3,1,normalized_label,needs_review,
KNHANES,high,KNHANES,ij_expr,ij_expr,ij_expr,(성인) 연간손상 경험률 | 연간손상 경험률 | 연간손상경험률,2016,2024,"2016,2017,2018,2019,2020,2021,2022,2023,2024",basic_db,9,1,normalized_label,needs_review,
KNHANES,high,KNHANES,incm,incm,incm,소득 사분위수(개인) | 소득4분위수(개인) | 소득사분위수(개인),1998,2024,"1998,2001,2005,2007,2008,2009,2010,2011,2012,2013,2014,2015,2016,2017,2018,2019,2020,2021,2022,2023,2024",basic_db,21,1,normalized_label,needs_review,
KNHANES,high,KNHANES,job_stt,EC_stt_1 | job_stt,EC_stt_1 | job_stt,(취업자) 종사상지위 | (취업자)종사상지위 | 종사상지위 | 경제활동(지위) | 종사상 지위,1998,2024,"1998,2001,2005,2007,2008,2009,2010,2011,2012,2013,2014,2015,2016,2017,2018,2019,2020,2021,2022,2023,2024",basic_db,21,2,normalized_label,needs_review,
KNHANES,high,KNHANES,kstrata,kstrata,kstrata,분산추정 층 | 분산추정층 | 분산추정층 통합,1998,2024,"1998,2001,2005,2007,2008,2009,2010,2011,2012,2013,2014,2015,2016,2017,2018,2019,2020,2021,2022,2023,2024",basic_db,21,1,normalized_label,needs_review,
KNHANES,medium,KNHANES,marri,marri | marri_2,marri | marri_2,결혼상태,1998,2024,"1998,2001,2005,2007,2008,2009,2010,2011,2012,2013,2014,2015,2016,2017,2018,2019,2020,2021,2022,2023,2024",basic_db,21,2,normalized_label,needs_review,
KNHANES,medium,KNHANES,mh_PHQ_S,mh_PHQ_S,mh_PHQ_S,PHQ-9 점수 | PHQ-9점수,2014,2024,"2014,2016,2018,2020,2022,2024",basic_db,6,1,normalized_label,needs_review,
KNHANES,high,KNHANES,mh_stress,mh_stress,mh_stress,스트레스 인지율 | 스트레스인지여부 | 스트레스인지율,2007,2024,"2007,2008,2009,2010,2011,2012,2013,2014,2015,2016,2017,2018,2019,2020,2021,2022,2023,2024",basic_db,18,1,normalized_label,needs_review,
KNHANES,high,KNHANES,npins,npins,npins,가구 민간의료보험 개수-개인에게 부여 | 민간의료보험 가입 여부 | 민간의료보험가입여부,2005,2024,"2005,2007,2008,2009,2010,2011,2012,2013,2014,2015,2016,2017,2018,2019,2020,2021,2022,2023,2024",basic_db,19,1,normalized_label,needs_review,
KNHANES,high,KNHANES,pa_aerobic,pa_aerobic,pa_aerobic,유산소 신체활동 실천율 | 유산소신체활동실천여부 | 유산소신체활동실천율,2014,2024,"2014,2015,2016,2017,2018,2019,2020,2021,2022,2023,2024",basic_db,11,1,normalized_label,needs_review,
KNHANES,high,KNHANES,psu,psu,psu,조사구 | 조사구 번호 | 조사구번호,1998,2024,"1998,2001,2005,2007,2008,2009,2010,2011,2012,2013,2014,2015,2016,2017,2018,2019,2020,2021,2022,2023,2024",basic_db,21,1,normalized_label,needs_review,
KNHANES,high,KNHANES,region,region,region,15개시도 | 16개 시도 | 16개시도 | 시도,1998,2024,"1998,2001,2005,2007,2008,2009,2010,2011,2012,2013,2014,2015,2016,2017,2018,2019,2020,2021,2022,2023,2024",basic_db,21,1,normalized_label,needs_review,
KNHANES,medium,KNHANES,svy_H,svy_H | svy_h,svy_H | svy_h,조사표 구분-가구 | 조사표번호,1998,2001,"1998,2001",basic_db,2,2,normalized_name,needs_review,
KNHANES,high,KNHANES,tins,tins | tins_o,tins | tins_o,건강보험종류 | 의료보장종류 | 의료보장종류(재분류) | 의료보장종류,1998,2024,"1998,2001,2005,2007,2008,2009,2010,2011,2012,2013,2014,2015,2016,2017,2018,2019,2020,2021,2022,2023,2024",basic_db,22,2,normalized_label,needs_review,
KNHANES,high,KNHANES,town_t,town_t,town_t,"동/읍면 구분 | 동읍면 | 동읍면 구분 | 동읍면(1=동,2=읍면)",1998,2024,"1998,2001,2005,2007,2008,2009,2010,2011,2012,2013,2014,2015,2016,2017,2018,2019,2020,2021,2022,2023,2024",basic_db,21,1,normalized_label,needs_review,
KNHANES,high,KNHANES,wt_ex,wt_ex,wt_ex,검진 가중치 | 검진가중치 | 검진조사가중치,1998,2009,"1998,2001,2005,2007,2008,2009",basic_db,6,1,normalized_label,needs_review,
KNHANES,medium,KNHANES,wt_exnt,wt_exnt,wt_exnt,연관성가중치: 검진&영양 | 연관성가중치:검진&영양,2005,2007,"2005,2007",basic_db,2,1,normalized_label,needs_review,
KNHANES,high,KNHANES,wt_hs,wt_hs,wt_hs,가구 가중치 | 가구가중치 | 가구조사 가중치 | 건강설문조사 조사구의 가구가중치,2005,2024,"2005,2007,2008,2009,2010,2011,2012,2013,2014,2015,2016,2017,2018,2019,2020,2021,2022,2023,2024",basic_db,19,1,normalized_label,needs_review,
KNHANES,high,KNHANES,wt_itvex,wt_itvex,wt_itvex,"건강설문,검진 가중치 | 건강설문,검진가중치 | 건강설문,검진조사 가중치 | 건강설문/검진조사 가중치 | 설문,검진 가중치 | 설문,검진가중치 | 설문,검진조사 가중치 | 연관성가중치: 건강설문&검진",2007,2024,"2007,2008,2009,2010,2011,2012,2013,2014,2015,2016,2017,2018,2019,2020,2021,2022,2023,2024",basic_db,18,1,normalized_label,needs_review,
KNHANES,high,KNHANES,wt_ntr,wt_ntr,wt_ntr,영양 가중치 | 영양가중치 | 영양조사 가중치,2007,2024,"2007,2008,2009,2010,2011,2012,2013,2014,2015,2016,2017,2018,2019,2020,2021,2022,2023,2024",basic_db,18,1,normalized_label,needs_review,
KNHANES,high,KNHANES,wt_pfnt,wt_pfnt,wt_pfnt,"연관성가중치: 폐기능&영양 | 폐기능,영양 가중치 | 폐기능,영양가중치 | 폐기능,영양조사 가중치 | 폐기능검사 & 영양조사 가중치",2007,2024,"2007,2008,2009,2010,2011,2012,2013,2014,2015,2016,2017,2018,2019,2024",basic_db,14,1,normalized_label,needs_review,
KNHANES,high,KNHANES,wt_pft,wt_pft,wt_pft,폐기능 가중치 | 폐기능가중치 | 폐기능가중치(40세이상) | 폐기능검사 가중치 | 폐기능조사 가중치 | 폐기능조사 가중치 (19세이상),2007,2024,"2007,2008,2009,2010,2011,2012,2013,2014,2015,2016,2017,2018,2019,2024",basic_db,14,1,normalized_label,needs_review,
KNHANES,high,KNHANES,wt_tot,wt_tot,wt_tot,"건강설문,검진,영양조사 가중치 | 건강설문/검진조사 & 영양조사 가중치 | 설문,검진,영양 가중치 | 설문,검진,영양가중치 | 설문,검진,영양조사 가중치 | 연관성가중치: 건강설문&검진&영양 | 연관성가중치: 건강설문,검진&영양 | 연관성가중치:보건의식행태&영양&검진",2005,2024,"2005,2007,2008,2009,2010,2011,2012,2013,2014,2015,2016,2017,2018,2019,2020,2021,2022,2023,2024",basic_db,19,1,normalized_label,needs_review,
